rodada_dia;valido_para_dia;valido_para;valido_para_hora;previsao_mw;cd_subsistema;mnemonico_subsistema;nome_subsistema;tipo_fonte_energia;origem
2026-09-25;2026-09-25;2026-09-25 00:00:00;00:00:00;0,0;4;N;Norte;CGH;DESSEM
2026-09-25;2026-09-25;2026-09-25 00:30:00;00:30:00;0,0;4;N;Norte;CGH;DESSEM
2026-09-25;2026-09-25;2026-09-25 01:00:00;01:00:00;0,0;4;N;Norte;CGH;DESSEM
2026-09-25;2026-09-25;2026-09-25 01:30:00;01:30:00;0,0;4;N;Norte;CGH;DESSEM
2026-09-25;2026-09-25;2026-09-25 02:00:00;02:00:00;0,0;4;N;Norte;CGH;DESSEM
2026-09-25;2026-09-25;2026-09-25 02:30:00;02:30:00;0,0;4;N;Norte;CGH;DESSEM
2026-09-25;2026-09-25;2026-09-25 03:00:00;03:00:00;0,0;4;N;Norte;CGH;DESSEM
2026-09-25;2026-09-25;2026-09-25 03:30:00;03:30:00;0,0;4;N;Norte;CGH;DESSEM
2026-09-25;2026-09-25;2026-09-25 04:00:00;04:00:00;0,0;4;N;Norte;CGH;DESSEM
2026-09-25;2026-09-25;2026-09-25 04:30:00;04:30:00;0,0;4;N;Norte;CGH;DESSEM
2026-09-25;2026-09-25;2026-09-25 05:00:00;05:00:00;0,0;4;N;Norte;CGH;DESSEM
2026-09-25;2026-09-25;2026-09-25 05:30:00;05:30:00;0,0;4;N;Norte;CGH;DESSEM
2026-09-25;2026-09-25;2026-09-25 06:00:00;06:00:00;0,0;4;N;Norte;CGH;DESSEM
2026-09-25;2026-09-25;2026-09-25 06:30:00;06:30:00;0,0;4;N;Norte;CGH;DESSEM
2026-09-25;2026-09-25;2026-09-25 07:00:00;07:00:00;0,0;4;N;Norte;CGH;DESSEM
2026-09-25;2026-09-25;2026-09-25 07:30:00;07:30:00;0,0;4;N;Norte;CGH;DESSEM
2026-09-25;2026-09-25;2026-09-25 08:00:00;08:00:00;0,0;4;N;Norte;CGH;DESSEM
2026-09-25;2026-09-25;2026-09-25 08:30:00;08:30:00;0,0;4;N;Norte;CGH;DESSEM
2026-09-25;2026-09-25;2026-09-25 09:00:00;09:00:00;0,0;4;N;Norte;CGH;DESSEM
2026-09-25;2026-09-25;2026-09-25 09:30:00;09:30:00;0,0;4;N;Norte;CGH;DESSEM
2026-09-25;2026-09-25;2026-09-25 10:00:00;10:00:00;0,0;4;N;Norte;CGH;DESSEM
2026-09-25;2026-09-25;2026-09-25 10:30:00;10:30:00;0,0;4;N;Norte;CGH;DESSEM
2026-09-25;2026-09-25;2026-09-25 11:00:00;11:00:00;0,0;4;N;Norte;CGH;DESSEM
2026-09-25;2026-09-25;2026-09-25 11:30:00;11:30:00;0,0;4;N;Norte;CGH;DESSEM
2026-09-25;2026-09-25;2026-09-25 12:00:00;12:00:00;0,0;4;N;Norte;CGH;DESSEM
2026-09-25;2026-09-25;2026-09-25 12:30:00;12:30:00;0,0;4;N;Norte;CGH;DESSEM
2026-09-25;2026-09-25;2026-09-25 13:00:00;13:00:00;0,0;4;N;Norte;CGH;DESSEM
2026-09-25;2026-09-25;2026-09-25 13:30:00;13:30:00;0,0;4;N;Norte;CGH;DESSEM
2026-09-25;2026-09-25;2026-09-25 14:00:00;14:00:00;0,0;4;N;Norte;CGH;DESSEM
2026-09-25;2026-09-25;2026-09-25 14:30:00;14:30:00;0,0;4;N;Norte;CGH;DESSEM
2026-09-25;2026-09-25;2026-09-25 15:00:00;15:00:00;0,0;4;N;Norte;CGH;DESSEM
2026-09-25;2026-09-25;2026-09-25 15:30:00;15:30:00;0,0;4;N;Norte;CGH;DESSEM
2026-09-25;2026-09-25;2026-09-25 16:00:00;16:00:00;0,0;4;N;Norte;CGH;DESSEM
2026-09-25;2026-09-25;2026-09-25 16:30:00;16:30:00;0,0;4;N;Norte;CGH;DESSEM
2026-09-25;2026-09-25;2026-09-25 17:00:00;17:00:00;0,0;4;N;Norte;CGH;DESSEM
2026-09-25;2026-09-25;2026-09-25 17:30:00;17:30:00;0,0;4;N;Norte;CGH;DESSEM
2026-09-25;2026-09-25;2026-09-25 18:00:00;18:00:00;0,0;4;N;Norte;CGH;DESSEM
2026-09-25;2026-09-25;2026-09-25 18:30:00;18:30:00;0,0;4;N;Norte;CGH;DESSEM
2026-09-25;2026-09-25;2026-09-25 19:00:00;19:00:00;0,0;4;N;Norte;CGH;DESSEM
2026-09-25;2026-09-25;2026-09-25 19:30:00;19:30:00;0,0;4;N;Norte;CGH;DESSEM
2026-09-25;2026-09-25;2026-09-25 20:00:00;20:00:00;0,0;4;N;Norte;CGH;DESSEM
2026-09-25;2026-09-25;2026-09-25 20:30:00;20:30:00;0,0;4;N;Norte;CGH;DESSEM
2026-09-25;2026-09-25;2026-09-25 21:00:00;21:00:00;0,0;4;N;Norte;CGH;DESSEM
2026-09-25;2026-09-25;2026-09-25 21:30:00;21:30:00;0,0;4;N;Norte;CGH;DESSEM
2026-09-25;2026-09-25;2026-09-25 22:00:00;22:00:00;0,0;4;N;Norte;CGH;DESSEM
2026-09-25;2026-09-25;2026-09-25 22:30:00;22:30:00;0,0;4;N;Norte;CGH;DESSEM
2026-09-25;2026-09-25;2026-09-25 23:00:00;23:00:00;0,0;4;N;Norte;CGH;DESSEM
2026-09-25;2026-09-25;2026-09-25 23:30:00;23:30:00;0,0;4;N;Norte;CGH;DESSEM
2026-09-25;2026-09-26;2026-09-26 00:00:00;00:00:00;0,0;4;N;Norte;CGH;PERFIL
2026-09-25;2026-09-26;2026-09-26 00:30:00;00:30:00;0,0;4;N;Norte;CGH;PERFIL
2026-09-25;2026-09-26;2026-09-26 01:00:00;01:00:00;0,0;4;N;Norte;CGH;PERFIL
2026-09-25;2026-09-26;2026-09-26 01:30:00;01:30:00;0,0;4;N;Norte;CGH;PERFIL
2026-09-25;2026-09-26;2026-09-26 02:00:00;02:00:00;0,0;4;N;Norte;CGH;PERFIL
2026-09-25;2026-09-26;2026-09-26 02:30:00;02:30:00;0,0;4;N;Norte;CGH;PERFIL
2026-09-25;2026-09-26;2026-09-26 03:00:00;03:00:00;0,0;4;N;Norte;CGH;PERFIL
2026-09-25;2026-09-26;2026-09-26 03:30:00;03:30:00;0,0;4;N;Norte;CGH;PERFIL
2026-09-25;2026-09-26;2026-09-26 04:00:00;04:00:00;0,0;4;N;Norte;CGH;PERFIL
2026-09-25;2026-09-26;2026-09-26 04:30:00;04:30:00;0,0;4;N;Norte;CGH;PERFIL
2026-09-25;2026-09-26;2026-09-26 05:00:00;05:00:00;0,0;4;N;Norte;CGH;PERFIL
2026-09-25;2026-09-26;2026-09-26 05:30:00;05:30:00;0,0;4;N;Norte;CGH;PERFIL
2026-09-25;2026-09-26;2026-09-26 06:00:00;06:00:00;0,0;4;N;Norte;CGH;PERFIL
2026-09-25;2026-09-26;2026-09-26 06:30:00;06:30:00;0,0;4;N;Norte;CGH;PERFIL
2026-09-25;2026-09-26;2026-09-26 07:00:00;07:00:00;0,0;4;N;Norte;CGH;PERFIL
2026-09-25;2026-09-26;2026-09-26 07:30:00;07:30:00;0,0;4;N;Norte;CGH;PERFIL
2026-09-25;2026-09-26;2026-09-26 08:00:00;08:00:00;0,0;4;N;Norte;CGH;PERFIL
2026-09-25;2026-09-26;2026-09-26 08:30:00;08:30:00;0,0;4;N;Norte;CGH;PERFIL
2026-09-25;2026-09-26;2026-09-26 09:00:00;09:00:00;0,0;4;N;Norte;CGH;PERFIL
2026-09-25;2026-09-26;2026-09-26 09:30:00;09:30:00;0,0;4;N;Norte;CGH;PERFIL
2026-09-25;2026-09-26;2026-09-26 10:00:00;10:00:00;0,0;4;N;Norte;CGH;PERFIL
2026-09-25;2026-09-26;2026-09-26 10:30:00;10:30:00;0,0;4;N;Norte;CGH;PERFIL
2026-09-25;2026-09-26;2026-09-26 11:00:00;11:00:00;0,0;4;N;Norte;CGH;PERFIL
2026-09-25;2026-09-26;2026-09-26 11:30:00;11:30:00;0,0;4;N;Norte;CGH;PERFIL
2026-09-25;2026-09-26;2026-09-26 12:00:00;12:00:00;0,0;4;N;Norte;CGH;PERFIL
2026-09-25;2026-09-26;2026-09-26 12:30:00;12:30:00;0,0;4;N;Norte;CGH;PERFIL
2026-09-25;2026-09-26;2026-09-26 13:00:00;13:00:00;0,0;4;N;Norte;CGH;PERFIL
2026-09-25;2026-09-26;2026-09-26 13:30:00;13:30:00;0,0;4;N;Norte;CGH;PERFIL
2026-09-25;2026-09-26;2026-09-26 14:00:00;14:00:00;0,0;4;N;Norte;CGH;PERFIL
2026-09-25;2026-09-26;2026-09-26 14:30:00;14:30:00;0,0;4;N;Norte;CGH;PERFIL
2026-09-25;2026-09-26;2026-09-26 15:00:00;15:00:00;0,0;4;N;Norte;CGH;PERFIL
2026-09-25;2026-09-26;2026-09-26 15:30:00;15:30:00;0,0;4;N;Norte;CGH;PERFIL
2026-09-25;2026-09-26;2026-09-26 16:00:00;16:00:00;0,0;4;N;Norte;CGH;PERFIL
2026-09-25;2026-09-26;2026-09-26 16:30:00;16:30:00;0,0;4;N;Norte;CGH;PERFIL
2026-09-25;2026-09-26;2026-09-26 17:00:00;17:00:00;0,0;4;N;Norte;CGH;PERFIL
2026-09-25;2026-09-26;2026-09-26 17:30:00;17:30:00;0,0;4;N;Norte;CGH;PERFIL
2026-09-25;2026-09-26;2026-09-26 18:00:00;18:00:00;0,0;4;N;Norte;CGH;PERFIL
2026-09-25;2026-09-26;2026-09-26 18:30:00;18:30:00;0,0;4;N;Norte;CGH;PERFIL
2026-09-25;2026-09-26;2026-09-26 19:00:00;19:00:00;0,0;4;N;Norte;CGH;PERFIL
2026-09-25;2026-09-26;2026-09-26 19:30:00;19:30:00;0,0;4;N;Norte;CGH;PERFIL
2026-09-25;2026-09-26;2026-09-26 20:00:00;20:00:00;0,0;4;N;Norte;CGH;PERFIL
2026-09-25;2026-09-26;2026-09-26 20:30:00;20:30:00;0,0;4;N;Norte;CGH;PERFIL
2026-09-25;2026-09-26;2026-09-26 21:00:00;21:00:00;0,0;4;N;Norte;CGH;PERFIL
2026-09-25;2026-09-26;2026-09-26 21:30:00;21:30:00;0,0;4;N;Norte;CGH;PERFIL
2026-09-25;2026-09-26;2026-09-26 22:00:00;22:00:00;0,0;4;N;Norte;CGH;PERFIL
2026-09-25;2026-09-26;2026-09-26 22:30:00;22:30:00;0,0;4;N;Norte;CGH;PERFIL
2026-09-25;2026-09-26;2026-09-26 23:00:00;23:00:00;0,0;4;N;Norte;CGH;PERFIL
2026-09-25;2026-09-26;2026-09-26 23:30:00;23:30:00;0,0;4;N;Norte;CGH;PERFIL
2026-09-25;2026-09-27;2026-09-27 00:00:00;00:00:00;0,0;4;N;Norte;CGH;PERFIL
2026-09-25;2026-09-27;2026-09-27 00:30:00;00:30:00;0,0;4;N;Norte;CGH;PERFIL
2026-09-25;2026-09-27;2026-09-27 01:00:00;01:00:00;0,0;4;N;Norte;CGH;PERFIL
2026-09-25;2026-09-27;2026-09-27 01:30:00;01:30:00;0,0;4;N;Norte;CGH;PERFIL
2026-09-25;2026-09-27;2026-09-27 02:00:00;02:00:00;0,0;4;N;Norte;CGH;PERFIL
2026-09-25;2026-09-27;2026-09-27 02:30:00;02:30:00;0,0;4;N;Norte;CGH;PERFIL
2026-09-25;2026-09-27;2026-09-27 03:00:00;03:00:00;0,0;4;N;Norte;CGH;PERFIL
2026-09-25;2026-09-27;2026-09-27 03:30:00;03:30:00;0,0;4;N;Norte;CGH;PERFIL
2026-09-25;2026-09-27;2026-09-27 04:00:00;04:00:00;0,0;4;N;Norte;CGH;PERFIL
2026-09-25;2026-09-27;2026-09-27 04:30:00;04:30:00;0,0;4;N;Norte;CGH;PERFIL
2026-09-25;2026-09-27;2026-09-27 05:00:00;05:00:00;0,0;4;N;Norte;CGH;PERFIL
2026-09-25;2026-09-27;2026-09-27 05:30:00;05:30:00;0,0;4;N;Norte;CGH;PERFIL
2026-09-25;2026-09-27;2026-09-27 06:00:00;06:00:00;0,0;4;N;Norte;CGH;PERFIL
2026-09-25;2026-09-27;2026-09-27 06:30:00;06:30:00;0,0;4;N;Norte;CGH;PERFIL
2026-09-25;2026-09-27;2026-09-27 07:00:00;07:00:00;0,0;4;N;Norte;CGH;PERFIL
2026-09-25;2026-09-27;2026-09-27 07:30:00;07:30:00;0,0;4;N;Norte;CGH;PERFIL
2026-09-25;2026-09-27;2026-09-27 08:00:00;08:00:00;0,0;4;N;Norte;CGH;PERFIL
2026-09-25;2026-09-27;2026-09-27 08:30:00;08:30:00;0,0;4;N;Norte;CGH;PERFIL
2026-09-25;2026-09-27;2026-09-27 09:00:00;09:00:00;0,0;4;N;Norte;CGH;PERFIL
2026-09-25;2026-09-27;2026-09-27 09:30:00;09:30:00;0,0;4;N;Norte;CGH;PERFIL
2026-09-25;2026-09-27;2026-09-27 10:00:00;10:00:00;0,0;4;N;Norte;CGH;PERFIL
2026-09-25;2026-09-27;2026-09-27 10:30:00;10:30:00;0,0;4;N;Norte;CGH;PERFIL
2026-09-25;2026-09-27;2026-09-27 11:00:00;11:00:00;0,0;4;N;Norte;CGH;PERFIL
2026-09-25;2026-09-27;2026-09-27 11:30:00;11:30:00;0,0;4;N;Norte;CGH;PERFIL
2026-09-25;2026-09-27;2026-09-27 12:00:00;12:00:00;0,0;4;N;Norte;CGH;PERFIL
2026-09-25;2026-09-27;2026-09-27 12:30:00;12:30:00;0,0;4;N;Norte;CGH;PERFIL
2026-09-25;2026-09-27;2026-09-27 13:00:00;13:00:00;0,0;4;N;Norte;CGH;PERFIL
2026-09-25;2026-09-27;2026-09-27 13:30:00;13:30:00;0,0;4;N;Norte;CGH;PERFIL
2026-09-25;2026-09-27;2026-09-27 14:00:00;14:00:00;0,0;4;N;Norte;CGH;PERFIL
2026-09-25;2026-09-27;2026-09-27 14:30:00;14:30:00;0,0;4;N;Norte;CGH;PERFIL
2026-09-25;2026-09-27;2026-09-27 15:00:00;15:00:00;0,0;4;N;Norte;CGH;PERFIL
2026-09-25;2026-09-27;2026-09-27 15:30:00;15:30:00;0,0;4;N;Norte;CGH;PERFIL
2026-09-25;2026-09-27;2026-09-27 16:00:00;16:00:00;0,0;4;N;Norte;CGH;PERFIL
2026-09-25;2026-09-27;2026-09-27 16:30:00;16:30:00;0,0;4;N;Norte;CGH;PERFIL
2026-09-25;2026-09-27;2026-09-27 17:00:00;17:00:00;0,0;4;N;Norte;CGH;PERFIL
2026-09-25;2026-09-27;2026-09-27 17:30:00;17:30:00;0,0;4;N;Norte;CGH;PERFIL
2026-09-25;2026-09-27;2026-09-27 18:00:00;18:00:00;0,0;4;N;Norte;CGH;PERFIL
2026-09-25;2026-09-27;2026-09-27 18:30:00;18:30:00;0,0;4;N;Norte;CGH;PERFIL
2026-09-25;2026-09-27;2026-09-27 19:00:00;19:00:00;0,0;4;N;Norte;CGH;PERFIL
2026-09-25;2026-09-27;2026-09-27 19:30:00;19:30:00;0,0;4;N;Norte;CGH;PERFIL
2026-09-25;2026-09-27;2026-09-27 20:00:00;20:00:00;0,0;4;N;Norte;CGH;PERFIL
2026-09-25;2026-09-27;2026-09-27 20:30:00;20:30:00;0,0;4;N;Norte;CGH;PERFIL
2026-09-25;2026-09-27;2026-09-27 21:00:00;21:00:00;0,0;4;N;Norte;CGH;PERFIL
2026-09-25;2026-09-27;2026-09-27 21:30:00;21:30:00;0,0;4;N;Norte;CGH;PERFIL
2026-09-25;2026-09-27;2026-09-27 22:00:00;22:00:00;0,0;4;N;Norte;CGH;PERFIL
2026-09-25;2026-09-27;2026-09-27 22:30:00;22:30:00;0,0;4;N;Norte;CGH;PERFIL
2026-09-25;2026-09-27;2026-09-27 23:00:00;23:00:00;0,0;4;N;Norte;CGH;PERFIL
2026-09-25;2026-09-27;2026-09-27 23:30:00;23:30:00;0,0;4;N;Norte;CGH;PERFIL
2026-09-25;2026-09-28;2026-09-28 00:00:00;00:00:00;0,0;4;N;Norte;CGH;PERFIL
2026-09-25;2026-09-28;2026-09-28 00:30:00;00:30:00;0,0;4;N;Norte;CGH;PERFIL
2026-09-25;2026-09-28;2026-09-28 01:00:00;01:00:00;0,0;4;N;Norte;CGH;PERFIL
2026-09-25;2026-09-28;2026-09-28 01:30:00;01:30:00;0,0;4;N;Norte;CGH;PERFIL
2026-09-25;2026-09-28;2026-09-28 02:00:00;02:00:00;0,0;4;N;Norte;CGH;PERFIL
2026-09-25;2026-09-28;2026-09-28 02:30:00;02:30:00;0,0;4;N;Norte;CGH;PERFIL
2026-09-25;2026-09-28;2026-09-28 03:00:00;03:00:00;0,0;4;N;Norte;CGH;PERFIL
2026-09-25;2026-09-28;2026-09-28 03:30:00;03:30:00;0,0;4;N;Norte;CGH;PERFIL
2026-09-25;2026-09-28;2026-09-28 04:00:00;04:00:00;0,0;4;N;Norte;CGH;PERFIL
2026-09-25;2026-09-28;2026-09-28 04:30:00;04:30:00;0,0;4;N;Norte;CGH;PERFIL
2026-09-25;2026-09-28;2026-09-28 05:00:00;05:00:00;0,0;4;N;Norte;CGH;PERFIL
2026-09-25;2026-09-28;2026-09-28 05:30:00;05:30:00;0,0;4;N;Norte;CGH;PERFIL
2026-09-25;2026-09-28;2026-09-28 06:00:00;06:00:00;0,0;4;N;Norte;CGH;PERFIL
2026-09-25;2026-09-28;2026-09-28 06:30:00;06:30:00;0,0;4;N;Norte;CGH;PERFIL
2026-09-25;2026-09-28;2026-09-28 07:00:00;07:00:00;0,0;4;N;Norte;CGH;PERFIL
2026-09-25;2026-09-28;2026-09-28 07:30:00;07:30:00;0,0;4;N;Norte;CGH;PERFIL
2026-09-25;2026-09-28;2026-09-28 08:00:00;08:00:00;0,0;4;N;Norte;CGH;PERFIL
2026-09-25;2026-09-28;2026-09-28 08:30:00;08:30:00;0,0;4;N;Norte;CGH;PERFIL
2026-09-25;2026-09-28;2026-09-28 09:00:00;09:00:00;0,0;4;N;Norte;CGH;PERFIL
2026-09-25;2026-09-28;2026-09-28 09:30:00;09:30:00;0,0;4;N;Norte;CGH;PERFIL
2026-09-25;2026-09-28;2026-09-28 10:00:00;10:00:00;0,0;4;N;Norte;CGH;PERFIL
2026-09-25;2026-09-28;2026-09-28 10:30:00;10:30:00;0,0;4;N;Norte;CGH;PERFIL
2026-09-25;2026-09-28;2026-09-28 11:00:00;11:00:00;0,0;4;N;Norte;CGH;PERFIL
2026-09-25;2026-09-28;2026-09-28 11:30:00;11:30:00;0,0;4;N;Norte;CGH;PERFIL
2026-09-25;2026-09-28;2026-09-28 12:00:00;12:00:00;0,0;4;N;Norte;CGH;PERFIL
2026-09-25;2026-09-28;2026-09-28 12:30:00;12:30:00;0,0;4;N;Norte;CGH;PERFIL
2026-09-25;2026-09-28;2026-09-28 13:00:00;13:00:00;0,0;4;N;Norte;CGH;PERFIL
2026-09-25;2026-09-28;2026-09-28 13:30:00;13:30:00;0,0;4;N;Norte;CGH;PERFIL
2026-09-25;2026-09-28;2026-09-28 14:00:00;14:00:00;0,0;4;N;Norte;CGH;PERFIL
2026-09-25;2026-09-28;2026-09-28 14:30:00;14:30:00;0,0;4;N;Norte;CGH;PERFIL
2026-09-25;2026-09-28;2026-09-28 15:00:00;15:00:00;0,0;4;N;Norte;CGH;PERFIL
2026-09-25;2026-09-28;2026-09-28 15:30:00;15:30:00;0,0;4;N;Norte;CGH;PERFIL
2026-09-25;2026-09-28;2026-09-28 16:00:00;16:00:00;0,0;4;N;Norte;CGH;PERFIL
2026-09-25;2026-09-28;2026-09-28 16:30:00;16:30:00;0,0;4;N;Norte;CGH;PERFIL
2026-09-25;2026-09-28;2026-09-28 17:00:00;17:00:00;0,0;4;N;Norte;CGH;PERFIL
2026-09-25;2026-09-28;2026-09-28 17:30:00;17:30:00;0,0;4;N;Norte;CGH;PERFIL
2026-09-25;2026-09-28;2026-09-28 18:00:00;18:00:00;0,0;4;N;Norte;CGH;PERFIL
2026-09-25;2026-09-28;2026-09-28 18:30:00;18:30:00;0,0;4;N;Norte;CGH;PERFIL
2026-09-25;2026-09-28;2026-09-28 19:00:00;19:00:00;0,0;4;N;Norte;CGH;PERFIL
2026-09-25;2026-09-28;2026-09-28 19:30:00;19:30:00;0,0;4;N;Norte;CGH;PERFIL
2026-09-25;2026-09-28;2026-09-28 20:00:00;20:00:00;0,0;4;N;Norte;CGH;PERFIL
2026-09-25;2026-09-28;2026-09-28 20:30:00;20:30:00;0,0;4;N;Norte;CGH;PERFIL
2026-09-25;2026-09-28;2026-09-28 21:00:00;21:00:00;0,0;4;N;Norte;CGH;PERFIL
2026-09-25;2026-09-28;2026-09-28 21:30:00;21:30:00;0,0;4;N;Norte;CGH;PERFIL
2026-09-25;2026-09-28;2026-09-28 22:00:00;22:00:00;0,0;4;N;Norte;CGH;PERFIL
2026-09-25;2026-09-28;2026-09-28 22:30:00;22:30:00;0,0;4;N;Norte;CGH;PERFIL
2026-09-25;2026-09-28;2026-09-28 23:00:00;23:00:00;0,0;4;N;Norte;CGH;PERFIL
2026-09-25;2026-09-28;2026-09-28 23:30:00;23:30:00;0,0;4;N;Norte;CGH;PERFIL
2026-09-25;2026-09-29;2026-09-29 00:00:00;00:00:00;0,0;4;N;Norte;CGH;PERFIL
2026-09-25;2026-09-29;2026-09-29 00:30:00;00:30:00;0,0;4;N;Norte;CGH;PERFIL
2026-09-25;2026-09-29;2026-09-29 01:00:00;01:00:00;0,0;4;N;Norte;CGH;PERFIL
2026-09-25;2026-09-29;2026-09-29 01:30:00;01:30:00;0,0;4;N;Norte;CGH;PERFIL
2026-09-25;2026-09-29;2026-09-29 02:00:00;02:00:00;0,0;4;N;Norte;CGH;PERFIL
2026-09-25;2026-09-29;2026-09-29 02:30:00;02:30:00;0,0;4;N;Norte;CGH;PERFIL
2026-09-25;2026-09-29;2026-09-29 03:00:00;03:00:00;0,0;4;N;Norte;CGH;PERFIL
2026-09-25;2026-09-29;2026-09-29 03:30:00;03:30:00;0,0;4;N;Norte;CGH;PERFIL
2026-09-25;2026-09-29;2026-09-29 04:00:00;04:00:00;0,0;4;N;Norte;CGH;PERFIL
2026-09-25;2026-09-29;2026-09-29 04:30:00;04:30:00;0,0;4;N;Norte;CGH;PERFIL
2026-09-25;2026-09-29;2026-09-29 05:00:00;05:00:00;0,0;4;N;Norte;CGH;PERFIL
2026-09-25;2026-09-29;2026-09-29 05:30:00;05:30:00;0,0;4;N;Norte;CGH;PERFIL
2026-09-25;2026-09-29;2026-09-29 06:00:00;06:00:00;0,0;4;N;Norte;CGH;PERFIL
2026-09-25;2026-09-29;2026-09-29 06:30:00;06:30:00;0,0;4;N;Norte;CGH;PERFIL
2026-09-25;2026-09-29;2026-09-29 07:00:00;07:00:00;0,0;4;N;Norte;CGH;PERFIL
2026-09-25;2026-09-29;2026-09-29 07:30:00;07:30:00;0,0;4;N;Norte;CGH;PERFIL
2026-09-25;2026-09-29;2026-09-29 08:00:00;08:00:00;0,0;4;N;Norte;CGH;PERFIL
2026-09-25;2026-09-29;2026-09-29 08:30:00;08:30:00;0,0;4;N;Norte;CGH;PERFIL
2026-09-25;2026-09-29;2026-09-29 09:00:00;09:00:00;0,0;4;N;Norte;CGH;PERFIL
2026-09-25;2026-09-29;2026-09-29 09:30:00;09:30:00;0,0;4;N;Norte;CGH;PERFIL
2026-09-25;2026-09-29;2026-09-29 10:00:00;10:00:00;0,0;4;N;Norte;CGH;PERFIL
2026-09-25;2026-09-29;2026-09-29 10:30:00;10:30:00;0,0;4;N;Norte;CGH;PERFIL
2026-09-25;2026-09-29;2026-09-29 11:00:00;11:00:00;0,0;4;N;Norte;CGH;PERFIL
2026-09-25;2026-09-29;2026-09-29 11:30:00;11:30:00;0,0;4;N;Norte;CGH;PERFIL
2026-09-25;2026-09-29;2026-09-29 12:00:00;12:00:00;0,0;4;N;Norte;CGH;PERFIL
2026-09-25;2026-09-29;2026-09-29 12:30:00;12:30:00;0,0;4;N;Norte;CGH;PERFIL
2026-09-25;2026-09-29;2026-09-29 13:00:00;13:00:00;0,0;4;N;Norte;CGH;PERFIL
2026-09-25;2026-09-29;2026-09-29 13:30:00;13:30:00;0,0;4;N;Norte;CGH;PERFIL
2026-09-25;2026-09-29;2026-09-29 14:00:00;14:00:00;0,0;4;N;Norte;CGH;PERFIL
2026-09-25;2026-09-29;2026-09-29 14:30:00;14:30:00;0,0;4;N;Norte;CGH;PERFIL
2026-09-25;2026-09-29;2026-09-29 15:00:00;15:00:00;0,0;4;N;Norte;CGH;PERFIL
2026-09-25;2026-09-29;2026-09-29 15:30:00;15:30:00;0,0;4;N;Norte;CGH;PERFIL
2026-09-25;2026-09-29;2026-09-29 16:00:00;16:00:00;0,0;4;N;Norte;CGH;PERFIL
2026-09-25;2026-09-29;2026-09-29 16:30:00;16:30:00;0,0;4;N;Norte;CGH;PERFIL
2026-09-25;2026-09-29;2026-09-29 17:00:00;17:00:00;0,0;4;N;Norte;CGH;PERFIL
2026-09-25;2026-09-29;2026-09-29 17:30:00;17:30:00;0,0;4;N;Norte;CGH;PERFIL
2026-09-25;2026-09-29;2026-09-29 18:00:00;18:00:00;0,0;4;N;Norte;CGH;PERFIL
2026-09-25;2026-09-29;2026-09-29 18:30:00;18:30:00;0,0;4;N;Norte;CGH;PERFIL
2026-09-25;2026-09-29;2026-09-29 19:00:00;19:00:00;0,0;4;N;Norte;CGH;PERFIL
2026-09-25;2026-09-29;2026-09-29 19:30:00;19:30:00;0,0;4;N;Norte;CGH;PERFIL
2026-09-25;2026-09-29;2026-09-29 20:00:00;20:00:00;0,0;4;N;Norte;CGH;PERFIL
2026-09-25;2026-09-29;2026-09-29 20:30:00;20:30:00;0,0;4;N;Norte;CGH;PERFIL
2026-09-25;2026-09-29;2026-09-29 21:00:00;21:00:00;0,0;4;N;Norte;CGH;PERFIL
2026-09-25;2026-09-29;2026-09-29 21:30:00;21:30:00;0,0;4;N;Norte;CGH;PERFIL
2026-09-25;2026-09-29;2026-09-29 22:00:00;22:00:00;0,0;4;N;Norte;CGH;PERFIL
2026-09-25;2026-09-29;2026-09-29 22:30:00;22:30:00;0,0;4;N;Norte;CGH;PERFIL
2026-09-25;2026-09-29;2026-09-29 23:00:00;23:00:00;0,0;4;N;Norte;CGH;PERFIL
2026-09-25;2026-09-29;2026-09-29 23:30:00;23:30:00;0,0;4;N;Norte;CGH;PERFIL
2026-09-25;2026-09-30;2026-09-30 00:00:00;00:00:00;0,0;4;N;Norte;CGH;PERFIL
2026-09-25;2026-09-30;2026-09-30 00:30:00;00:30:00;0,0;4;N;Norte;CGH;PERFIL
2026-09-25;2026-09-30;2026-09-30 01:00:00;01:00:00;0,0;4;N;Norte;CGH;PERFIL
2026-09-25;2026-09-30;2026-09-30 01:30:00;01:30:00;0,0;4;N;Norte;CGH;PERFIL
2026-09-25;2026-09-30;2026-09-30 02:00:00;02:00:00;0,0;4;N;Norte;CGH;PERFIL
2026-09-25;2026-09-30;2026-09-30 02:30:00;02:30:00;0,0;4;N;Norte;CGH;PERFIL
2026-09-25;2026-09-30;2026-09-30 03:00:00;03:00:00;0,0;4;N;Norte;CGH;PERFIL
2026-09-25;2026-09-30;2026-09-30 03:30:00;03:30:00;0,0;4;N;Norte;CGH;PERFIL
2026-09-25;2026-09-30;2026-09-30 04:00:00;04:00:00;0,0;4;N;Norte;CGH;PERFIL
2026-09-25;2026-09-30;2026-09-30 04:30:00;04:30:00;0,0;4;N;Norte;CGH;PERFIL
2026-09-25;2026-09-30;2026-09-30 05:00:00;05:00:00;0,0;4;N;Norte;CGH;PERFIL
2026-09-25;2026-09-30;2026-09-30 05:30:00;05:30:00;0,0;4;N;Norte;CGH;PERFIL
2026-09-25;2026-09-30;2026-09-30 06:00:00;06:00:00;0,0;4;N;Norte;CGH;PERFIL
2026-09-25;2026-09-30;2026-09-30 06:30:00;06:30:00;0,0;4;N;Norte;CGH;PERFIL
2026-09-25;2026-09-30;2026-09-30 07:00:00;07:00:00;0,0;4;N;Norte;CGH;PERFIL
2026-09-25;2026-09-30;2026-09-30 07:30:00;07:30:00;0,0;4;N;Norte;CGH;PERFIL
2026-09-25;2026-09-30;2026-09-30 08:00:00;08:00:00;0,0;4;N;Norte;CGH;PERFIL
2026-09-25;2026-09-30;2026-09-30 08:30:00;08:30:00;0,0;4;N;Norte;CGH;PERFIL
2026-09-25;2026-09-30;2026-09-30 09:00:00;09:00:00;0,0;4;N;Norte;CGH;PERFIL
2026-09-25;2026-09-30;2026-09-30 09:30:00;09:30:00;0,0;4;N;Norte;CGH;PERFIL
2026-09-25;2026-09-30;2026-09-30 10:00:00;10:00:00;0,0;4;N;Norte;CGH;PERFIL
2026-09-25;2026-09-30;2026-09-30 10:30:00;10:30:00;0,0;4;N;Norte;CGH;PERFIL
2026-09-25;2026-09-30;2026-09-30 11:00:00;11:00:00;0,0;4;N;Norte;CGH;PERFIL
2026-09-25;2026-09-30;2026-09-30 11:30:00;11:30:00;0,0;4;N;Norte;CGH;PERFIL
2026-09-25;2026-09-30;2026-09-30 12:00:00;12:00:00;0,0;4;N;Norte;CGH;PERFIL
2026-09-25;2026-09-30;2026-09-30 12:30:00;12:30:00;0,0;4;N;Norte;CGH;PERFIL
2026-09-25;2026-09-30;2026-09-30 13:00:00;13:00:00;0,0;4;N;Norte;CGH;PERFIL
2026-09-25;2026-09-30;2026-09-30 13:30:00;13:30:00;0,0;4;N;Norte;CGH;PERFIL
2026-09-25;2026-09-30;2026-09-30 14:00:00;14:00:00;0,0;4;N;Norte;CGH;PERFIL
2026-09-25;2026-09-30;2026-09-30 14:30:00;14:30:00;0,0;4;N;Norte;CGH;PERFIL
2026-09-25;2026-09-30;2026-09-30 15:00:00;15:00:00;0,0;4;N;Norte;CGH;PERFIL
2026-09-25;2026-09-30;2026-09-30 15:30:00;15:30:00;0,0;4;N;Norte;CGH;PERFIL
2026-09-25;2026-09-30;2026-09-30 16:00:00;16:00:00;0,0;4;N;Norte;CGH;PERFIL
2026-09-25;2026-09-30;2026-09-30 16:30:00;16:30:00;0,0;4;N;Norte;CGH;PERFIL
2026-09-25;2026-09-30;2026-09-30 17:00:00;17:00:00;0,0;4;N;Norte;CGH;PERFIL
2026-09-25;2026-09-30;2026-09-30 17:30:00;17:30:00;0,0;4;N;Norte;CGH;PERFIL
2026-09-25;2026-09-30;2026-09-30 18:00:00;18:00:00;0,0;4;N;Norte;CGH;PERFIL
2026-09-25;2026-09-30;2026-09-30 18:30:00;18:30:00;0,0;4;N;Norte;CGH;PERFIL
2026-09-25;2026-09-30;2026-09-30 19:00:00;19:00:00;0,0;4;N;Norte;CGH;PERFIL
2026-09-25;2026-09-30;2026-09-30 19:30:00;19:30:00;0,0;4;N;Norte;CGH;PERFIL
2026-09-25;2026-09-30;2026-09-30 20:00:00;20:00:00;0,0;4;N;Norte;CGH;PERFIL
2026-09-25;2026-09-30;2026-09-30 20:30:00;20:30:00;0,0;4;N;Norte;CGH;PERFIL
2026-09-25;2026-09-30;2026-09-30 21:00:00;21:00:00;0,0;4;N;Norte;CGH;PERFIL
2026-09-25;2026-09-30;2026-09-30 21:30:00;21:30:00;0,0;4;N;Norte;CGH;PERFIL
2026-09-25;2026-09-30;2026-09-30 22:00:00;22:00:00;0,0;4;N;Norte;CGH;PERFIL
2026-09-25;2026-09-30;2026-09-30 22:30:00;22:30:00;0,0;4;N;Norte;CGH;PERFIL
2026-09-25;2026-09-30;2026-09-30 23:00:00;23:00:00;0,0;4;N;Norte;CGH;PERFIL
2026-09-25;2026-09-30;2026-09-30 23:30:00;23:30:00;0,0;4;N;Norte;CGH;PERFIL
2026-09-25;2026-10-01;2026-10-01 00:00:00;00:00:00;0,0;4;N;Norte;CGH;PERFIL
2026-09-25;2026-10-01;2026-10-01 00:30:00;00:30:00;0,0;4;N;Norte;CGH;PERFIL
2026-09-25;2026-10-01;2026-10-01 01:00:00;01:00:00;0,0;4;N;Norte;CGH;PERFIL
2026-09-25;2026-10-01;2026-10-01 01:30:00;01:30:00;0,0;4;N;Norte;CGH;PERFIL
2026-09-25;2026-10-01;2026-10-01 02:00:00;02:00:00;0,0;4;N;Norte;CGH;PERFIL
2026-09-25;2026-10-01;2026-10-01 02:30:00;02:30:00;0,0;4;N;Norte;CGH;PERFIL
2026-09-25;2026-10-01;2026-10-01 03:00:00;03:00:00;0,0;4;N;Norte;CGH;PERFIL
2026-09-25;2026-10-01;2026-10-01 03:30:00;03:30:00;0,0;4;N;Norte;CGH;PERFIL
2026-09-25;2026-10-01;2026-10-01 04:00:00;04:00:00;0,0;4;N;Norte;CGH;PERFIL
2026-09-25;2026-10-01;2026-10-01 04:30:00;04:30:00;0,0;4;N;Norte;CGH;PERFIL
2026-09-25;2026-10-01;2026-10-01 05:00:00;05:00:00;0,0;4;N;Norte;CGH;PERFIL
2026-09-25;2026-10-01;2026-10-01 05:30:00;05:30:00;0,0;4;N;Norte;CGH;PERFIL
2026-09-25;2026-10-01;2026-10-01 06:00:00;06:00:00;0,0;4;N;Norte;CGH;PERFIL
2026-09-25;2026-10-01;2026-10-01 06:30:00;06:30:00;0,0;4;N;Norte;CGH;PERFIL
2026-09-25;2026-10-01;2026-10-01 07:00:00;07:00:00;0,0;4;N;Norte;CGH;PERFIL
2026-09-25;2026-10-01;2026-10-01 07:30:00;07:30:00;0,0;4;N;Norte;CGH;PERFIL
2026-09-25;2026-10-01;2026-10-01 08:00:00;08:00:00;0,0;4;N;Norte;CGH;PERFIL
2026-09-25;2026-10-01;2026-10-01 08:30:00;08:30:00;0,0;4;N;Norte;CGH;PERFIL
2026-09-25;2026-10-01;2026-10-01 09:00:00;09:00:00;0,0;4;N;Norte;CGH;PERFIL
2026-09-25;2026-10-01;2026-10-01 09:30:00;09:30:00;0,0;4;N;Norte;CGH;PERFIL
2026-09-25;2026-10-01;2026-10-01 10:00:00;10:00:00;0,0;4;N;Norte;CGH;PERFIL
2026-09-25;2026-10-01;2026-10-01 10:30:00;10:30:00;0,0;4;N;Norte;CGH;PERFIL
2026-09-25;2026-10-01;2026-10-01 11:00:00;11:00:00;0,0;4;N;Norte;CGH;PERFIL
2026-09-25;2026-10-01;2026-10-01 11:30:00;11:30:00;0,0;4;N;Norte;CGH;PERFIL
2026-09-25;2026-10-01;2026-10-01 12:00:00;12:00:00;0,0;4;N;Norte;CGH;PERFIL
2026-09-25;2026-10-01;2026-10-01 12:30:00;12:30:00;0,0;4;N;Norte;CGH;PERFIL
2026-09-25;2026-10-01;2026-10-01 13:00:00;13:00:00;0,0;4;N;Norte;CGH;PERFIL
2026-09-25;2026-10-01;2026-10-01 13:30:00;13:30:00;0,0;4;N;Norte;CGH;PERFIL
2026-09-25;2026-10-01;2026-10-01 14:00:00;14:00:00;0,0;4;N;Norte;CGH;PERFIL
2026-09-25;2026-10-01;2026-10-01 14:30:00;14:30:00;0,0;4;N;Norte;CGH;PERFIL
2026-09-25;2026-10-01;2026-10-01 15:00:00;15:00:00;0,0;4;N;Norte;CGH;PERFIL
2026-09-25;2026-10-01;2026-10-01 15:30:00;15:30:00;0,0;4;N;Norte;CGH;PERFIL
2026-09-25;2026-10-01;2026-10-01 16:00:00;16:00:00;0,0;4;N;Norte;CGH;PERFIL
2026-09-25;2026-10-01;2026-10-01 16:30:00;16:30:00;0,0;4;N;Norte;CGH;PERFIL
2026-09-25;2026-10-01;2026-10-01 17:00:00;17:00:00;0,0;4;N;Norte;CGH;PERFIL
2026-09-25;2026-10-01;2026-10-01 17:30:00;17:30:00;0,0;4;N;Norte;CGH;PERFIL
2026-09-25;2026-10-01;2026-10-01 18:00:00;18:00:00;0,0;4;N;Norte;CGH;PERFIL
2026-09-25;2026-10-01;2026-10-01 18:30:00;18:30:00;0,0;4;N;Norte;CGH;PERFIL
2026-09-25;2026-10-01;2026-10-01 19:00:00;19:00:00;0,0;4;N;Norte;CGH;PERFIL
2026-09-25;2026-10-01;2026-10-01 19:30:00;19:30:00;0,0;4;N;Norte;CGH;PERFIL
2026-09-25;2026-10-01;2026-10-01 20:00:00;20:00:00;0,0;4;N;Norte;CGH;PERFIL
2026-09-25;2026-10-01;2026-10-01 20:30:00;20:30:00;0,0;4;N;Norte;CGH;PERFIL
2026-09-25;2026-10-01;2026-10-01 21:00:00;21:00:00;0,0;4;N;Norte;CGH;PERFIL
2026-09-25;2026-10-01;2026-10-01 21:30:00;21:30:00;0,0;4;N;Norte;CGH;PERFIL
2026-09-25;2026-10-01;2026-10-01 22:00:00;22:00:00;0,0;4;N;Norte;CGH;PERFIL
2026-09-25;2026-10-01;2026-10-01 22:30:00;22:30:00;0,0;4;N;Norte;CGH;PERFIL
2026-09-25;2026-10-01;2026-10-01 23:00:00;23:00:00;0,0;4;N;Norte;CGH;PERFIL
2026-09-25;2026-10-01;2026-10-01 23:30:00;23:30:00;0,0;4;N;Norte;CGH;PERFIL
2026-09-25;2026-10-02;2026-10-02 00:00:00;00:00:00;0,0;4;N;Norte;CGH;PERFIL
2026-09-25;2026-10-02;2026-10-02 00:30:00;00:30:00;0,0;4;N;Norte;CGH;PERFIL
2026-09-25;2026-10-02;2026-10-02 01:00:00;01:00:00;0,0;4;N;Norte;CGH;PERFIL
2026-09-25;2026-10-02;2026-10-02 01:30:00;01:30:00;0,0;4;N;Norte;CGH;PERFIL
2026-09-25;2026-10-02;2026-10-02 02:00:00;02:00:00;0,0;4;N;Norte;CGH;PERFIL
2026-09-25;2026-10-02;2026-10-02 02:30:00;02:30:00;0,0;4;N;Norte;CGH;PERFIL
2026-09-25;2026-10-02;2026-10-02 03:00:00;03:00:00;0,0;4;N;Norte;CGH;PERFIL
2026-09-25;2026-10-02;2026-10-02 03:30:00;03:30:00;0,0;4;N;Norte;CGH;PERFIL
2026-09-25;2026-10-02;2026-10-02 04:00:00;04:00:00;0,0;4;N;Norte;CGH;PERFIL
2026-09-25;2026-10-02;2026-10-02 04:30:00;04:30:00;0,0;4;N;Norte;CGH;PERFIL
2026-09-25;2026-10-02;2026-10-02 05:00:00;05:00:00;0,0;4;N;Norte;CGH;PERFIL
2026-09-25;2026-10-02;2026-10-02 05:30:00;05:30:00;0,0;4;N;Norte;CGH;PERFIL
2026-09-25;2026-10-02;2026-10-02 06:00:00;06:00:00;0,0;4;N;Norte;CGH;PERFIL
2026-09-25;2026-10-02;2026-10-02 06:30:00;06:30:00;0,0;4;N;Norte;CGH;PERFIL
2026-09-25;2026-10-02;2026-10-02 07:00:00;07:00:00;0,0;4;N;Norte;CGH;PERFIL
2026-09-25;2026-10-02;2026-10-02 07:30:00;07:30:00;0,0;4;N;Norte;CGH;PERFIL
2026-09-25;2026-10-02;2026-10-02 08:00:00;08:00:00;0,0;4;N;Norte;CGH;PERFIL
2026-09-25;2026-10-02;2026-10-02 08:30:00;08:30:00;0,0;4;N;Norte;CGH;PERFIL
2026-09-25;2026-10-02;2026-10-02 09:00:00;09:00:00;0,0;4;N;Norte;CGH;PERFIL
2026-09-25;2026-10-02;2026-10-02 09:30:00;09:30:00;0,0;4;N;Norte;CGH;PERFIL
2026-09-25;2026-10-02;2026-10-02 10:00:00;10:00:00;0,0;4;N;Norte;CGH;PERFIL
2026-09-25;2026-10-02;2026-10-02 10:30:00;10:30:00;0,0;4;N;Norte;CGH;PERFIL
2026-09-25;2026-10-02;2026-10-02 11:00:00;11:00:00;0,0;4;N;Norte;CGH;PERFIL
2026-09-25;2026-10-02;2026-10-02 11:30:00;11:30:00;0,0;4;N;Norte;CGH;PERFIL
2026-09-25;2026-10-02;2026-10-02 12:00:00;12:00:00;0,0;4;N;Norte;CGH;PERFIL
2026-09-25;2026-10-02;2026-10-02 12:30:00;12:30:00;0,0;4;N;Norte;CGH;PERFIL
2026-09-25;2026-10-02;2026-10-02 13:00:00;13:00:00;0,0;4;N;Norte;CGH;PERFIL
2026-09-25;2026-10-02;2026-10-02 13:30:00;13:30:00;0,0;4;N;Norte;CGH;PERFIL
2026-09-25;2026-10-02;2026-10-02 14:00:00;14:00:00;0,0;4;N;Norte;CGH;PERFIL
2026-09-25;2026-10-02;2026-10-02 14:30:00;14:30:00;0,0;4;N;Norte;CGH;PERFIL
2026-09-25;2026-10-02;2026-10-02 15:00:00;15:00:00;0,0;4;N;Norte;CGH;PERFIL
2026-09-25;2026-10-02;2026-10-02 15:30:00;15:30:00;0,0;4;N;Norte;CGH;PERFIL
2026-09-25;2026-10-02;2026-10-02 16:00:00;16:00:00;0,0;4;N;Norte;CGH;PERFIL
2026-09-25;2026-10-02;2026-10-02 16:30:00;16:30:00;0,0;4;N;Norte;CGH;PERFIL
2026-09-25;2026-10-02;2026-10-02 17:00:00;17:00:00;0,0;4;N;Norte;CGH;PERFIL
2026-09-25;2026-10-02;2026-10-02 17:30:00;17:30:00;0,0;4;N;Norte;CGH;PERFIL
2026-09-25;2026-10-02;2026-10-02 18:00:00;18:00:00;0,0;4;N;Norte;CGH;PERFIL
2026-09-25;2026-10-02;2026-10-02 18:30:00;18:30:00;0,0;4;N;Norte;CGH;PERFIL
2026-09-25;2026-10-02;2026-10-02 19:00:00;19:00:00;0,0;4;N;Norte;CGH;PERFIL
2026-09-25;2026-10-02;2026-10-02 19:30:00;19:30:00;0,0;4;N;Norte;CGH;PERFIL
2026-09-25;2026-10-02;2026-10-02 20:00:00;20:00:00;0,0;4;N;Norte;CGH;PERFIL
2026-09-25;2026-10-02;2026-10-02 20:30:00;20:30:00;0,0;4;N;Norte;CGH;PERFIL
2026-09-25;2026-10-02;2026-10-02 21:00:00;21:00:00;0,0;4;N;Norte;CGH;PERFIL
2026-09-25;2026-10-02;2026-10-02 21:30:00;21:30:00;0,0;4;N;Norte;CGH;PERFIL
2026-09-25;2026-10-02;2026-10-02 22:00:00;22:00:00;0,0;4;N;Norte;CGH;PERFIL
2026-09-25;2026-10-02;2026-10-02 22:30:00;22:30:00;0,0;4;N;Norte;CGH;PERFIL
2026-09-25;2026-10-02;2026-10-02 23:00:00;23:00:00;0,0;4;N;Norte;CGH;PERFIL
2026-09-25;2026-10-02;2026-10-02 23:30:00;23:30:00;0,0;4;N;Norte;CGH;PERFIL
2026-09-25;2026-09-25;2026-09-25 00:00:00;00:00:00;9,0;3;NE;Nordeste;CGH;DESSEM
2026-09-25;2026-09-25;2026-09-25 00:30:00;00:30:00;9,0;3;NE;Nordeste;CGH;DESSEM
2026-09-25;2026-09-25;2026-09-25 01:00:00;01:00:00;9,0;3;NE;Nordeste;CGH;DESSEM
2026-09-25;2026-09-25;2026-09-25 01:30:00;01:30:00;9,0;3;NE;Nordeste;CGH;DESSEM
2026-09-25;2026-09-25;2026-09-25 02:00:00;02:00:00;9,0;3;NE;Nordeste;CGH;DESSEM
2026-09-25;2026-09-25;2026-09-25 02:30:00;02:30:00;9,0;3;NE;Nordeste;CGH;DESSEM
2026-09-25;2026-09-25;2026-09-25 03:00:00;03:00:00;9,0;3;NE;Nordeste;CGH;DESSEM
2026-09-25;2026-09-25;2026-09-25 03:30:00;03:30:00;9,0;3;NE;Nordeste;CGH;DESSEM
2026-09-25;2026-09-25;2026-09-25 04:00:00;04:00:00;9,0;3;NE;Nordeste;CGH;DESSEM
2026-09-25;2026-09-25;2026-09-25 04:30:00;04:30:00;9,0;3;NE;Nordeste;CGH;DESSEM
2026-09-25;2026-09-25;2026-09-25 05:00:00;05:00:00;9,0;3;NE;Nordeste;CGH;DESSEM
2026-09-25;2026-09-25;2026-09-25 05:30:00;05:30:00;9,0;3;NE;Nordeste;CGH;DESSEM
2026-09-25;2026-09-25;2026-09-25 06:00:00;06:00:00;9,0;3;NE;Nordeste;CGH;DESSEM
2026-09-25;2026-09-25;2026-09-25 06:30:00;06:30:00;9,0;3;NE;Nordeste;CGH;DESSEM
2026-09-25;2026-09-25;2026-09-25 07:00:00;07:00:00;9,0;3;NE;Nordeste;CGH;DESSEM
2026-09-25;2026-09-25;2026-09-25 07:30:00;07:30:00;9,0;3;NE;Nordeste;CGH;DESSEM
2026-09-25;2026-09-25;2026-09-25 08:00:00;08:00:00;7,0;3;NE;Nordeste;CGH;DESSEM
2026-09-25;2026-09-25;2026-09-25 08:30:00;08:30:00;7,0;3;NE;Nordeste;CGH;DESSEM
2026-09-25;2026-09-25;2026-09-25 09:00:00;09:00:00;7,0;3;NE;Nordeste;CGH;DESSEM
2026-09-25;2026-09-25;2026-09-25 09:30:00;09:30:00;7,0;3;NE;Nordeste;CGH;DESSEM
2026-09-25;2026-09-25;2026-09-25 10:00:00;10:00:00;7,0;3;NE;Nordeste;CGH;DESSEM
2026-09-25;2026-09-25;2026-09-25 10:30:00;10:30:00;7,0;3;NE;Nordeste;CGH;DESSEM
2026-09-25;2026-09-25;2026-09-25 11:00:00;11:00:00;7,0;3;NE;Nordeste;CGH;DESSEM
2026-09-25;2026-09-25;2026-09-25 11:30:00;11:30:00;7,0;3;NE;Nordeste;CGH;DESSEM
2026-09-25;2026-09-25;2026-09-25 12:00:00;12:00:00;7,0;3;NE;Nordeste;CGH;DESSEM
2026-09-25;2026-09-25;2026-09-25 12:30:00;12:30:00;7,0;3;NE;Nordeste;CGH;DESSEM
2026-09-25;2026-09-25;2026-09-25 13:00:00;13:00:00;7,0;3;NE;Nordeste;CGH;DESSEM
2026-09-25;2026-09-25;2026-09-25 13:30:00;13:30:00;7,0;3;NE;Nordeste;CGH;DESSEM
2026-09-25;2026-09-25;2026-09-25 14:00:00;14:00:00;7,0;3;NE;Nordeste;CGH;DESSEM
2026-09-25;2026-09-25;2026-09-25 14:30:00;14:30:00;7,0;3;NE;Nordeste;CGH;DESSEM
2026-09-25;2026-09-25;2026-09-25 15:00:00;15:00:00;9,0;3;NE;Nordeste;CGH;DESSEM
2026-09-25;2026-09-25;2026-09-25 15:30:00;15:30:00;9,0;3;NE;Nordeste;CGH;DESSEM
2026-09-25;2026-09-25;2026-09-25 16:00:00;16:00:00;9,0;3;NE;Nordeste;CGH;DESSEM
2026-09-25;2026-09-25;2026-09-25 16:30:00;16:30:00;9,0;3;NE;Nordeste;CGH;DESSEM
2026-09-25;2026-09-25;2026-09-25 17:00:00;17:00:00;9,0;3;NE;Nordeste;CGH;DESSEM
2026-09-25;2026-09-25;2026-09-25 17:30:00;17:30:00;9,0;3;NE;Nordeste;CGH;DESSEM
2026-09-25;2026-09-25;2026-09-25 18:00:00;18:00:00;9,0;3;NE;Nordeste;CGH;DESSEM
2026-09-25;2026-09-25;2026-09-25 18:30:00;18:30:00;9,0;3;NE;Nordeste;CGH;DESSEM
2026-09-25;2026-09-25;2026-09-25 19:00:00;19:00:00;9,0;3;NE;Nordeste;CGH;DESSEM
2026-09-25;2026-09-25;2026-09-25 19:30:00;19:30:00;9,0;3;NE;Nordeste;CGH;DESSEM
2026-09-25;2026-09-25;2026-09-25 20:00:00;20:00:00;9,0;3;NE;Nordeste;CGH;DESSEM
2026-09-25;2026-09-25;2026-09-25 20:30:00;20:30:00;9,0;3;NE;Nordeste;CGH;DESSEM
2026-09-25;2026-09-25;2026-09-25 21:00:00;21:00:00;9,0;3;NE;Nordeste;CGH;DESSEM
2026-09-25;2026-09-25;2026-09-25 21:30:00;21:30:00;9,0;3;NE;Nordeste;CGH;DESSEM
2026-09-25;2026-09-25;2026-09-25 22:00:00;22:00:00;9,0;3;NE;Nordeste;CGH;DESSEM
2026-09-25;2026-09-25;2026-09-25 22:30:00;22:30:00;9,0;3;NE;Nordeste;CGH;DESSEM
2026-09-25;2026-09-25;2026-09-25 23:00:00;23:00:00;9,0;3;NE;Nordeste;CGH;DESSEM
2026-09-25;2026-09-25;2026-09-25 23:30:00;23:30:00;9,0;3;NE;Nordeste;CGH;DESSEM
2026-09-25;2026-09-26;2026-09-26 00:00:00;00:00:00;8,566;3;NE;Nordeste;CGH;PERFIL
2026-09-25;2026-09-26;2026-09-26 00:30:00;00:30:00;8,566;3;NE;Nordeste;CGH;PERFIL
2026-09-25;2026-09-26;2026-09-26 01:00:00;01:00:00;8,566;3;NE;Nordeste;CGH;PERFIL
2026-09-25;2026-09-26;2026-09-26 01:30:00;01:30:00;8,566;3;NE;Nordeste;CGH;PERFIL
2026-09-25;2026-09-26;2026-09-26 02:00:00;02:00:00;8,566;3;NE;Nordeste;CGH;PERFIL
2026-09-25;2026-09-26;2026-09-26 02:30:00;02:30:00;8,566;3;NE;Nordeste;CGH;PERFIL
2026-09-25;2026-09-26;2026-09-26 03:00:00;03:00:00;8,566;3;NE;Nordeste;CGH;PERFIL
2026-09-25;2026-09-26;2026-09-26 03:30:00;03:30:00;8,566;3;NE;Nordeste;CGH;PERFIL
2026-09-25;2026-09-26;2026-09-26 04:00:00;04:00:00;8,566;3;NE;Nordeste;CGH;PERFIL
2026-09-25;2026-09-26;2026-09-26 04:30:00;04:30:00;8,566;3;NE;Nordeste;CGH;PERFIL
2026-09-25;2026-09-26;2026-09-26 05:00:00;05:00:00;8,566;3;NE;Nordeste;CGH;PERFIL
2026-09-25;2026-09-26;2026-09-26 05:30:00;05:30:00;8,566;3;NE;Nordeste;CGH;PERFIL
2026-09-25;2026-09-26;2026-09-26 06:00:00;06:00:00;8,566;3;NE;Nordeste;CGH;PERFIL
2026-09-25;2026-09-26;2026-09-26 06:30:00;06:30:00;8,566;3;NE;Nordeste;CGH;PERFIL
2026-09-25;2026-09-26;2026-09-26 07:00:00;07:00:00;8,566;3;NE;Nordeste;CGH;PERFIL
2026-09-25;2026-09-26;2026-09-26 07:30:00;07:30:00;8,566;3;NE;Nordeste;CGH;PERFIL
2026-09-25;2026-09-26;2026-09-26 08:00:00;08:00:00;8,352;3;NE;Nordeste;CGH;PERFIL
2026-09-25;2026-09-26;2026-09-26 08:30:00;08:30:00;8,295;3;NE;Nordeste;CGH;PERFIL
2026-09-25;2026-09-26;2026-09-26 09:00:00;09:00:00;7,983;3;NE;Nordeste;CGH;PERFIL
2026-09-25;2026-09-26;2026-09-26 09:30:00;09:30:00;7,868;3;NE;Nordeste;CGH;PERFIL
2026-09-25;2026-09-26;2026-09-26 10:00:00;10:00:00;7,868;3;NE;Nordeste;CGH;PERFIL
2026-09-25;2026-09-26;2026-09-26 10:30:00;10:30:00;7,868;3;NE;Nordeste;CGH;PERFIL
2026-09-25;2026-09-26;2026-09-26 11:00:00;11:00:00;7,868;3;NE;Nordeste;CGH;PERFIL
2026-09-25;2026-09-26;2026-09-26 11:30:00;11:30:00;7,868;3;NE;Nordeste;CGH;PERFIL
2026-09-25;2026-09-26;2026-09-26 12:00:00;12:00:00;7,868;3;NE;Nordeste;CGH;PERFIL
2026-09-25;2026-09-26;2026-09-26 12:30:00;12:30:00;7,983;3;NE;Nordeste;CGH;PERFIL
2026-09-25;2026-09-26;2026-09-26 13:00:00;13:00:00;7,983;3;NE;Nordeste;CGH;PERFIL
2026-09-25;2026-09-26;2026-09-26 13:30:00;13:30:00;8,295;3;NE;Nordeste;CGH;PERFIL
2026-09-25;2026-09-26;2026-09-26 14:00:00;14:00:00;8,295;3;NE;Nordeste;CGH;PERFIL
2026-09-25;2026-09-26;2026-09-26 14:30:00;14:30:00;8,352;3;NE;Nordeste;CGH;PERFIL
2026-09-25;2026-09-26;2026-09-26 15:00:00;15:00:00;8,566;3;NE;Nordeste;CGH;PERFIL
2026-09-25;2026-09-26;2026-09-26 15:30:00;15:30:00;8,566;3;NE;Nordeste;CGH;PERFIL
2026-09-25;2026-09-26;2026-09-26 16:00:00;16:00:00;8,566;3;NE;Nordeste;CGH;PERFIL
2026-09-25;2026-09-26;2026-09-26 16:30:00;16:30:00;8,566;3;NE;Nordeste;CGH;PERFIL
2026-09-25;2026-09-26;2026-09-26 17:00:00;17:00:00;8,566;3;NE;Nordeste;CGH;PERFIL
2026-09-25;2026-09-26;2026-09-26 17:30:00;17:30:00;8,566;3;NE;Nordeste;CGH;PERFIL
2026-09-25;2026-09-26;2026-09-26 18:00:00;18:00:00;8,566;3;NE;Nordeste;CGH;PERFIL
2026-09-25;2026-09-26;2026-09-26 18:30:00;18:30:00;8,566;3;NE;Nordeste;CGH;PERFIL
2026-09-25;2026-09-26;2026-09-26 19:00:00;19:00:00;8,566;3;NE;Nordeste;CGH;PERFIL
2026-09-25;2026-09-26;2026-09-26 19:30:00;19:30:00;8,566;3;NE;Nordeste;CGH;PERFIL
2026-09-25;2026-09-26;2026-09-26 20:00:00;20:00:00;8,566;3;NE;Nordeste;CGH;PERFIL
2026-09-25;2026-09-26;2026-09-26 20:30:00;20:30:00;8,566;3;NE;Nordeste;CGH;PERFIL
2026-09-25;2026-09-26;2026-09-26 21:00:00;21:00:00;8,566;3;NE;Nordeste;CGH;PERFIL
2026-09-25;2026-09-26;2026-09-26 21:30:00;21:30:00;8,566;3;NE;Nordeste;CGH;PERFIL
2026-09-25;2026-09-26;2026-09-26 22:00:00;22:00:00;8,566;3;NE;Nordeste;CGH;PERFIL
2026-09-25;2026-09-26;2026-09-26 22:30:00;22:30:00;8,566;3;NE;Nordeste;CGH;PERFIL
2026-09-25;2026-09-26;2026-09-26 23:00:00;23:00:00;8,566;3;NE;Nordeste;CGH;PERFIL
2026-09-25;2026-09-26;2026-09-26 23:30:00;23:30:00;8,566;3;NE;Nordeste;CGH;PERFIL
2026-09-25;2026-09-27;2026-09-27 00:00:00;00:00:00;8,566;3;NE;Nordeste;CGH;PERFIL
2026-09-25;2026-09-27;2026-09-27 00:30:00;00:30:00;8,566;3;NE;Nordeste;CGH;PERFIL
2026-09-25;2026-09-27;2026-09-27 01:00:00;01:00:00;8,566;3;NE;Nordeste;CGH;PERFIL
2026-09-25;2026-09-27;2026-09-27 01:30:00;01:30:00;8,566;3;NE;Nordeste;CGH;PERFIL
2026-09-25;2026-09-27;2026-09-27 02:00:00;02:00:00;8,566;3;NE;Nordeste;CGH;PERFIL
2026-09-25;2026-09-27;2026-09-27 02:30:00;02:30:00;8,566;3;NE;Nordeste;CGH;PERFIL
2026-09-25;2026-09-27;2026-09-27 03:00:00;03:00:00;8,566;3;NE;Nordeste;CGH;PERFIL
2026-09-25;2026-09-27;2026-09-27 03:30:00;03:30:00;8,566;3;NE;Nordeste;CGH;PERFIL
2026-09-25;2026-09-27;2026-09-27 04:00:00;04:00:00;8,566;3;NE;Nordeste;CGH;PERFIL
2026-09-25;2026-09-27;2026-09-27 04:30:00;04:30:00;8,566;3;NE;Nordeste;CGH;PERFIL
2026-09-25;2026-09-27;2026-09-27 05:00:00;05:00:00;8,566;3;NE;Nordeste;CGH;PERFIL
2026-09-25;2026-09-27;2026-09-27 05:30:00;05:30:00;8,566;3;NE;Nordeste;CGH;PERFIL
2026-09-25;2026-09-27;2026-09-27 06:00:00;06:00:00;8,566;3;NE;Nordeste;CGH;PERFIL
2026-09-25;2026-09-27;2026-09-27 06:30:00;06:30:00;8,566;3;NE;Nordeste;CGH;PERFIL
2026-09-25;2026-09-27;2026-09-27 07:00:00;07:00:00;8,566;3;NE;Nordeste;CGH;PERFIL
2026-09-25;2026-09-27;2026-09-27 07:30:00;07:30:00;8,566;3;NE;Nordeste;CGH;PERFIL
2026-09-25;2026-09-27;2026-09-27 08:00:00;08:00:00;8,352;3;NE;Nordeste;CGH;PERFIL
2026-09-25;2026-09-27;2026-09-27 08:30:00;08:30:00;8,295;3;NE;Nordeste;CGH;PERFIL
2026-09-25;2026-09-27;2026-09-27 09:00:00;09:00:00;7,983;3;NE;Nordeste;CGH;PERFIL
2026-09-25;2026-09-27;2026-09-27 09:30:00;09:30:00;7,868;3;NE;Nordeste;CGH;PERFIL
2026-09-25;2026-09-27;2026-09-27 10:00:00;10:00:00;7,868;3;NE;Nordeste;CGH;PERFIL
2026-09-25;2026-09-27;2026-09-27 10:30:00;10:30:00;7,868;3;NE;Nordeste;CGH;PERFIL
2026-09-25;2026-09-27;2026-09-27 11:00:00;11:00:00;7,868;3;NE;Nordeste;CGH;PERFIL
2026-09-25;2026-09-27;2026-09-27 11:30:00;11:30:00;7,868;3;NE;Nordeste;CGH;PERFIL
2026-09-25;2026-09-27;2026-09-27 12:00:00;12:00:00;7,868;3;NE;Nordeste;CGH;PERFIL
2026-09-25;2026-09-27;2026-09-27 12:30:00;12:30:00;7,983;3;NE;Nordeste;CGH;PERFIL
2026-09-25;2026-09-27;2026-09-27 13:00:00;13:00:00;7,983;3;NE;Nordeste;CGH;PERFIL
2026-09-25;2026-09-27;2026-09-27 13:30:00;13:30:00;8,295;3;NE;Nordeste;CGH;PERFIL
2026-09-25;2026-09-27;2026-09-27 14:00:00;14:00:00;8,295;3;NE;Nordeste;CGH;PERFIL
2026-09-25;2026-09-27;2026-09-27 14:30:00;14:30:00;8,352;3;NE;Nordeste;CGH;PERFIL
2026-09-25;2026-09-27;2026-09-27 15:00:00;15:00:00;8,566;3;NE;Nordeste;CGH;PERFIL
2026-09-25;2026-09-27;2026-09-27 15:30:00;15:30:00;8,566;3;NE;Nordeste;CGH;PERFIL
2026-09-25;2026-09-27;2026-09-27 16:00:00;16:00:00;8,566;3;NE;Nordeste;CGH;PERFIL
2026-09-25;2026-09-27;2026-09-27 16:30:00;16:30:00;8,566;3;NE;Nordeste;CGH;PERFIL
2026-09-25;2026-09-27;2026-09-27 17:00:00;17:00:00;8,566;3;NE;Nordeste;CGH;PERFIL
2026-09-25;2026-09-27;2026-09-27 17:30:00;17:30:00;8,566;3;NE;Nordeste;CGH;PERFIL
2026-09-25;2026-09-27;2026-09-27 18:00:00;18:00:00;8,566;3;NE;Nordeste;CGH;PERFIL
2026-09-25;2026-09-27;2026-09-27 18:30:00;18:30:00;8,566;3;NE;Nordeste;CGH;PERFIL
2026-09-25;2026-09-27;2026-09-27 19:00:00;19:00:00;8,566;3;NE;Nordeste;CGH;PERFIL
2026-09-25;2026-09-27;2026-09-27 19:30:00;19:30:00;8,566;3;NE;Nordeste;CGH;PERFIL
2026-09-25;2026-09-27;2026-09-27 20:00:00;20:00:00;8,566;3;NE;Nordeste;CGH;PERFIL
2026-09-25;2026-09-27;2026-09-27 20:30:00;20:30:00;8,566;3;NE;Nordeste;CGH;PERFIL
2026-09-25;2026-09-27;2026-09-27 21:00:00;21:00:00;8,566;3;NE;Nordeste;CGH;PERFIL
2026-09-25;2026-09-27;2026-09-27 21:30:00;21:30:00;8,566;3;NE;Nordeste;CGH;PERFIL
2026-09-25;2026-09-27;2026-09-27 22:00:00;22:00:00;8,566;3;NE;Nordeste;CGH;PERFIL
2026-09-25;2026-09-27;2026-09-27 22:30:00;22:30:00;8,566;3;NE;Nordeste;CGH;PERFIL
2026-09-25;2026-09-27;2026-09-27 23:00:00;23:00:00;8,566;3;NE;Nordeste;CGH;PERFIL
2026-09-25;2026-09-27;2026-09-27 23:30:00;23:30:00;8,566;3;NE;Nordeste;CGH;PERFIL
2026-09-25;2026-09-28;2026-09-28 00:00:00;00:00:00;8,566;3;NE;Nordeste;CGH;PERFIL
2026-09-25;2026-09-28;2026-09-28 00:30:00;00:30:00;8,566;3;NE;Nordeste;CGH;PERFIL
2026-09-25;2026-09-28;2026-09-28 01:00:00;01:00:00;8,566;3;NE;Nordeste;CGH;PERFIL
2026-09-25;2026-09-28;2026-09-28 01:30:00;01:30:00;8,566;3;NE;Nordeste;CGH;PERFIL
2026-09-25;2026-09-28;2026-09-28 02:00:00;02:00:00;8,566;3;NE;Nordeste;CGH;PERFIL
2026-09-25;2026-09-28;2026-09-28 02:30:00;02:30:00;8,566;3;NE;Nordeste;CGH;PERFIL
2026-09-25;2026-09-28;2026-09-28 03:00:00;03:00:00;8,566;3;NE;Nordeste;CGH;PERFIL
2026-09-25;2026-09-28;2026-09-28 03:30:00;03:30:00;8,566;3;NE;Nordeste;CGH;PERFIL
2026-09-25;2026-09-28;2026-09-28 04:00:00;04:00:00;8,566;3;NE;Nordeste;CGH;PERFIL
2026-09-25;2026-09-28;2026-09-28 04:30:00;04:30:00;8,566;3;NE;Nordeste;CGH;PERFIL
2026-09-25;2026-09-28;2026-09-28 05:00:00;05:00:00;8,566;3;NE;Nordeste;CGH;PERFIL
2026-09-25;2026-09-28;2026-09-28 05:30:00;05:30:00;8,566;3;NE;Nordeste;CGH;PERFIL
2026-09-25;2026-09-28;2026-09-28 06:00:00;06:00:00;8,566;3;NE;Nordeste;CGH;PERFIL
2026-09-25;2026-09-28;2026-09-28 06:30:00;06:30:00;8,566;3;NE;Nordeste;CGH;PERFIL
2026-09-25;2026-09-28;2026-09-28 07:00:00;07:00:00;8,566;3;NE;Nordeste;CGH;PERFIL
2026-09-25;2026-09-28;2026-09-28 07:30:00;07:30:00;8,566;3;NE;Nordeste;CGH;PERFIL
2026-09-25;2026-09-28;2026-09-28 08:00:00;08:00:00;8,352;3;NE;Nordeste;CGH;PERFIL
2026-09-25;2026-09-28;2026-09-28 08:30:00;08:30:00;8,295;3;NE;Nordeste;CGH;PERFIL
2026-09-25;2026-09-28;2026-09-28 09:00:00;09:00:00;7,983;3;NE;Nordeste;CGH;PERFIL
2026-09-25;2026-09-28;2026-09-28 09:30:00;09:30:00;7,868;3;NE;Nordeste;CGH;PERFIL
2026-09-25;2026-09-28;2026-09-28 10:00:00;10:00:00;7,868;3;NE;Nordeste;CGH;PERFIL
2026-09-25;2026-09-28;2026-09-28 10:30:00;10:30:00;7,868;3;NE;Nordeste;CGH;PERFIL
2026-09-25;2026-09-28;2026-09-28 11:00:00;11:00:00;7,868;3;NE;Nordeste;CGH;PERFIL
2026-09-25;2026-09-28;2026-09-28 11:30:00;11:30:00;7,868;3;NE;Nordeste;CGH;PERFIL
2026-09-25;2026-09-28;2026-09-28 12:00:00;12:00:00;7,868;3;NE;Nordeste;CGH;PERFIL
2026-09-25;2026-09-28;2026-09-28 12:30:00;12:30:00;7,983;3;NE;Nordeste;CGH;PERFIL
2026-09-25;2026-09-28;2026-09-28 13:00:00;13:00:00;7,983;3;NE;Nordeste;CGH;PERFIL
2026-09-25;2026-09-28;2026-09-28 13:30:00;13:30:00;8,295;3;NE;Nordeste;CGH;PERFIL
2026-09-25;2026-09-28;2026-09-28 14:00:00;14:00:00;8,295;3;NE;Nordeste;CGH;PERFIL
2026-09-25;2026-09-28;2026-09-28 14:30:00;14:30:00;8,352;3;NE;Nordeste;CGH;PERFIL
2026-09-25;2026-09-28;2026-09-28 15:00:00;15:00:00;8,566;3;NE;Nordeste;CGH;PERFIL
2026-09-25;2026-09-28;2026-09-28 15:30:00;15:30:00;8,566;3;NE;Nordeste;CGH;PERFIL
2026-09-25;2026-09-28;2026-09-28 16:00:00;16:00:00;8,566;3;NE;Nordeste;CGH;PERFIL
2026-09-25;2026-09-28;2026-09-28 16:30:00;16:30:00;8,566;3;NE;Nordeste;CGH;PERFIL
2026-09-25;2026-09-28;2026-09-28 17:00:00;17:00:00;8,566;3;NE;Nordeste;CGH;PERFIL
2026-09-25;2026-09-28;2026-09-28 17:30:00;17:30:00;8,566;3;NE;Nordeste;CGH;PERFIL
2026-09-25;2026-09-28;2026-09-28 18:00:00;18:00:00;8,566;3;NE;Nordeste;CGH;PERFIL
2026-09-25;2026-09-28;2026-09-28 18:30:00;18:30:00;8,566;3;NE;Nordeste;CGH;PERFIL
2026-09-25;2026-09-28;2026-09-28 19:00:00;19:00:00;8,566;3;NE;Nordeste;CGH;PERFIL
2026-09-25;2026-09-28;2026-09-28 19:30:00;19:30:00;8,566;3;NE;Nordeste;CGH;PERFIL
2026-09-25;2026-09-28;2026-09-28 20:00:00;20:00:00;8,566;3;NE;Nordeste;CGH;PERFIL
2026-09-25;2026-09-28;2026-09-28 20:30:00;20:30:00;8,566;3;NE;Nordeste;CGH;PERFIL
2026-09-25;2026-09-28;2026-09-28 21:00:00;21:00:00;8,566;3;NE;Nordeste;CGH;PERFIL
2026-09-25;2026-09-28;2026-09-28 21:30:00;21:30:00;8,566;3;NE;Nordeste;CGH;PERFIL
2026-09-25;2026-09-28;2026-09-28 22:00:00;22:00:00;8,566;3;NE;Nordeste;CGH;PERFIL
2026-09-25;2026-09-28;2026-09-28 22:30:00;22:30:00;8,566;3;NE;Nordeste;CGH;PERFIL
2026-09-25;2026-09-28;2026-09-28 23:00:00;23:00:00;8,566;3;NE;Nordeste;CGH;PERFIL
2026-09-25;2026-09-28;2026-09-28 23:30:00;23:30:00;8,566;3;NE;Nordeste;CGH;PERFIL
2026-09-25;2026-09-29;2026-09-29 00:00:00;00:00:00;8,566;3;NE;Nordeste;CGH;PERFIL
2026-09-25;2026-09-29;2026-09-29 00:30:00;00:30:00;8,566;3;NE;Nordeste;CGH;PERFIL
2026-09-25;2026-09-29;2026-09-29 01:00:00;01:00:00;8,566;3;NE;Nordeste;CGH;PERFIL
2026-09-25;2026-09-29;2026-09-29 01:30:00;01:30:00;8,566;3;NE;Nordeste;CGH;PERFIL
2026-09-25;2026-09-29;2026-09-29 02:00:00;02:00:00;8,566;3;NE;Nordeste;CGH;PERFIL
2026-09-25;2026-09-29;2026-09-29 02:30:00;02:30:00;8,566;3;NE;Nordeste;CGH;PERFIL
2026-09-25;2026-09-29;2026-09-29 03:00:00;03:00:00;8,566;3;NE;Nordeste;CGH;PERFIL
2026-09-25;2026-09-29;2026-09-29 03:30:00;03:30:00;8,566;3;NE;Nordeste;CGH;PERFIL
2026-09-25;2026-09-29;2026-09-29 04:00:00;04:00:00;8,566;3;NE;Nordeste;CGH;PERFIL
2026-09-25;2026-09-29;2026-09-29 04:30:00;04:30:00;8,566;3;NE;Nordeste;CGH;PERFIL
2026-09-25;2026-09-29;2026-09-29 05:00:00;05:00:00;8,566;3;NE;Nordeste;CGH;PERFIL
2026-09-25;2026-09-29;2026-09-29 05:30:00;05:30:00;8,566;3;NE;Nordeste;CGH;PERFIL
2026-09-25;2026-09-29;2026-09-29 06:00:00;06:00:00;8,566;3;NE;Nordeste;CGH;PERFIL
2026-09-25;2026-09-29;2026-09-29 06:30:00;06:30:00;8,566;3;NE;Nordeste;CGH;PERFIL
2026-09-25;2026-09-29;2026-09-29 07:00:00;07:00:00;8,566;3;NE;Nordeste;CGH;PERFIL
2026-09-25;2026-09-29;2026-09-29 07:30:00;07:30:00;8,566;3;NE;Nordeste;CGH;PERFIL
2026-09-25;2026-09-29;2026-09-29 08:00:00;08:00:00;8,352;3;NE;Nordeste;CGH;PERFIL
2026-09-25;2026-09-29;2026-09-29 08:30:00;08:30:00;8,295;3;NE;Nordeste;CGH;PERFIL
2026-09-25;2026-09-29;2026-09-29 09:00:00;09:00:00;7,983;3;NE;Nordeste;CGH;PERFIL
2026-09-25;2026-09-29;2026-09-29 09:30:00;09:30:00;7,868;3;NE;Nordeste;CGH;PERFIL
2026-09-25;2026-09-29;2026-09-29 10:00:00;10:00:00;7,868;3;NE;Nordeste;CGH;PERFIL
2026-09-25;2026-09-29;2026-09-29 10:30:00;10:30:00;7,868;3;NE;Nordeste;CGH;PERFIL
2026-09-25;2026-09-29;2026-09-29 11:00:00;11:00:00;7,868;3;NE;Nordeste;CGH;PERFIL
2026-09-25;2026-09-29;2026-09-29 11:30:00;11:30:00;7,868;3;NE;Nordeste;CGH;PERFIL
2026-09-25;2026-09-29;2026-09-29 12:00:00;12:00:00;7,868;3;NE;Nordeste;CGH;PERFIL
2026-09-25;2026-09-29;2026-09-29 12:30:00;12:30:00;7,983;3;NE;Nordeste;CGH;PERFIL
2026-09-25;2026-09-29;2026-09-29 13:00:00;13:00:00;7,983;3;NE;Nordeste;CGH;PERFIL
2026-09-25;2026-09-29;2026-09-29 13:30:00;13:30:00;8,295;3;NE;Nordeste;CGH;PERFIL
2026-09-25;2026-09-29;2026-09-29 14:00:00;14:00:00;8,295;3;NE;Nordeste;CGH;PERFIL
2026-09-25;2026-09-29;2026-09-29 14:30:00;14:30:00;8,352;3;NE;Nordeste;CGH;PERFIL
2026-09-25;2026-09-29;2026-09-29 15:00:00;15:00:00;8,566;3;NE;Nordeste;CGH;PERFIL
2026-09-25;2026-09-29;2026-09-29 15:30:00;15:30:00;8,566;3;NE;Nordeste;CGH;PERFIL
2026-09-25;2026-09-29;2026-09-29 16:00:00;16:00:00;8,566;3;NE;Nordeste;CGH;PERFIL
2026-09-25;2026-09-29;2026-09-29 16:30:00;16:30:00;8,566;3;NE;Nordeste;CGH;PERFIL
2026-09-25;2026-09-29;2026-09-29 17:00:00;17:00:00;8,566;3;NE;Nordeste;CGH;PERFIL
2026-09-25;2026-09-29;2026-09-29 17:30:00;17:30:00;8,566;3;NE;Nordeste;CGH;PERFIL
2026-09-25;2026-09-29;2026-09-29 18:00:00;18:00:00;8,566;3;NE;Nordeste;CGH;PERFIL
2026-09-25;2026-09-29;2026-09-29 18:30:00;18:30:00;8,566;3;NE;Nordeste;CGH;PERFIL
2026-09-25;2026-09-29;2026-09-29 19:00:00;19:00:00;8,566;3;NE;Nordeste;CGH;PERFIL
2026-09-25;2026-09-29;2026-09-29 19:30:00;19:30:00;8,566;3;NE;Nordeste;CGH;PERFIL
2026-09-25;2026-09-29;2026-09-29 20:00:00;20:00:00;8,566;3;NE;Nordeste;CGH;PERFIL
2026-09-25;2026-09-29;2026-09-29 20:30:00;20:30:00;8,566;3;NE;Nordeste;CGH;PERFIL
2026-09-25;2026-09-29;2026-09-29 21:00:00;21:00:00;8,566;3;NE;Nordeste;CGH;PERFIL
2026-09-25;2026-09-29;2026-09-29 21:30:00;21:30:00;8,566;3;NE;Nordeste;CGH;PERFIL
2026-09-25;2026-09-29;2026-09-29 22:00:00;22:00:00;8,566;3;NE;Nordeste;CGH;PERFIL
2026-09-25;2026-09-29;2026-09-29 22:30:00;22:30:00;8,566;3;NE;Nordeste;CGH;PERFIL
2026-09-25;2026-09-29;2026-09-29 23:00:00;23:00:00;8,566;3;NE;Nordeste;CGH;PERFIL
2026-09-25;2026-09-29;2026-09-29 23:30:00;23:30:00;8,566;3;NE;Nordeste;CGH;PERFIL
2026-09-25;2026-09-30;2026-09-30 00:00:00;00:00:00;8,566;3;NE;Nordeste;CGH;PERFIL
2026-09-25;2026-09-30;2026-09-30 00:30:00;00:30:00;8,566;3;NE;Nordeste;CGH;PERFIL
2026-09-25;2026-09-30;2026-09-30 01:00:00;01:00:00;8,566;3;NE;Nordeste;CGH;PERFIL
2026-09-25;2026-09-30;2026-09-30 01:30:00;01:30:00;8,566;3;NE;Nordeste;CGH;PERFIL
2026-09-25;2026-09-30;2026-09-30 02:00:00;02:00:00;8,566;3;NE;Nordeste;CGH;PERFIL
2026-09-25;2026-09-30;2026-09-30 02:30:00;02:30:00;8,566;3;NE;Nordeste;CGH;PERFIL
2026-09-25;2026-09-30;2026-09-30 03:00:00;03:00:00;8,566;3;NE;Nordeste;CGH;PERFIL
2026-09-25;2026-09-30;2026-09-30 03:30:00;03:30:00;8,566;3;NE;Nordeste;CGH;PERFIL
2026-09-25;2026-09-30;2026-09-30 04:00:00;04:00:00;8,566;3;NE;Nordeste;CGH;PERFIL
2026-09-25;2026-09-30;2026-09-30 04:30:00;04:30:00;8,566;3;NE;Nordeste;CGH;PERFIL
2026-09-25;2026-09-30;2026-09-30 05:00:00;05:00:00;8,566;3;NE;Nordeste;CGH;PERFIL
2026-09-25;2026-09-30;2026-09-30 05:30:00;05:30:00;8,566;3;NE;Nordeste;CGH;PERFIL
2026-09-25;2026-09-30;2026-09-30 06:00:00;06:00:00;8,566;3;NE;Nordeste;CGH;PERFIL
2026-09-25;2026-09-30;2026-09-30 06:30:00;06:30:00;8,566;3;NE;Nordeste;CGH;PERFIL
2026-09-25;2026-09-30;2026-09-30 07:00:00;07:00:00;8,566;3;NE;Nordeste;CGH;PERFIL
2026-09-25;2026-09-30;2026-09-30 07:30:00;07:30:00;8,566;3;NE;Nordeste;CGH;PERFIL
2026-09-25;2026-09-30;2026-09-30 08:00:00;08:00:00;8,352;3;NE;Nordeste;CGH;PERFIL
2026-09-25;2026-09-30;2026-09-30 08:30:00;08:30:00;8,295;3;NE;Nordeste;CGH;PERFIL
2026-09-25;2026-09-30;2026-09-30 09:00:00;09:00:00;7,983;3;NE;Nordeste;CGH;PERFIL
2026-09-25;2026-09-30;2026-09-30 09:30:00;09:30:00;7,868;3;NE;Nordeste;CGH;PERFIL
2026-09-25;2026-09-30;2026-09-30 10:00:00;10:00:00;7,868;3;NE;Nordeste;CGH;PERFIL
2026-09-25;2026-09-30;2026-09-30 10:30:00;10:30:00;7,868;3;NE;Nordeste;CGH;PERFIL
2026-09-25;2026-09-30;2026-09-30 11:00:00;11:00:00;7,868;3;NE;Nordeste;CGH;PERFIL
2026-09-25;2026-09-30;2026-09-30 11:30:00;11:30:00;7,868;3;NE;Nordeste;CGH;PERFIL
2026-09-25;2026-09-30;2026-09-30 12:00:00;12:00:00;7,868;3;NE;Nordeste;CGH;PERFIL
2026-09-25;2026-09-30;2026-09-30 12:30:00;12:30:00;7,983;3;NE;Nordeste;CGH;PERFIL
2026-09-25;2026-09-30;2026-09-30 13:00:00;13:00:00;7,983;3;NE;Nordeste;CGH;PERFIL
2026-09-25;2026-09-30;2026-09-30 13:30:00;13:30:00;8,295;3;NE;Nordeste;CGH;PERFIL
2026-09-25;2026-09-30;2026-09-30 14:00:00;14:00:00;8,295;3;NE;Nordeste;CGH;PERFIL
2026-09-25;2026-09-30;2026-09-30 14:30:00;14:30:00;8,352;3;NE;Nordeste;CGH;PERFIL
2026-09-25;2026-09-30;2026-09-30 15:00:00;15:00:00;8,566;3;NE;Nordeste;CGH;PERFIL
2026-09-25;2026-09-30;2026-09-30 15:30:00;15:30:00;8,566;3;NE;Nordeste;CGH;PERFIL
2026-09-25;2026-09-30;2026-09-30 16:00:00;16:00:00;8,566;3;NE;Nordeste;CGH;PERFIL
2026-09-25;2026-09-30;2026-09-30 16:30:00;16:30:00;8,566;3;NE;Nordeste;CGH;PERFIL
2026-09-25;2026-09-30;2026-09-30 17:00:00;17:00:00;8,566;3;NE;Nordeste;CGH;PERFIL
2026-09-25;2026-09-30;2026-09-30 17:30:00;17:30:00;8,566;3;NE;Nordeste;CGH;PERFIL
2026-09-25;2026-09-30;2026-09-30 18:00:00;18:00:00;8,566;3;NE;Nordeste;CGH;PERFIL
2026-09-25;2026-09-30;2026-09-30 18:30:00;18:30:00;8,566;3;NE;Nordeste;CGH;PERFIL
2026-09-25;2026-09-30;2026-09-30 19:00:00;19:00:00;8,566;3;NE;Nordeste;CGH;PERFIL
2026-09-25;2026-09-30;2026-09-30 19:30:00;19:30:00;8,566;3;NE;Nordeste;CGH;PERFIL
2026-09-25;2026-09-30;2026-09-30 20:00:00;20:00:00;8,566;3;NE;Nordeste;CGH;PERFIL
2026-09-25;2026-09-30;2026-09-30 20:30:00;20:30:00;8,566;3;NE;Nordeste;CGH;PERFIL
2026-09-25;2026-09-30;2026-09-30 21:00:00;21:00:00;8,566;3;NE;Nordeste;CGH;PERFIL
2026-09-25;2026-09-30;2026-09-30 21:30:00;21:30:00;8,566;3;NE;Nordeste;CGH;PERFIL
2026-09-25;2026-09-30;2026-09-30 22:00:00;22:00:00;8,566;3;NE;Nordeste;CGH;PERFIL
2026-09-25;2026-09-30;2026-09-30 22:30:00;22:30:00;8,566;3;NE;Nordeste;CGH;PERFIL
2026-09-25;2026-09-30;2026-09-30 23:00:00;23:00:00;8,566;3;NE;Nordeste;CGH;PERFIL
2026-09-25;2026-09-30;2026-09-30 23:30:00;23:30:00;8,566;3;NE;Nordeste;CGH;PERFIL
2026-09-25;2026-10-01;2026-10-01 00:00:00;00:00:00;8,566;3;NE;Nordeste;CGH;PERFIL
2026-09-25;2026-10-01;2026-10-01 00:30:00;00:30:00;8,566;3;NE;Nordeste;CGH;PERFIL
2026-09-25;2026-10-01;2026-10-01 01:00:00;01:00:00;8,566;3;NE;Nordeste;CGH;PERFIL
2026-09-25;2026-10-01;2026-10-01 01:30:00;01:30:00;8,566;3;NE;Nordeste;CGH;PERFIL
2026-09-25;2026-10-01;2026-10-01 02:00:00;02:00:00;8,566;3;NE;Nordeste;CGH;PERFIL
2026-09-25;2026-10-01;2026-10-01 02:30:00;02:30:00;8,566;3;NE;Nordeste;CGH;PERFIL
2026-09-25;2026-10-01;2026-10-01 03:00:00;03:00:00;8,566;3;NE;Nordeste;CGH;PERFIL
2026-09-25;2026-10-01;2026-10-01 03:30:00;03:30:00;8,566;3;NE;Nordeste;CGH;PERFIL
2026-09-25;2026-10-01;2026-10-01 04:00:00;04:00:00;8,566;3;NE;Nordeste;CGH;PERFIL
2026-09-25;2026-10-01;2026-10-01 04:30:00;04:30:00;8,566;3;NE;Nordeste;CGH;PERFIL
2026-09-25;2026-10-01;2026-10-01 05:00:00;05:00:00;8,566;3;NE;Nordeste;CGH;PERFIL
2026-09-25;2026-10-01;2026-10-01 05:30:00;05:30:00;8,566;3;NE;Nordeste;CGH;PERFIL
2026-09-25;2026-10-01;2026-10-01 06:00:00;06:00:00;8,566;3;NE;Nordeste;CGH;PERFIL
2026-09-25;2026-10-01;2026-10-01 06:30:00;06:30:00;8,566;3;NE;Nordeste;CGH;PERFIL
2026-09-25;2026-10-01;2026-10-01 07:00:00;07:00:00;8,566;3;NE;Nordeste;CGH;PERFIL
2026-09-25;2026-10-01;2026-10-01 07:30:00;07:30:00;8,566;3;NE;Nordeste;CGH;PERFIL
2026-09-25;2026-10-01;2026-10-01 08:00:00;08:00:00;8,352;3;NE;Nordeste;CGH;PERFIL
2026-09-25;2026-10-01;2026-10-01 08:30:00;08:30:00;8,295;3;NE;Nordeste;CGH;PERFIL
2026-09-25;2026-10-01;2026-10-01 09:00:00;09:00:00;7,983;3;NE;Nordeste;CGH;PERFIL
2026-09-25;2026-10-01;2026-10-01 09:30:00;09:30:00;7,868;3;NE;Nordeste;CGH;PERFIL
2026-09-25;2026-10-01;2026-10-01 10:00:00;10:00:00;7,868;3;NE;Nordeste;CGH;PERFIL
2026-09-25;2026-10-01;2026-10-01 10:30:00;10:30:00;7,868;3;NE;Nordeste;CGH;PERFIL
2026-09-25;2026-10-01;2026-10-01 11:00:00;11:00:00;7,868;3;NE;Nordeste;CGH;PERFIL
2026-09-25;2026-10-01;2026-10-01 11:30:00;11:30:00;7,868;3;NE;Nordeste;CGH;PERFIL
2026-09-25;2026-10-01;2026-10-01 12:00:00;12:00:00;7,868;3;NE;Nordeste;CGH;PERFIL
2026-09-25;2026-10-01;2026-10-01 12:30:00;12:30:00;7,983;3;NE;Nordeste;CGH;PERFIL
2026-09-25;2026-10-01;2026-10-01 13:00:00;13:00:00;7,983;3;NE;Nordeste;CGH;PERFIL
2026-09-25;2026-10-01;2026-10-01 13:30:00;13:30:00;8,295;3;NE;Nordeste;CGH;PERFIL
2026-09-25;2026-10-01;2026-10-01 14:00:00;14:00:00;8,295;3;NE;Nordeste;CGH;PERFIL
2026-09-25;2026-10-01;2026-10-01 14:30:00;14:30:00;8,352;3;NE;Nordeste;CGH;PERFIL
2026-09-25;2026-10-01;2026-10-01 15:00:00;15:00:00;8,566;3;NE;Nordeste;CGH;PERFIL
2026-09-25;2026-10-01;2026-10-01 15:30:00;15:30:00;8,566;3;NE;Nordeste;CGH;PERFIL
2026-09-25;2026-10-01;2026-10-01 16:00:00;16:00:00;8,566;3;NE;Nordeste;CGH;PERFIL
2026-09-25;2026-10-01;2026-10-01 16:30:00;16:30:00;8,566;3;NE;Nordeste;CGH;PERFIL
2026-09-25;2026-10-01;2026-10-01 17:00:00;17:00:00;8,566;3;NE;Nordeste;CGH;PERFIL
2026-09-25;2026-10-01;2026-10-01 17:30:00;17:30:00;8,566;3;NE;Nordeste;CGH;PERFIL
2026-09-25;2026-10-01;2026-10-01 18:00:00;18:00:00;8,566;3;NE;Nordeste;CGH;PERFIL
2026-09-25;2026-10-01;2026-10-01 18:30:00;18:30:00;8,566;3;NE;Nordeste;CGH;PERFIL
2026-09-25;2026-10-01;2026-10-01 19:00:00;19:00:00;8,566;3;NE;Nordeste;CGH;PERFIL
2026-09-25;2026-10-01;2026-10-01 19:30:00;19:30:00;8,566;3;NE;Nordeste;CGH;PERFIL
2026-09-25;2026-10-01;2026-10-01 20:00:00;20:00:00;8,566;3;NE;Nordeste;CGH;PERFIL
2026-09-25;2026-10-01;2026-10-01 20:30:00;20:30:00;8,566;3;NE;Nordeste;CGH;PERFIL
2026-09-25;2026-10-01;2026-10-01 21:00:00;21:00:00;8,566;3;NE;Nordeste;CGH;PERFIL
2026-09-25;2026-10-01;2026-10-01 21:30:00;21:30:00;8,566;3;NE;Nordeste;CGH;PERFIL
2026-09-25;2026-10-01;2026-10-01 22:00:00;22:00:00;8,566;3;NE;Nordeste;CGH;PERFIL
2026-09-25;2026-10-01;2026-10-01 22:30:00;22:30:00;8,566;3;NE;Nordeste;CGH;PERFIL
2026-09-25;2026-10-01;2026-10-01 23:00:00;23:00:00;8,566;3;NE;Nordeste;CGH;PERFIL
2026-09-25;2026-10-01;2026-10-01 23:30:00;23:30:00;8,566;3;NE;Nordeste;CGH;PERFIL
2026-09-25;2026-10-02;2026-10-02 00:00:00;00:00:00;8,566;3;NE;Nordeste;CGH;PERFIL
2026-09-25;2026-10-02;2026-10-02 00:30:00;00:30:00;8,566;3;NE;Nordeste;CGH;PERFIL
2026-09-25;2026-10-02;2026-10-02 01:00:00;01:00:00;8,566;3;NE;Nordeste;CGH;PERFIL
2026-09-25;2026-10-02;2026-10-02 01:30:00;01:30:00;8,566;3;NE;Nordeste;CGH;PERFIL
2026-09-25;2026-10-02;2026-10-02 02:00:00;02:00:00;8,566;3;NE;Nordeste;CGH;PERFIL
2026-09-25;2026-10-02;2026-10-02 02:30:00;02:30:00;8,566;3;NE;Nordeste;CGH;PERFIL
2026-09-25;2026-10-02;2026-10-02 03:00:00;03:00:00;8,566;3;NE;Nordeste;CGH;PERFIL
2026-09-25;2026-10-02;2026-10-02 03:30:00;03:30:00;8,566;3;NE;Nordeste;CGH;PERFIL
2026-09-25;2026-10-02;2026-10-02 04:00:00;04:00:00;8,566;3;NE;Nordeste;CGH;PERFIL
2026-09-25;2026-10-02;2026-10-02 04:30:00;04:30:00;8,566;3;NE;Nordeste;CGH;PERFIL
2026-09-25;2026-10-02;2026-10-02 05:00:00;05:00:00;8,566;3;NE;Nordeste;CGH;PERFIL
2026-09-25;2026-10-02;2026-10-02 05:30:00;05:30:00;8,566;3;NE;Nordeste;CGH;PERFIL
2026-09-25;2026-10-02;2026-10-02 06:00:00;06:00:00;8,566;3;NE;Nordeste;CGH;PERFIL
2026-09-25;2026-10-02;2026-10-02 06:30:00;06:30:00;8,566;3;NE;Nordeste;CGH;PERFIL
2026-09-25;2026-10-02;2026-10-02 07:00:00;07:00:00;8,566;3;NE;Nordeste;CGH;PERFIL
2026-09-25;2026-10-02;2026-10-02 07:30:00;07:30:00;8,566;3;NE;Nordeste;CGH;PERFIL
2026-09-25;2026-10-02;2026-10-02 08:00:00;08:00:00;8,352;3;NE;Nordeste;CGH;PERFIL
2026-09-25;2026-10-02;2026-10-02 08:30:00;08:30:00;8,295;3;NE;Nordeste;CGH;PERFIL
2026-09-25;2026-10-02;2026-10-02 09:00:00;09:00:00;7,983;3;NE;Nordeste;CGH;PERFIL
2026-09-25;2026-10-02;2026-10-02 09:30:00;09:30:00;7,868;3;NE;Nordeste;CGH;PERFIL
2026-09-25;2026-10-02;2026-10-02 10:00:00;10:00:00;7,868;3;NE;Nordeste;CGH;PERFIL
2026-09-25;2026-10-02;2026-10-02 10:30:00;10:30:00;7,868;3;NE;Nordeste;CGH;PERFIL
2026-09-25;2026-10-02;2026-10-02 11:00:00;11:00:00;7,868;3;NE;Nordeste;CGH;PERFIL
2026-09-25;2026-10-02;2026-10-02 11:30:00;11:30:00;7,868;3;NE;Nordeste;CGH;PERFIL
2026-09-25;2026-10-02;2026-10-02 12:00:00;12:00:00;7,868;3;NE;Nordeste;CGH;PERFIL
2026-09-25;2026-10-02;2026-10-02 12:30:00;12:30:00;7,983;3;NE;Nordeste;CGH;PERFIL
2026-09-25;2026-10-02;2026-10-02 13:00:00;13:00:00;7,983;3;NE;Nordeste;CGH;PERFIL
2026-09-25;2026-10-02;2026-10-02 13:30:00;13:30:00;8,295;3;NE;Nordeste;CGH;PERFIL
2026-09-25;2026-10-02;2026-10-02 14:00:00;14:00:00;8,295;3;NE;Nordeste;CGH;PERFIL
2026-09-25;2026-10-02;2026-10-02 14:30:00;14:30:00;8,352;3;NE;Nordeste;CGH;PERFIL
2026-09-25;2026-10-02;2026-10-02 15:00:00;15:00:00;8,566;3;NE;Nordeste;CGH;PERFIL
2026-09-25;2026-10-02;2026-10-02 15:30:00;15:30:00;8,566;3;NE;Nordeste;CGH;PERFIL
2026-09-25;2026-10-02;2026-10-02 16:00:00;16:00:00;8,566;3;NE;Nordeste;CGH;PERFIL
2026-09-25;2026-10-02;2026-10-02 16:30:00;16:30:00;8,566;3;NE;Nordeste;CGH;PERFIL
2026-09-25;2026-10-02;2026-10-02 17:00:00;17:00:00;8,566;3;NE;Nordeste;CGH;PERFIL
2026-09-25;2026-10-02;2026-10-02 17:30:00;17:30:00;8,566;3;NE;Nordeste;CGH;PERFIL
2026-09-25;2026-10-02;2026-10-02 18:00:00;18:00:00;8,566;3;NE;Nordeste;CGH;PERFIL
2026-09-25;2026-10-02;2026-10-02 18:30:00;18:30:00;8,566;3;NE;Nordeste;CGH;PERFIL
2026-09-25;2026-10-02;2026-10-02 19:00:00;19:00:00;8,566;3;NE;Nordeste;CGH;PERFIL
2026-09-25;2026-10-02;2026-10-02 19:30:00;19:30:00;8,566;3;NE;Nordeste;CGH;PERFIL
2026-09-25;2026-10-02;2026-10-02 20:00:00;20:00:00;8,566;3;NE;Nordeste;CGH;PERFIL
2026-09-25;2026-10-02;2026-10-02 20:30:00;20:30:00;8,566;3;NE;Nordeste;CGH;PERFIL
2026-09-25;2026-10-02;2026-10-02 21:00:00;21:00:00;8,566;3;NE;Nordeste;CGH;PERFIL
2026-09-25;2026-10-02;2026-10-02 21:30:00;21:30:00;8,566;3;NE;Nordeste;CGH;PERFIL
2026-09-25;2026-10-02;2026-10-02 22:00:00;22:00:00;8,566;3;NE;Nordeste;CGH;PERFIL
2026-09-25;2026-10-02;2026-10-02 22:30:00;22:30:00;8,566;3;NE;Nordeste;CGH;PERFIL
2026-09-25;2026-10-02;2026-10-02 23:00:00;23:00:00;8,566;3;NE;Nordeste;CGH;PERFIL
2026-09-25;2026-10-02;2026-10-02 23:30:00;23:30:00;8,566;3;NE;Nordeste;CGH;PERFIL
2026-09-25;2026-09-25;2026-09-25 00:00:00;00:00:00;117,0;2;S;Sul;CGH;DESSEM
2026-09-25;2026-09-25;2026-09-25 00:30:00;00:30:00;116,0;2;S;Sul;CGH;DESSEM
2026-09-25;2026-09-25;2026-09-25 01:00:00;01:00:00;116,0;2;S;Sul;CGH;DESSEM
2026-09-25;2026-09-25;2026-09-25 01:30:00;01:30:00;116,0;2;S;Sul;CGH;DESSEM
2026-09-25;2026-09-25;2026-09-25 02:00:00;02:00:00;116,0;2;S;Sul;CGH;DESSEM
2026-09-25;2026-09-25;2026-09-25 02:30:00;02:30:00;116,0;2;S;Sul;CGH;DESSEM
2026-09-25;2026-09-25;2026-09-25 03:00:00;03:00:00;116,0;2;S;Sul;CGH;DESSEM
2026-09-25;2026-09-25;2026-09-25 03:30:00;03:30:00;116,0;2;S;Sul;CGH;DESSEM
2026-09-25;2026-09-25;2026-09-25 04:00:00;04:00:00;116,0;2;S;Sul;CGH;DESSEM
2026-09-25;2026-09-25;2026-09-25 04:30:00;04:30:00;116,0;2;S;Sul;CGH;DESSEM
2026-09-25;2026-09-25;2026-09-25 05:00:00;05:00:00;116,0;2;S;Sul;CGH;DESSEM
2026-09-25;2026-09-25;2026-09-25 05:30:00;05:30:00;116,0;2;S;Sul;CGH;DESSEM
2026-09-25;2026-09-25;2026-09-25 06:00:00;06:00:00;116,0;2;S;Sul;CGH;DESSEM
2026-09-25;2026-09-25;2026-09-25 06:30:00;06:30:00;116,0;2;S;Sul;CGH;DESSEM
2026-09-25;2026-09-25;2026-09-25 07:00:00;07:00:00;116,0;2;S;Sul;CGH;DESSEM
2026-09-25;2026-09-25;2026-09-25 07:30:00;07:30:00;116,0;2;S;Sul;CGH;DESSEM
2026-09-25;2026-09-25;2026-09-25 08:00:00;08:00:00;116,0;2;S;Sul;CGH;DESSEM
2026-09-25;2026-09-25;2026-09-25 08:30:00;08:30:00;116,0;2;S;Sul;CGH;DESSEM
2026-09-25;2026-09-25;2026-09-25 09:00:00;09:00:00;116,0;2;S;Sul;CGH;DESSEM
2026-09-25;2026-09-25;2026-09-25 09:30:00;09:30:00;115,0;2;S;Sul;CGH;DESSEM
2026-09-25;2026-09-25;2026-09-25 10:00:00;10:00:00;115,0;2;S;Sul;CGH;DESSEM
2026-09-25;2026-09-25;2026-09-25 10:30:00;10:30:00;115,0;2;S;Sul;CGH;DESSEM
2026-09-25;2026-09-25;2026-09-25 11:00:00;11:00:00;115,0;2;S;Sul;CGH;DESSEM
2026-09-25;2026-09-25;2026-09-25 11:30:00;11:30:00;115,0;2;S;Sul;CGH;DESSEM
2026-09-25;2026-09-25;2026-09-25 12:00:00;12:00:00;115,0;2;S;Sul;CGH;DESSEM
2026-09-25;2026-09-25;2026-09-25 12:30:00;12:30:00;116,0;2;S;Sul;CGH;DESSEM
2026-09-25;2026-09-25;2026-09-25 13:00:00;13:00:00;116,0;2;S;Sul;CGH;DESSEM
2026-09-25;2026-09-25;2026-09-25 13:30:00;13:30:00;116,0;2;S;Sul;CGH;DESSEM
2026-09-25;2026-09-25;2026-09-25 14:00:00;14:00:00;116,0;2;S;Sul;CGH;DESSEM
2026-09-25;2026-09-25;2026-09-25 14:30:00;14:30:00;116,0;2;S;Sul;CGH;DESSEM
2026-09-25;2026-09-25;2026-09-25 15:00:00;15:00:00;116,0;2;S;Sul;CGH;DESSEM
2026-09-25;2026-09-25;2026-09-25 15:30:00;15:30:00;116,0;2;S;Sul;CGH;DESSEM
2026-09-25;2026-09-25;2026-09-25 16:00:00;16:00:00;116,0;2;S;Sul;CGH;DESSEM
2026-09-25;2026-09-25;2026-09-25 16:30:00;16:30:00;116,0;2;S;Sul;CGH;DESSEM
2026-09-25;2026-09-25;2026-09-25 17:00:00;17:00:00;117,0;2;S;Sul;CGH;DESSEM
2026-09-25;2026-09-25;2026-09-25 17:30:00;17:30:00;117,0;2;S;Sul;CGH;DESSEM
2026-09-25;2026-09-25;2026-09-25 18:00:00;18:00:00;118,0;2;S;Sul;CGH;DESSEM
2026-09-25;2026-09-25;2026-09-25 18:30:00;18:30:00;118,0;2;S;Sul;CGH;DESSEM
2026-09-25;2026-09-25;2026-09-25 19:00:00;19:00:00;119,0;2;S;Sul;CGH;DESSEM
2026-09-25;2026-09-25;2026-09-25 19:30:00;19:30:00;119,0;2;S;Sul;CGH;DESSEM
2026-09-25;2026-09-25;2026-09-25 20:00:00;20:00:00;119,0;2;S;Sul;CGH;DESSEM
2026-09-25;2026-09-25;2026-09-25 20:30:00;20:30:00;119,0;2;S;Sul;CGH;DESSEM
2026-09-25;2026-09-25;2026-09-25 21:00:00;21:00:00;119,0;2;S;Sul;CGH;DESSEM
2026-09-25;2026-09-25;2026-09-25 21:30:00;21:30:00;118,0;2;S;Sul;CGH;DESSEM
2026-09-25;2026-09-25;2026-09-25 22:00:00;22:00:00;118,0;2;S;Sul;CGH;DESSEM
2026-09-25;2026-09-25;2026-09-25 22:30:00;22:30:00;117,0;2;S;Sul;CGH;DESSEM
2026-09-25;2026-09-25;2026-09-25 23:00:00;23:00:00;117,0;2;S;Sul;CGH;DESSEM
2026-09-25;2026-09-25;2026-09-25 23:30:00;23:30:00;117,0;2;S;Sul;CGH;DESSEM
2026-09-25;2026-09-26;2026-09-26 00:00:00;00:00:00;118,109;2;S;Sul;CGH;PERFIL
2026-09-25;2026-09-26;2026-09-26 00:30:00;00:30:00;117,64;2;S;Sul;CGH;PERFIL
2026-09-25;2026-09-26;2026-09-26 01:00:00;01:00:00;117,604;2;S;Sul;CGH;PERFIL
2026-09-25;2026-09-26;2026-09-26 01:30:00;01:30:00;116,621;2;S;Sul;CGH;PERFIL
2026-09-25;2026-09-26;2026-09-26 02:00:00;02:00:00;116,621;2;S;Sul;CGH;PERFIL
2026-09-25;2026-09-26;2026-09-26 02:30:00;02:30:00;116,446;2;S;Sul;CGH;PERFIL
2026-09-25;2026-09-26;2026-09-26 03:00:00;03:00:00;116,232;2;S;Sul;CGH;PERFIL
2026-09-25;2026-09-26;2026-09-26 03:30:00;03:30:00;116,232;2;S;Sul;CGH;PERFIL
2026-09-25;2026-09-26;2026-09-26 04:00:00;04:00:00;116,117;2;S;Sul;CGH;PERFIL
2026-09-25;2026-09-26;2026-09-26 04:30:00;04:30:00;116,117;2;S;Sul;CGH;PERFIL
2026-09-25;2026-09-26;2026-09-26 05:00:00;05:00:00;116,024;2;S;Sul;CGH;PERFIL
2026-09-25;2026-09-26;2026-09-26 05:30:00;05:30:00;115,954;2;S;Sul;CGH;PERFIL
2026-09-25;2026-09-26;2026-09-26 06:00:00;06:00:00;115,811;2;S;Sul;CGH;PERFIL
2026-09-25;2026-09-26;2026-09-26 06:30:00;06:30:00;115,495;2;S;Sul;CGH;PERFIL
2026-09-25;2026-09-26;2026-09-26 07:00:00;07:00:00;115,154;2;S;Sul;CGH;PERFIL
2026-09-25;2026-09-26;2026-09-26 07:30:00;07:30:00;114,406;2;S;Sul;CGH;PERFIL
2026-09-25;2026-09-26;2026-09-26 08:00:00;08:00:00;114,148;2;S;Sul;CGH;PERFIL
2026-09-25;2026-09-26;2026-09-26 08:30:00;08:30:00;113,071;2;S;Sul;CGH;PERFIL
2026-09-25;2026-09-26;2026-09-26 09:00:00;09:00:00;111,976;2;S;Sul;CGH;PERFIL
2026-09-25;2026-09-26;2026-09-26 09:30:00;09:30:00;111,6;2;S;Sul;CGH;PERFIL
2026-09-25;2026-09-26;2026-09-26 10:00:00;10:00:00;111,339;2;S;Sul;CGH;PERFIL
2026-09-25;2026-09-26;2026-09-26 10:30:00;10:30:00;111,234;2;S;Sul;CGH;PERFIL
2026-09-25;2026-09-26;2026-09-26 11:00:00;11:00:00;111,167;2;S;Sul;CGH;PERFIL
2026-09-25;2026-09-26;2026-09-26 11:30:00;11:30:00;111,167;2;S;Sul;CGH;PERFIL
2026-09-25;2026-09-26;2026-09-26 12:00:00;12:00:00;111,343;2;S;Sul;CGH;PERFIL
2026-09-25;2026-09-26;2026-09-26 12:30:00;12:30:00;111,685;2;S;Sul;CGH;PERFIL
2026-09-25;2026-09-26;2026-09-26 13:00:00;13:00:00;111,685;2;S;Sul;CGH;PERFIL
2026-09-25;2026-09-26;2026-09-26 13:30:00;13:30:00;112,018;2;S;Sul;CGH;PERFIL
2026-09-25;2026-09-26;2026-09-26 14:00:00;14:00:00;112,301;2;S;Sul;CGH;PERFIL
2026-09-25;2026-09-26;2026-09-26 14:30:00;14:30:00;112,905;2;S;Sul;CGH;PERFIL
2026-09-25;2026-09-26;2026-09-26 15:00:00;15:00:00;113,991;2;S;Sul;CGH;PERFIL
2026-09-25;2026-09-26;2026-09-26 15:30:00;15:30:00;115,304;2;S;Sul;CGH;PERFIL
2026-09-25;2026-09-26;2026-09-26 16:00:00;16:00:00;116,024;2;S;Sul;CGH;PERFIL
2026-09-25;2026-09-26;2026-09-26 16:30:00;16:30:00;117,39;2;S;Sul;CGH;PERFIL
2026-09-25;2026-09-26;2026-09-26 17:00:00;17:00:00;118,754;2;S;Sul;CGH;PERFIL
2026-09-25;2026-09-26;2026-09-26 17:30:00;17:30:00;120,141;2;S;Sul;CGH;PERFIL
2026-09-25;2026-09-26;2026-09-26 18:00:00;18:00:00;121,367;2;S;Sul;CGH;PERFIL
2026-09-25;2026-09-26;2026-09-26 18:30:00;18:30:00;122,234;2;S;Sul;CGH;PERFIL
2026-09-25;2026-09-26;2026-09-26 19:00:00;19:00:00;122,408;2;S;Sul;CGH;PERFIL
2026-09-25;2026-09-26;2026-09-26 19:30:00;19:30:00;122,774;2;S;Sul;CGH;PERFIL
2026-09-25;2026-09-26;2026-09-26 20:00:00;20:00:00;123,021;2;S;Sul;CGH;PERFIL
2026-09-25;2026-09-26;2026-09-26 20:30:00;20:30:00;122,807;2;S;Sul;CGH;PERFIL
2026-09-25;2026-09-26;2026-09-26 21:00:00;21:00:00;122,441;2;S;Sul;CGH;PERFIL
2026-09-25;2026-09-26;2026-09-26 21:30:00;21:30:00;122,267;2;S;Sul;CGH;PERFIL
2026-09-25;2026-09-26;2026-09-26 22:00:00;22:00:00;121,652;2;S;Sul;CGH;PERFIL
2026-09-25;2026-09-26;2026-09-26 22:30:00;22:30:00;121,134;2;S;Sul;CGH;PERFIL
2026-09-25;2026-09-26;2026-09-26 23:00:00;23:00:00;119,76;2;S;Sul;CGH;PERFIL
2026-09-25;2026-09-26;2026-09-26 23:30:00;23:30:00;119,313;2;S;Sul;CGH;PERFIL
2026-09-25;2026-09-27;2026-09-27 00:00:00;00:00:00;118,109;2;S;Sul;CGH;PERFIL
2026-09-25;2026-09-27;2026-09-27 00:30:00;00:30:00;117,64;2;S;Sul;CGH;PERFIL
2026-09-25;2026-09-27;2026-09-27 01:00:00;01:00:00;117,604;2;S;Sul;CGH;PERFIL
2026-09-25;2026-09-27;2026-09-27 01:30:00;01:30:00;116,621;2;S;Sul;CGH;PERFIL
2026-09-25;2026-09-27;2026-09-27 02:00:00;02:00:00;116,621;2;S;Sul;CGH;PERFIL
2026-09-25;2026-09-27;2026-09-27 02:30:00;02:30:00;116,446;2;S;Sul;CGH;PERFIL
2026-09-25;2026-09-27;2026-09-27 03:00:00;03:00:00;116,232;2;S;Sul;CGH;PERFIL
2026-09-25;2026-09-27;2026-09-27 03:30:00;03:30:00;116,232;2;S;Sul;CGH;PERFIL
2026-09-25;2026-09-27;2026-09-27 04:00:00;04:00:00;116,117;2;S;Sul;CGH;PERFIL
2026-09-25;2026-09-27;2026-09-27 04:30:00;04:30:00;116,117;2;S;Sul;CGH;PERFIL
2026-09-25;2026-09-27;2026-09-27 05:00:00;05:00:00;116,024;2;S;Sul;CGH;PERFIL
2026-09-25;2026-09-27;2026-09-27 05:30:00;05:30:00;115,954;2;S;Sul;CGH;PERFIL
2026-09-25;2026-09-27;2026-09-27 06:00:00;06:00:00;115,811;2;S;Sul;CGH;PERFIL
2026-09-25;2026-09-27;2026-09-27 06:30:00;06:30:00;115,495;2;S;Sul;CGH;PERFIL
2026-09-25;2026-09-27;2026-09-27 07:00:00;07:00:00;115,154;2;S;Sul;CGH;PERFIL
2026-09-25;2026-09-27;2026-09-27 07:30:00;07:30:00;114,406;2;S;Sul;CGH;PERFIL
2026-09-25;2026-09-27;2026-09-27 08:00:00;08:00:00;114,148;2;S;Sul;CGH;PERFIL
2026-09-25;2026-09-27;2026-09-27 08:30:00;08:30:00;113,071;2;S;Sul;CGH;PERFIL
2026-09-25;2026-09-27;2026-09-27 09:00:00;09:00:00;111,976;2;S;Sul;CGH;PERFIL
2026-09-25;2026-09-27;2026-09-27 09:30:00;09:30:00;111,6;2;S;Sul;CGH;PERFIL
2026-09-25;2026-09-27;2026-09-27 10:00:00;10:00:00;111,339;2;S;Sul;CGH;PERFIL
2026-09-25;2026-09-27;2026-09-27 10:30:00;10:30:00;111,234;2;S;Sul;CGH;PERFIL
2026-09-25;2026-09-27;2026-09-27 11:00:00;11:00:00;111,167;2;S;Sul;CGH;PERFIL
2026-09-25;2026-09-27;2026-09-27 11:30:00;11:30:00;111,167;2;S;Sul;CGH;PERFIL
2026-09-25;2026-09-27;2026-09-27 12:00:00;12:00:00;111,343;2;S;Sul;CGH;PERFIL
2026-09-25;2026-09-27;2026-09-27 12:30:00;12:30:00;111,685;2;S;Sul;CGH;PERFIL
2026-09-25;2026-09-27;2026-09-27 13:00:00;13:00:00;111,685;2;S;Sul;CGH;PERFIL
2026-09-25;2026-09-27;2026-09-27 13:30:00;13:30:00;112,018;2;S;Sul;CGH;PERFIL
2026-09-25;2026-09-27;2026-09-27 14:00:00;14:00:00;112,301;2;S;Sul;CGH;PERFIL
2026-09-25;2026-09-27;2026-09-27 14:30:00;14:30:00;112,905;2;S;Sul;CGH;PERFIL
2026-09-25;2026-09-27;2026-09-27 15:00:00;15:00:00;113,991;2;S;Sul;CGH;PERFIL
2026-09-25;2026-09-27;2026-09-27 15:30:00;15:30:00;115,304;2;S;Sul;CGH;PERFIL
2026-09-25;2026-09-27;2026-09-27 16:00:00;16:00:00;116,024;2;S;Sul;CGH;PERFIL
2026-09-25;2026-09-27;2026-09-27 16:30:00;16:30:00;117,39;2;S;Sul;CGH;PERFIL
2026-09-25;2026-09-27;2026-09-27 17:00:00;17:00:00;118,754;2;S;Sul;CGH;PERFIL
2026-09-25;2026-09-27;2026-09-27 17:30:00;17:30:00;120,141;2;S;Sul;CGH;PERFIL
2026-09-25;2026-09-27;2026-09-27 18:00:00;18:00:00;121,367;2;S;Sul;CGH;PERFIL
2026-09-25;2026-09-27;2026-09-27 18:30:00;18:30:00;122,234;2;S;Sul;CGH;PERFIL
2026-09-25;2026-09-27;2026-09-27 19:00:00;19:00:00;122,408;2;S;Sul;CGH;PERFIL
2026-09-25;2026-09-27;2026-09-27 19:30:00;19:30:00;122,774;2;S;Sul;CGH;PERFIL
2026-09-25;2026-09-27;2026-09-27 20:00:00;20:00:00;123,021;2;S;Sul;CGH;PERFIL
2026-09-25;2026-09-27;2026-09-27 20:30:00;20:30:00;122,807;2;S;Sul;CGH;PERFIL
2026-09-25;2026-09-27;2026-09-27 21:00:00;21:00:00;122,441;2;S;Sul;CGH;PERFIL
2026-09-25;2026-09-27;2026-09-27 21:30:00;21:30:00;122,267;2;S;Sul;CGH;PERFIL
2026-09-25;2026-09-27;2026-09-27 22:00:00;22:00:00;121,652;2;S;Sul;CGH;PERFIL
2026-09-25;2026-09-27;2026-09-27 22:30:00;22:30:00;121,134;2;S;Sul;CGH;PERFIL
2026-09-25;2026-09-27;2026-09-27 23:00:00;23:00:00;119,76;2;S;Sul;CGH;PERFIL
2026-09-25;2026-09-27;2026-09-27 23:30:00;23:30:00;119,313;2;S;Sul;CGH;PERFIL
2026-09-25;2026-09-28;2026-09-28 00:00:00;00:00:00;118,109;2;S;Sul;CGH;PERFIL
2026-09-25;2026-09-28;2026-09-28 00:30:00;00:30:00;117,64;2;S;Sul;CGH;PERFIL
2026-09-25;2026-09-28;2026-09-28 01:00:00;01:00:00;117,604;2;S;Sul;CGH;PERFIL
2026-09-25;2026-09-28;2026-09-28 01:30:00;01:30:00;116,621;2;S;Sul;CGH;PERFIL
2026-09-25;2026-09-28;2026-09-28 02:00:00;02:00:00;116,621;2;S;Sul;CGH;PERFIL
2026-09-25;2026-09-28;2026-09-28 02:30:00;02:30:00;116,446;2;S;Sul;CGH;PERFIL
2026-09-25;2026-09-28;2026-09-28 03:00:00;03:00:00;116,232;2;S;Sul;CGH;PERFIL
2026-09-25;2026-09-28;2026-09-28 03:30:00;03:30:00;116,232;2;S;Sul;CGH;PERFIL
2026-09-25;2026-09-28;2026-09-28 04:00:00;04:00:00;116,117;2;S;Sul;CGH;PERFIL
2026-09-25;2026-09-28;2026-09-28 04:30:00;04:30:00;116,117;2;S;Sul;CGH;PERFIL
2026-09-25;2026-09-28;2026-09-28 05:00:00;05:00:00;116,024;2;S;Sul;CGH;PERFIL
2026-09-25;2026-09-28;2026-09-28 05:30:00;05:30:00;115,954;2;S;Sul;CGH;PERFIL
2026-09-25;2026-09-28;2026-09-28 06:00:00;06:00:00;115,811;2;S;Sul;CGH;PERFIL
2026-09-25;2026-09-28;2026-09-28 06:30:00;06:30:00;115,495;2;S;Sul;CGH;PERFIL
2026-09-25;2026-09-28;2026-09-28 07:00:00;07:00:00;115,154;2;S;Sul;CGH;PERFIL
2026-09-25;2026-09-28;2026-09-28 07:30:00;07:30:00;114,406;2;S;Sul;CGH;PERFIL
2026-09-25;2026-09-28;2026-09-28 08:00:00;08:00:00;114,148;2;S;Sul;CGH;PERFIL
2026-09-25;2026-09-28;2026-09-28 08:30:00;08:30:00;113,071;2;S;Sul;CGH;PERFIL
2026-09-25;2026-09-28;2026-09-28 09:00:00;09:00:00;111,976;2;S;Sul;CGH;PERFIL
2026-09-25;2026-09-28;2026-09-28 09:30:00;09:30:00;111,6;2;S;Sul;CGH;PERFIL
2026-09-25;2026-09-28;2026-09-28 10:00:00;10:00:00;111,339;2;S;Sul;CGH;PERFIL
2026-09-25;2026-09-28;2026-09-28 10:30:00;10:30:00;111,234;2;S;Sul;CGH;PERFIL
2026-09-25;2026-09-28;2026-09-28 11:00:00;11:00:00;111,167;2;S;Sul;CGH;PERFIL
2026-09-25;2026-09-28;2026-09-28 11:30:00;11:30:00;111,167;2;S;Sul;CGH;PERFIL
2026-09-25;2026-09-28;2026-09-28 12:00:00;12:00:00;111,343;2;S;Sul;CGH;PERFIL
2026-09-25;2026-09-28;2026-09-28 12:30:00;12:30:00;111,685;2;S;Sul;CGH;PERFIL
2026-09-25;2026-09-28;2026-09-28 13:00:00;13:00:00;111,685;2;S;Sul;CGH;PERFIL
2026-09-25;2026-09-28;2026-09-28 13:30:00;13:30:00;112,018;2;S;Sul;CGH;PERFIL
2026-09-25;2026-09-28;2026-09-28 14:00:00;14:00:00;112,301;2;S;Sul;CGH;PERFIL
2026-09-25;2026-09-28;2026-09-28 14:30:00;14:30:00;112,905;2;S;Sul;CGH;PERFIL
2026-09-25;2026-09-28;2026-09-28 15:00:00;15:00:00;113,991;2;S;Sul;CGH;PERFIL
2026-09-25;2026-09-28;2026-09-28 15:30:00;15:30:00;115,304;2;S;Sul;CGH;PERFIL
2026-09-25;2026-09-28;2026-09-28 16:00:00;16:00:00;116,024;2;S;Sul;CGH;PERFIL
2026-09-25;2026-09-28;2026-09-28 16:30:00;16:30:00;117,39;2;S;Sul;CGH;PERFIL
2026-09-25;2026-09-28;2026-09-28 17:00:00;17:00:00;118,754;2;S;Sul;CGH;PERFIL
2026-09-25;2026-09-28;2026-09-28 17:30:00;17:30:00;120,141;2;S;Sul;CGH;PERFIL
2026-09-25;2026-09-28;2026-09-28 18:00:00;18:00:00;121,367;2;S;Sul;CGH;PERFIL
2026-09-25;2026-09-28;2026-09-28 18:30:00;18:30:00;122,234;2;S;Sul;CGH;PERFIL
2026-09-25;2026-09-28;2026-09-28 19:00:00;19:00:00;122,408;2;S;Sul;CGH;PERFIL
2026-09-25;2026-09-28;2026-09-28 19:30:00;19:30:00;122,774;2;S;Sul;CGH;PERFIL
2026-09-25;2026-09-28;2026-09-28 20:00:00;20:00:00;123,021;2;S;Sul;CGH;PERFIL
2026-09-25;2026-09-28;2026-09-28 20:30:00;20:30:00;122,807;2;S;Sul;CGH;PERFIL
2026-09-25;2026-09-28;2026-09-28 21:00:00;21:00:00;122,441;2;S;Sul;CGH;PERFIL
2026-09-25;2026-09-28;2026-09-28 21:30:00;21:30:00;122,267;2;S;Sul;CGH;PERFIL
2026-09-25;2026-09-28;2026-09-28 22:00:00;22:00:00;121,652;2;S;Sul;CGH;PERFIL
2026-09-25;2026-09-28;2026-09-28 22:30:00;22:30:00;121,134;2;S;Sul;CGH;PERFIL
2026-09-25;2026-09-28;2026-09-28 23:00:00;23:00:00;119,76;2;S;Sul;CGH;PERFIL
2026-09-25;2026-09-28;2026-09-28 23:30:00;23:30:00;119,313;2;S;Sul;CGH;PERFIL
2026-09-25;2026-09-29;2026-09-29 00:00:00;00:00:00;118,109;2;S;Sul;CGH;PERFIL
2026-09-25;2026-09-29;2026-09-29 00:30:00;00:30:00;117,64;2;S;Sul;CGH;PERFIL
2026-09-25;2026-09-29;2026-09-29 01:00:00;01:00:00;117,604;2;S;Sul;CGH;PERFIL
2026-09-25;2026-09-29;2026-09-29 01:30:00;01:30:00;116,621;2;S;Sul;CGH;PERFIL
2026-09-25;2026-09-29;2026-09-29 02:00:00;02:00:00;116,621;2;S;Sul;CGH;PERFIL
2026-09-25;2026-09-29;2026-09-29 02:30:00;02:30:00;116,446;2;S;Sul;CGH;PERFIL
2026-09-25;2026-09-29;2026-09-29 03:00:00;03:00:00;116,232;2;S;Sul;CGH;PERFIL
2026-09-25;2026-09-29;2026-09-29 03:30:00;03:30:00;116,232;2;S;Sul;CGH;PERFIL
2026-09-25;2026-09-29;2026-09-29 04:00:00;04:00:00;116,117;2;S;Sul;CGH;PERFIL
2026-09-25;2026-09-29;2026-09-29 04:30:00;04:30:00;116,117;2;S;Sul;CGH;PERFIL
2026-09-25;2026-09-29;2026-09-29 05:00:00;05:00:00;116,024;2;S;Sul;CGH;PERFIL
2026-09-25;2026-09-29;2026-09-29 05:30:00;05:30:00;115,954;2;S;Sul;CGH;PERFIL
2026-09-25;2026-09-29;2026-09-29 06:00:00;06:00:00;115,811;2;S;Sul;CGH;PERFIL
2026-09-25;2026-09-29;2026-09-29 06:30:00;06:30:00;115,495;2;S;Sul;CGH;PERFIL
2026-09-25;2026-09-29;2026-09-29 07:00:00;07:00:00;115,154;2;S;Sul;CGH;PERFIL
2026-09-25;2026-09-29;2026-09-29 07:30:00;07:30:00;114,406;2;S;Sul;CGH;PERFIL
2026-09-25;2026-09-29;2026-09-29 08:00:00;08:00:00;114,148;2;S;Sul;CGH;PERFIL
2026-09-25;2026-09-29;2026-09-29 08:30:00;08:30:00;113,071;2;S;Sul;CGH;PERFIL
2026-09-25;2026-09-29;2026-09-29 09:00:00;09:00:00;111,976;2;S;Sul;CGH;PERFIL
2026-09-25;2026-09-29;2026-09-29 09:30:00;09:30:00;111,6;2;S;Sul;CGH;PERFIL
2026-09-25;2026-09-29;2026-09-29 10:00:00;10:00:00;111,339;2;S;Sul;CGH;PERFIL
2026-09-25;2026-09-29;2026-09-29 10:30:00;10:30:00;111,234;2;S;Sul;CGH;PERFIL
2026-09-25;2026-09-29;2026-09-29 11:00:00;11:00:00;111,167;2;S;Sul;CGH;PERFIL
2026-09-25;2026-09-29;2026-09-29 11:30:00;11:30:00;111,167;2;S;Sul;CGH;PERFIL
2026-09-25;2026-09-29;2026-09-29 12:00:00;12:00:00;111,343;2;S;Sul;CGH;PERFIL
2026-09-25;2026-09-29;2026-09-29 12:30:00;12:30:00;111,685;2;S;Sul;CGH;PERFIL
2026-09-25;2026-09-29;2026-09-29 13:00:00;13:00:00;111,685;2;S;Sul;CGH;PERFIL
2026-09-25;2026-09-29;2026-09-29 13:30:00;13:30:00;112,018;2;S;Sul;CGH;PERFIL
2026-09-25;2026-09-29;2026-09-29 14:00:00;14:00:00;112,301;2;S;Sul;CGH;PERFIL
2026-09-25;2026-09-29;2026-09-29 14:30:00;14:30:00;112,905;2;S;Sul;CGH;PERFIL
2026-09-25;2026-09-29;2026-09-29 15:00:00;15:00:00;113,991;2;S;Sul;CGH;PERFIL
2026-09-25;2026-09-29;2026-09-29 15:30:00;15:30:00;115,304;2;S;Sul;CGH;PERFIL
2026-09-25;2026-09-29;2026-09-29 16:00:00;16:00:00;116,024;2;S;Sul;CGH;PERFIL
2026-09-25;2026-09-29;2026-09-29 16:30:00;16:30:00;117,39;2;S;Sul;CGH;PERFIL
2026-09-25;2026-09-29;2026-09-29 17:00:00;17:00:00;118,754;2;S;Sul;CGH;PERFIL
2026-09-25;2026-09-29;2026-09-29 17:30:00;17:30:00;120,141;2;S;Sul;CGH;PERFIL
2026-09-25;2026-09-29;2026-09-29 18:00:00;18:00:00;121,367;2;S;Sul;CGH;PERFIL
2026-09-25;2026-09-29;2026-09-29 18:30:00;18:30:00;122,234;2;S;Sul;CGH;PERFIL
2026-09-25;2026-09-29;2026-09-29 19:00:00;19:00:00;122,408;2;S;Sul;CGH;PERFIL
2026-09-25;2026-09-29;2026-09-29 19:30:00;19:30:00;122,774;2;S;Sul;CGH;PERFIL
2026-09-25;2026-09-29;2026-09-29 20:00:00;20:00:00;123,021;2;S;Sul;CGH;PERFIL
2026-09-25;2026-09-29;2026-09-29 20:30:00;20:30:00;122,807;2;S;Sul;CGH;PERFIL
2026-09-25;2026-09-29;2026-09-29 21:00:00;21:00:00;122,441;2;S;Sul;CGH;PERFIL
2026-09-25;2026-09-29;2026-09-29 21:30:00;21:30:00;122,267;2;S;Sul;CGH;PERFIL
2026-09-25;2026-09-29;2026-09-29 22:00:00;22:00:00;121,652;2;S;Sul;CGH;PERFIL
2026-09-25;2026-09-29;2026-09-29 22:30:00;22:30:00;121,134;2;S;Sul;CGH;PERFIL
2026-09-25;2026-09-29;2026-09-29 23:00:00;23:00:00;119,76;2;S;Sul;CGH;PERFIL
2026-09-25;2026-09-29;2026-09-29 23:30:00;23:30:00;119,313;2;S;Sul;CGH;PERFIL
2026-09-25;2026-09-30;2026-09-30 00:00:00;00:00:00;118,109;2;S;Sul;CGH;PERFIL
2026-09-25;2026-09-30;2026-09-30 00:30:00;00:30:00;117,64;2;S;Sul;CGH;PERFIL
2026-09-25;2026-09-30;2026-09-30 01:00:00;01:00:00;117,604;2;S;Sul;CGH;PERFIL
2026-09-25;2026-09-30;2026-09-30 01:30:00;01:30:00;116,621;2;S;Sul;CGH;PERFIL
2026-09-25;2026-09-30;2026-09-30 02:00:00;02:00:00;116,621;2;S;Sul;CGH;PERFIL
2026-09-25;2026-09-30;2026-09-30 02:30:00;02:30:00;116,446;2;S;Sul;CGH;PERFIL
2026-09-25;2026-09-30;2026-09-30 03:00:00;03:00:00;116,232;2;S;Sul;CGH;PERFIL
2026-09-25;2026-09-30;2026-09-30 03:30:00;03:30:00;116,232;2;S;Sul;CGH;PERFIL
2026-09-25;2026-09-30;2026-09-30 04:00:00;04:00:00;116,117;2;S;Sul;CGH;PERFIL
2026-09-25;2026-09-30;2026-09-30 04:30:00;04:30:00;116,117;2;S;Sul;CGH;PERFIL
2026-09-25;2026-09-30;2026-09-30 05:00:00;05:00:00;116,024;2;S;Sul;CGH;PERFIL
2026-09-25;2026-09-30;2026-09-30 05:30:00;05:30:00;115,954;2;S;Sul;CGH;PERFIL
2026-09-25;2026-09-30;2026-09-30 06:00:00;06:00:00;115,811;2;S;Sul;CGH;PERFIL
2026-09-25;2026-09-30;2026-09-30 06:30:00;06:30:00;115,495;2;S;Sul;CGH;PERFIL
2026-09-25;2026-09-30;2026-09-30 07:00:00;07:00:00;115,154;2;S;Sul;CGH;PERFIL
2026-09-25;2026-09-30;2026-09-30 07:30:00;07:30:00;114,406;2;S;Sul;CGH;PERFIL
2026-09-25;2026-09-30;2026-09-30 08:00:00;08:00:00;114,148;2;S;Sul;CGH;PERFIL
2026-09-25;2026-09-30;2026-09-30 08:30:00;08:30:00;113,071;2;S;Sul;CGH;PERFIL
2026-09-25;2026-09-30;2026-09-30 09:00:00;09:00:00;111,976;2;S;Sul;CGH;PERFIL
2026-09-25;2026-09-30;2026-09-30 09:30:00;09:30:00;111,6;2;S;Sul;CGH;PERFIL
2026-09-25;2026-09-30;2026-09-30 10:00:00;10:00:00;111,339;2;S;Sul;CGH;PERFIL
2026-09-25;2026-09-30;2026-09-30 10:30:00;10:30:00;111,234;2;S;Sul;CGH;PERFIL
2026-09-25;2026-09-30;2026-09-30 11:00:00;11:00:00;111,167;2;S;Sul;CGH;PERFIL
2026-09-25;2026-09-30;2026-09-30 11:30:00;11:30:00;111,167;2;S;Sul;CGH;PERFIL
2026-09-25;2026-09-30;2026-09-30 12:00:00;12:00:00;111,343;2;S;Sul;CGH;PERFIL
2026-09-25;2026-09-30;2026-09-30 12:30:00;12:30:00;111,685;2;S;Sul;CGH;PERFIL
2026-09-25;2026-09-30;2026-09-30 13:00:00;13:00:00;111,685;2;S;Sul;CGH;PERFIL
2026-09-25;2026-09-30;2026-09-30 13:30:00;13:30:00;112,018;2;S;Sul;CGH;PERFIL
2026-09-25;2026-09-30;2026-09-30 14:00:00;14:00:00;112,301;2;S;Sul;CGH;PERFIL
2026-09-25;2026-09-30;2026-09-30 14:30:00;14:30:00;112,905;2;S;Sul;CGH;PERFIL
2026-09-25;2026-09-30;2026-09-30 15:00:00;15:00:00;113,991;2;S;Sul;CGH;PERFIL
2026-09-25;2026-09-30;2026-09-30 15:30:00;15:30:00;115,304;2;S;Sul;CGH;PERFIL
2026-09-25;2026-09-30;2026-09-30 16:00:00;16:00:00;116,024;2;S;Sul;CGH;PERFIL
2026-09-25;2026-09-30;2026-09-30 16:30:00;16:30:00;117,39;2;S;Sul;CGH;PERFIL
2026-09-25;2026-09-30;2026-09-30 17:00:00;17:00:00;118,754;2;S;Sul;CGH;PERFIL
2026-09-25;2026-09-30;2026-09-30 17:30:00;17:30:00;120,141;2;S;Sul;CGH;PERFIL
2026-09-25;2026-09-30;2026-09-30 18:00:00;18:00:00;121,367;2;S;Sul;CGH;PERFIL
2026-09-25;2026-09-30;2026-09-30 18:30:00;18:30:00;122,234;2;S;Sul;CGH;PERFIL
2026-09-25;2026-09-30;2026-09-30 19:00:00;19:00:00;122,408;2;S;Sul;CGH;PERFIL
2026-09-25;2026-09-30;2026-09-30 19:30:00;19:30:00;122,774;2;S;Sul;CGH;PERFIL
2026-09-25;2026-09-30;2026-09-30 20:00:00;20:00:00;123,021;2;S;Sul;CGH;PERFIL
2026-09-25;2026-09-30;2026-09-30 20:30:00;20:30:00;122,807;2;S;Sul;CGH;PERFIL
2026-09-25;2026-09-30;2026-09-30 21:00:00;21:00:00;122,441;2;S;Sul;CGH;PERFIL
2026-09-25;2026-09-30;2026-09-30 21:30:00;21:30:00;122,267;2;S;Sul;CGH;PERFIL
2026-09-25;2026-09-30;2026-09-30 22:00:00;22:00:00;121,652;2;S;Sul;CGH;PERFIL
2026-09-25;2026-09-30;2026-09-30 22:30:00;22:30:00;121,134;2;S;Sul;CGH;PERFIL
2026-09-25;2026-09-30;2026-09-30 23:00:00;23:00:00;119,76;2;S;Sul;CGH;PERFIL
2026-09-25;2026-09-30;2026-09-30 23:30:00;23:30:00;119,313;2;S;Sul;CGH;PERFIL
2026-09-25;2026-10-01;2026-10-01 00:00:00;00:00:00;118,109;2;S;Sul;CGH;PERFIL
2026-09-25;2026-10-01;2026-10-01 00:30:00;00:30:00;117,64;2;S;Sul;CGH;PERFIL
2026-09-25;2026-10-01;2026-10-01 01:00:00;01:00:00;117,604;2;S;Sul;CGH;PERFIL
2026-09-25;2026-10-01;2026-10-01 01:30:00;01:30:00;116,621;2;S;Sul;CGH;PERFIL
2026-09-25;2026-10-01;2026-10-01 02:00:00;02:00:00;116,621;2;S;Sul;CGH;PERFIL
2026-09-25;2026-10-01;2026-10-01 02:30:00;02:30:00;116,446;2;S;Sul;CGH;PERFIL
2026-09-25;2026-10-01;2026-10-01 03:00:00;03:00:00;116,232;2;S;Sul;CGH;PERFIL
2026-09-25;2026-10-01;2026-10-01 03:30:00;03:30:00;116,232;2;S;Sul;CGH;PERFIL
2026-09-25;2026-10-01;2026-10-01 04:00:00;04:00:00;116,117;2;S;Sul;CGH;PERFIL
2026-09-25;2026-10-01;2026-10-01 04:30:00;04:30:00;116,117;2;S;Sul;CGH;PERFIL
2026-09-25;2026-10-01;2026-10-01 05:00:00;05:00:00;116,024;2;S;Sul;CGH;PERFIL
2026-09-25;2026-10-01;2026-10-01 05:30:00;05:30:00;115,954;2;S;Sul;CGH;PERFIL
2026-09-25;2026-10-01;2026-10-01 06:00:00;06:00:00;115,811;2;S;Sul;CGH;PERFIL
2026-09-25;2026-10-01;2026-10-01 06:30:00;06:30:00;115,495;2;S;Sul;CGH;PERFIL
2026-09-25;2026-10-01;2026-10-01 07:00:00;07:00:00;115,154;2;S;Sul;CGH;PERFIL
2026-09-25;2026-10-01;2026-10-01 07:30:00;07:30:00;114,406;2;S;Sul;CGH;PERFIL
2026-09-25;2026-10-01;2026-10-01 08:00:00;08:00:00;114,148;2;S;Sul;CGH;PERFIL
2026-09-25;2026-10-01;2026-10-01 08:30:00;08:30:00;113,071;2;S;Sul;CGH;PERFIL
2026-09-25;2026-10-01;2026-10-01 09:00:00;09:00:00;111,976;2;S;Sul;CGH;PERFIL
2026-09-25;2026-10-01;2026-10-01 09:30:00;09:30:00;111,6;2;S;Sul;CGH;PERFIL
2026-09-25;2026-10-01;2026-10-01 10:00:00;10:00:00;111,339;2;S;Sul;CGH;PERFIL
2026-09-25;2026-10-01;2026-10-01 10:30:00;10:30:00;111,234;2;S;Sul;CGH;PERFIL
2026-09-25;2026-10-01;2026-10-01 11:00:00;11:00:00;111,167;2;S;Sul;CGH;PERFIL
2026-09-25;2026-10-01;2026-10-01 11:30:00;11:30:00;111,167;2;S;Sul;CGH;PERFIL
2026-09-25;2026-10-01;2026-10-01 12:00:00;12:00:00;111,343;2;S;Sul;CGH;PERFIL
2026-09-25;2026-10-01;2026-10-01 12:30:00;12:30:00;111,685;2;S;Sul;CGH;PERFIL
2026-09-25;2026-10-01;2026-10-01 13:00:00;13:00:00;111,685;2;S;Sul;CGH;PERFIL
2026-09-25;2026-10-01;2026-10-01 13:30:00;13:30:00;112,018;2;S;Sul;CGH;PERFIL
2026-09-25;2026-10-01;2026-10-01 14:00:00;14:00:00;112,301;2;S;Sul;CGH;PERFIL
2026-09-25;2026-10-01;2026-10-01 14:30:00;14:30:00;112,905;2;S;Sul;CGH;PERFIL
2026-09-25;2026-10-01;2026-10-01 15:00:00;15:00:00;113,991;2;S;Sul;CGH;PERFIL
2026-09-25;2026-10-01;2026-10-01 15:30:00;15:30:00;115,304;2;S;Sul;CGH;PERFIL
2026-09-25;2026-10-01;2026-10-01 16:00:00;16:00:00;116,024;2;S;Sul;CGH;PERFIL
2026-09-25;2026-10-01;2026-10-01 16:30:00;16:30:00;117,39;2;S;Sul;CGH;PERFIL
2026-09-25;2026-10-01;2026-10-01 17:00:00;17:00:00;118,754;2;S;Sul;CGH;PERFIL
2026-09-25;2026-10-01;2026-10-01 17:30:00;17:30:00;120,141;2;S;Sul;CGH;PERFIL
2026-09-25;2026-10-01;2026-10-01 18:00:00;18:00:00;121,367;2;S;Sul;CGH;PERFIL
2026-09-25;2026-10-01;2026-10-01 18:30:00;18:30:00;122,234;2;S;Sul;CGH;PERFIL
2026-09-25;2026-10-01;2026-10-01 19:00:00;19:00:00;122,408;2;S;Sul;CGH;PERFIL
2026-09-25;2026-10-01;2026-10-01 19:30:00;19:30:00;122,774;2;S;Sul;CGH;PERFIL
2026-09-25;2026-10-01;2026-10-01 20:00:00;20:00:00;123,021;2;S;Sul;CGH;PERFIL
2026-09-25;2026-10-01;2026-10-01 20:30:00;20:30:00;122,807;2;S;Sul;CGH;PERFIL
2026-09-25;2026-10-01;2026-10-01 21:00:00;21:00:00;122,441;2;S;Sul;CGH;PERFIL
2026-09-25;2026-10-01;2026-10-01 21:30:00;21:30:00;122,267;2;S;Sul;CGH;PERFIL
2026-09-25;2026-10-01;2026-10-01 22:00:00;22:00:00;121,652;2;S;Sul;CGH;PERFIL
2026-09-25;2026-10-01;2026-10-01 22:30:00;22:30:00;121,134;2;S;Sul;CGH;PERFIL
2026-09-25;2026-10-01;2026-10-01 23:00:00;23:00:00;119,76;2;S;Sul;CGH;PERFIL
2026-09-25;2026-10-01;2026-10-01 23:30:00;23:30:00;119,313;2;S;Sul;CGH;PERFIL
2026-09-25;2026-10-02;2026-10-02 00:00:00;00:00:00;118,109;2;S;Sul;CGH;PERFIL
2026-09-25;2026-10-02;2026-10-02 00:30:00;00:30:00;117,64;2;S;Sul;CGH;PERFIL
2026-09-25;2026-10-02;2026-10-02 01:00:00;01:00:00;117,604;2;S;Sul;CGH;PERFIL
2026-09-25;2026-10-02;2026-10-02 01:30:00;01:30:00;116,621;2;S;Sul;CGH;PERFIL
2026-09-25;2026-10-02;2026-10-02 02:00:00;02:00:00;116,621;2;S;Sul;CGH;PERFIL
2026-09-25;2026-10-02;2026-10-02 02:30:00;02:30:00;116,446;2;S;Sul;CGH;PERFIL
2026-09-25;2026-10-02;2026-10-02 03:00:00;03:00:00;116,232;2;S;Sul;CGH;PERFIL
2026-09-25;2026-10-02;2026-10-02 03:30:00;03:30:00;116,232;2;S;Sul;CGH;PERFIL
2026-09-25;2026-10-02;2026-10-02 04:00:00;04:00:00;116,117;2;S;Sul;CGH;PERFIL
2026-09-25;2026-10-02;2026-10-02 04:30:00;04:30:00;116,117;2;S;Sul;CGH;PERFIL
2026-09-25;2026-10-02;2026-10-02 05:00:00;05:00:00;116,024;2;S;Sul;CGH;PERFIL
2026-09-25;2026-10-02;2026-10-02 05:30:00;05:30:00;115,954;2;S;Sul;CGH;PERFIL
2026-09-25;2026-10-02;2026-10-02 06:00:00;06:00:00;115,811;2;S;Sul;CGH;PERFIL
2026-09-25;2026-10-02;2026-10-02 06:30:00;06:30:00;115,495;2;S;Sul;CGH;PERFIL
2026-09-25;2026-10-02;2026-10-02 07:00:00;07:00:00;115,154;2;S;Sul;CGH;PERFIL
2026-09-25;2026-10-02;2026-10-02 07:30:00;07:30:00;114,406;2;S;Sul;CGH;PERFIL
2026-09-25;2026-10-02;2026-10-02 08:00:00;08:00:00;114,148;2;S;Sul;CGH;PERFIL
2026-09-25;2026-10-02;2026-10-02 08:30:00;08:30:00;113,071;2;S;Sul;CGH;PERFIL
2026-09-25;2026-10-02;2026-10-02 09:00:00;09:00:00;111,976;2;S;Sul;CGH;PERFIL
2026-09-25;2026-10-02;2026-10-02 09:30:00;09:30:00;111,6;2;S;Sul;CGH;PERFIL
2026-09-25;2026-10-02;2026-10-02 10:00:00;10:00:00;111,339;2;S;Sul;CGH;PERFIL
2026-09-25;2026-10-02;2026-10-02 10:30:00;10:30:00;111,234;2;S;Sul;CGH;PERFIL
2026-09-25;2026-10-02;2026-10-02 11:00:00;11:00:00;111,167;2;S;Sul;CGH;PERFIL
2026-09-25;2026-10-02;2026-10-02 11:30:00;11:30:00;111,167;2;S;Sul;CGH;PERFIL
2026-09-25;2026-10-02;2026-10-02 12:00:00;12:00:00;111,343;2;S;Sul;CGH;PERFIL
2026-09-25;2026-10-02;2026-10-02 12:30:00;12:30:00;111,685;2;S;Sul;CGH;PERFIL
2026-09-25;2026-10-02;2026-10-02 13:00:00;13:00:00;111,685;2;S;Sul;CGH;PERFIL
2026-09-25;2026-10-02;2026-10-02 13:30:00;13:30:00;112,018;2;S;Sul;CGH;PERFIL
2026-09-25;2026-10-02;2026-10-02 14:00:00;14:00:00;112,301;2;S;Sul;CGH;PERFIL
2026-09-25;2026-10-02;2026-10-02 14:30:00;14:30:00;112,905;2;S;Sul;CGH;PERFIL
2026-09-25;2026-10-02;2026-10-02 15:00:00;15:00:00;113,991;2;S;Sul;CGH;PERFIL
2026-09-25;2026-10-02;2026-10-02 15:30:00;15:30:00;115,304;2;S;Sul;CGH;PERFIL
2026-09-25;2026-10-02;2026-10-02 16:00:00;16:00:00;116,024;2;S;Sul;CGH;PERFIL
2026-09-25;2026-10-02;2026-10-02 16:30:00;16:30:00;117,39;2;S;Sul;CGH;PERFIL
2026-09-25;2026-10-02;2026-10-02 17:00:00;17:00:00;118,754;2;S;Sul;CGH;PERFIL
2026-09-25;2026-10-02;2026-10-02 17:30:00;17:30:00;120,141;2;S;Sul;CGH;PERFIL
2026-09-25;2026-10-02;2026-10-02 18:00:00;18:00:00;121,367;2;S;Sul;CGH;PERFIL
2026-09-25;2026-10-02;2026-10-02 18:30:00;18:30:00;122,234;2;S;Sul;CGH;PERFIL
2026-09-25;2026-10-02;2026-10-02 19:00:00;19:00:00;122,408;2;S;Sul;CGH;PERFIL
2026-09-25;2026-10-02;2026-10-02 19:30:00;19:30:00;122,774;2;S;Sul;CGH;PERFIL
2026-09-25;2026-10-02;2026-10-02 20:00:00;20:00:00;123,021;2;S;Sul;CGH;PERFIL
2026-09-25;2026-10-02;2026-10-02 20:30:00;20:30:00;122,807;2;S;Sul;CGH;PERFIL
2026-09-25;2026-10-02;2026-10-02 21:00:00;21:00:00;122,441;2;S;Sul;CGH;PERFIL
2026-09-25;2026-10-02;2026-10-02 21:30:00;21:30:00;122,267;2;S;Sul;CGH;PERFIL
2026-09-25;2026-10-02;2026-10-02 22:00:00;22:00:00;121,652;2;S;Sul;CGH;PERFIL
2026-09-25;2026-10-02;2026-10-02 22:30:00;22:30:00;121,134;2;S;Sul;CGH;PERFIL
2026-09-25;2026-10-02;2026-10-02 23:00:00;23:00:00;119,76;2;S;Sul;CGH;PERFIL
2026-09-25;2026-10-02;2026-10-02 23:30:00;23:30:00;119,313;2;S;Sul;CGH;PERFIL
2026-09-25;2026-09-25;2026-09-25 00:00:00;00:00:00;79,0;1;SE;Sudeste;CGH;DESSEM
2026-09-25;2026-09-25;2026-09-25 00:30:00;00:30:00;79,0;1;SE;Sudeste;CGH;DESSEM
2026-09-25;2026-09-25;2026-09-25 01:00:00;01:00:00;78,0;1;SE;Sudeste;CGH;DESSEM
2026-09-25;2026-09-25;2026-09-25 01:30:00;01:30:00;78,0;1;SE;Sudeste;CGH;DESSEM
2026-09-25;2026-09-25;2026-09-25 02:00:00;02:00:00;76,0;1;SE;Sudeste;CGH;DESSEM
2026-09-25;2026-09-25;2026-09-25 02:30:00;02:30:00;76,0;1;SE;Sudeste;CGH;DESSEM
2026-09-25;2026-09-25;2026-09-25 03:00:00;03:00:00;76,0;1;SE;Sudeste;CGH;DESSEM
2026-09-25;2026-09-25;2026-09-25 03:30:00;03:30:00;76,0;1;SE;Sudeste;CGH;DESSEM
2026-09-25;2026-09-25;2026-09-25 04:00:00;04:00:00;76,0;1;SE;Sudeste;CGH;DESSEM
2026-09-25;2026-09-25;2026-09-25 04:30:00;04:30:00;76,0;1;SE;Sudeste;CGH;DESSEM
2026-09-25;2026-09-25;2026-09-25 05:00:00;05:00:00;76,0;1;SE;Sudeste;CGH;DESSEM
2026-09-25;2026-09-25;2026-09-25 05:30:00;05:30:00;76,0;1;SE;Sudeste;CGH;DESSEM
2026-09-25;2026-09-25;2026-09-25 06:00:00;06:00:00;76,0;1;SE;Sudeste;CGH;DESSEM
2026-09-25;2026-09-25;2026-09-25 06:30:00;06:30:00;76,0;1;SE;Sudeste;CGH;DESSEM
2026-09-25;2026-09-25;2026-09-25 07:00:00;07:00:00;76,0;1;SE;Sudeste;CGH;DESSEM
2026-09-25;2026-09-25;2026-09-25 07:30:00;07:30:00;76,0;1;SE;Sudeste;CGH;DESSEM
2026-09-25;2026-09-25;2026-09-25 08:00:00;08:00:00;75,0;1;SE;Sudeste;CGH;DESSEM
2026-09-25;2026-09-25;2026-09-25 08:30:00;08:30:00;75,0;1;SE;Sudeste;CGH;DESSEM
2026-09-25;2026-09-25;2026-09-25 09:00:00;09:00:00;75,0;1;SE;Sudeste;CGH;DESSEM
2026-09-25;2026-09-25;2026-09-25 09:30:00;09:30:00;75,0;1;SE;Sudeste;CGH;DESSEM
2026-09-25;2026-09-25;2026-09-25 10:00:00;10:00:00;75,0;1;SE;Sudeste;CGH;DESSEM
2026-09-25;2026-09-25;2026-09-25 10:30:00;10:30:00;75,0;1;SE;Sudeste;CGH;DESSEM
2026-09-25;2026-09-25;2026-09-25 11:00:00;11:00:00;75,0;1;SE;Sudeste;CGH;DESSEM
2026-09-25;2026-09-25;2026-09-25 11:30:00;11:30:00;75,0;1;SE;Sudeste;CGH;DESSEM
2026-09-25;2026-09-25;2026-09-25 12:00:00;12:00:00;75,0;1;SE;Sudeste;CGH;DESSEM
2026-09-25;2026-09-25;2026-09-25 12:30:00;12:30:00;75,0;1;SE;Sudeste;CGH;DESSEM
2026-09-25;2026-09-25;2026-09-25 13:00:00;13:00:00;75,0;1;SE;Sudeste;CGH;DESSEM
2026-09-25;2026-09-25;2026-09-25 13:30:00;13:30:00;75,0;1;SE;Sudeste;CGH;DESSEM
2026-09-25;2026-09-25;2026-09-25 14:00:00;14:00:00;75,0;1;SE;Sudeste;CGH;DESSEM
2026-09-25;2026-09-25;2026-09-25 14:30:00;14:30:00;75,0;1;SE;Sudeste;CGH;DESSEM
2026-09-25;2026-09-25;2026-09-25 15:00:00;15:00:00;76,0;1;SE;Sudeste;CGH;DESSEM
2026-09-25;2026-09-25;2026-09-25 15:30:00;15:30:00;76,0;1;SE;Sudeste;CGH;DESSEM
2026-09-25;2026-09-25;2026-09-25 16:00:00;16:00:00;76,0;1;SE;Sudeste;CGH;DESSEM
2026-09-25;2026-09-25;2026-09-25 16:30:00;16:30:00;78,0;1;SE;Sudeste;CGH;DESSEM
2026-09-25;2026-09-25;2026-09-25 17:00:00;17:00:00;80,0;1;SE;Sudeste;CGH;DESSEM
2026-09-25;2026-09-25;2026-09-25 17:30:00;17:30:00;81,0;1;SE;Sudeste;CGH;DESSEM
2026-09-25;2026-09-25;2026-09-25 18:00:00;18:00:00;81,0;1;SE;Sudeste;CGH;DESSEM
2026-09-25;2026-09-25;2026-09-25 18:30:00;18:30:00;81,0;1;SE;Sudeste;CGH;DESSEM
2026-09-25;2026-09-25;2026-09-25 19:00:00;19:00:00;81,0;1;SE;Sudeste;CGH;DESSEM
2026-09-25;2026-09-25;2026-09-25 19:30:00;19:30:00;81,0;1;SE;Sudeste;CGH;DESSEM
2026-09-25;2026-09-25;2026-09-25 20:00:00;20:00:00;81,0;1;SE;Sudeste;CGH;DESSEM
2026-09-25;2026-09-25;2026-09-25 20:30:00;20:30:00;81,0;1;SE;Sudeste;CGH;DESSEM
2026-09-25;2026-09-25;2026-09-25 21:00:00;21:00:00;81,0;1;SE;Sudeste;CGH;DESSEM
2026-09-25;2026-09-25;2026-09-25 21:30:00;21:30:00;81,0;1;SE;Sudeste;CGH;DESSEM
2026-09-25;2026-09-25;2026-09-25 22:00:00;22:00:00;81,0;1;SE;Sudeste;CGH;DESSEM
2026-09-25;2026-09-25;2026-09-25 22:30:00;22:30:00;81,0;1;SE;Sudeste;CGH;DESSEM
2026-09-25;2026-09-25;2026-09-25 23:00:00;23:00:00;81,0;1;SE;Sudeste;CGH;DESSEM
2026-09-25;2026-09-25;2026-09-25 23:30:00;23:30:00;80,0;1;SE;Sudeste;CGH;DESSEM
2026-09-25;2026-09-26;2026-09-26 00:00:00;00:00:00;79,087;1;SE;Sudeste;CGH;PERFIL
2026-09-25;2026-09-26;2026-09-26 00:30:00;00:30:00;78,337;1;SE;Sudeste;CGH;PERFIL
2026-09-25;2026-09-26;2026-09-26 01:00:00;01:00:00;77,629;1;SE;Sudeste;CGH;PERFIL
2026-09-25;2026-09-26;2026-09-26 01:30:00;01:30:00;77,496;1;SE;Sudeste;CGH;PERFIL
2026-09-25;2026-09-26;2026-09-26 02:00:00;02:00:00;77,281;1;SE;Sudeste;CGH;PERFIL
2026-09-25;2026-09-26;2026-09-26 02:30:00;02:30:00;77,281;1;SE;Sudeste;CGH;PERFIL
2026-09-25;2026-09-26;2026-09-26 03:00:00;03:00:00;77,24;1;SE;Sudeste;CGH;PERFIL
2026-09-25;2026-09-26;2026-09-26 03:30:00;03:30:00;77,24;1;SE;Sudeste;CGH;PERFIL
2026-09-25;2026-09-26;2026-09-26 04:00:00;04:00:00;77,24;1;SE;Sudeste;CGH;PERFIL
2026-09-25;2026-09-26;2026-09-26 04:30:00;04:30:00;77,24;1;SE;Sudeste;CGH;PERFIL
2026-09-25;2026-09-26;2026-09-26 05:00:00;05:00:00;77,065;1;SE;Sudeste;CGH;PERFIL
2026-09-25;2026-09-26;2026-09-26 05:30:00;05:30:00;77,065;1;SE;Sudeste;CGH;PERFIL
2026-09-25;2026-09-26;2026-09-26 06:00:00;06:00:00;76,857;1;SE;Sudeste;CGH;PERFIL
2026-09-25;2026-09-26;2026-09-26 06:30:00;06:30:00;76,633;1;SE;Sudeste;CGH;PERFIL
2026-09-25;2026-09-26;2026-09-26 07:00:00;07:00:00;76,299;1;SE;Sudeste;CGH;PERFIL
2026-09-25;2026-09-26;2026-09-26 07:30:00;07:30:00;76,1;1;SE;Sudeste;CGH;PERFIL
2026-09-25;2026-09-26;2026-09-26 08:00:00;08:00:00;75,43;1;SE;Sudeste;CGH;PERFIL
2026-09-25;2026-09-26;2026-09-26 08:30:00;08:30:00;75,262;1;SE;Sudeste;CGH;PERFIL
2026-09-25;2026-09-26;2026-09-26 09:00:00;09:00:00;74,316;1;SE;Sudeste;CGH;PERFIL
2026-09-25;2026-09-26;2026-09-26 09:30:00;09:30:00;74,316;1;SE;Sudeste;CGH;PERFIL
2026-09-25;2026-09-26;2026-09-26 10:00:00;10:00:00;74,231;1;SE;Sudeste;CGH;PERFIL
2026-09-25;2026-09-26;2026-09-26 10:30:00;10:30:00;74,231;1;SE;Sudeste;CGH;PERFIL
2026-09-25;2026-09-26;2026-09-26 11:00:00;11:00:00;73,868;1;SE;Sudeste;CGH;PERFIL
2026-09-25;2026-09-26;2026-09-26 11:30:00;11:30:00;73,982;1;SE;Sudeste;CGH;PERFIL
2026-09-25;2026-09-26;2026-09-26 12:00:00;12:00:00;74,316;1;SE;Sudeste;CGH;PERFIL
2026-09-25;2026-09-26;2026-09-26 12:30:00;12:30:00;74,316;1;SE;Sudeste;CGH;PERFIL
2026-09-25;2026-09-26;2026-09-26 13:00:00;13:00:00;74,539;1;SE;Sudeste;CGH;PERFIL
2026-09-25;2026-09-26;2026-09-26 13:30:00;13:30:00;74,763;1;SE;Sudeste;CGH;PERFIL
2026-09-25;2026-09-26;2026-09-26 14:00:00;14:00:00;74,763;1;SE;Sudeste;CGH;PERFIL
2026-09-25;2026-09-26;2026-09-26 14:30:00;14:30:00;74,88;1;SE;Sudeste;CGH;PERFIL
2026-09-25;2026-09-26;2026-09-26 15:00:00;15:00:00;75,8;1;SE;Sudeste;CGH;PERFIL
2026-09-25;2026-09-26;2026-09-26 15:30:00;15:30:00;76,384;1;SE;Sudeste;CGH;PERFIL
2026-09-25;2026-09-26;2026-09-26 16:00:00;16:00:00;77,24;1;SE;Sudeste;CGH;PERFIL
2026-09-25;2026-09-26;2026-09-26 16:30:00;16:30:00;77,496;1;SE;Sudeste;CGH;PERFIL
2026-09-25;2026-09-26;2026-09-26 17:00:00;17:00:00;79,472;1;SE;Sudeste;CGH;PERFIL
2026-09-25;2026-09-26;2026-09-26 17:30:00;17:30:00;79,915;1;SE;Sudeste;CGH;PERFIL
2026-09-25;2026-09-26;2026-09-26 18:00:00;18:00:00;80,63;1;SE;Sudeste;CGH;PERFIL
2026-09-25;2026-09-26;2026-09-26 18:30:00;18:30:00;80,89;1;SE;Sudeste;CGH;PERFIL
2026-09-25;2026-09-26;2026-09-26 19:00:00;19:00:00;81,004;1;SE;Sudeste;CGH;PERFIL
2026-09-25;2026-09-26;2026-09-26 19:30:00;19:30:00;81,118;1;SE;Sudeste;CGH;PERFIL
2026-09-25;2026-09-26;2026-09-26 20:00:00;20:00:00;81,118;1;SE;Sudeste;CGH;PERFIL
2026-09-25;2026-09-26;2026-09-26 20:30:00;20:30:00;81,004;1;SE;Sudeste;CGH;PERFIL
2026-09-25;2026-09-26;2026-09-26 21:00:00;21:00:00;80,89;1;SE;Sudeste;CGH;PERFIL
2026-09-25;2026-09-26;2026-09-26 21:30:00;21:30:00;80,89;1;SE;Sudeste;CGH;PERFIL
2026-09-25;2026-09-26;2026-09-26 22:00:00;22:00:00;80,747;1;SE;Sudeste;CGH;PERFIL
2026-09-25;2026-09-26;2026-09-26 22:30:00;22:30:00;80,496;1;SE;Sudeste;CGH;PERFIL
2026-09-25;2026-09-26;2026-09-26 23:00:00;23:00:00;79,915;1;SE;Sudeste;CGH;PERFIL
2026-09-25;2026-09-26;2026-09-26 23:30:00;23:30:00;79,691;1;SE;Sudeste;CGH;PERFIL
2026-09-25;2026-09-27;2026-09-27 00:00:00;00:00:00;79,087;1;SE;Sudeste;CGH;PERFIL
2026-09-25;2026-09-27;2026-09-27 00:30:00;00:30:00;78,337;1;SE;Sudeste;CGH;PERFIL
2026-09-25;2026-09-27;2026-09-27 01:00:00;01:00:00;77,629;1;SE;Sudeste;CGH;PERFIL
2026-09-25;2026-09-27;2026-09-27 01:30:00;01:30:00;77,496;1;SE;Sudeste;CGH;PERFIL
2026-09-25;2026-09-27;2026-09-27 02:00:00;02:00:00;77,281;1;SE;Sudeste;CGH;PERFIL
2026-09-25;2026-09-27;2026-09-27 02:30:00;02:30:00;77,281;1;SE;Sudeste;CGH;PERFIL
2026-09-25;2026-09-27;2026-09-27 03:00:00;03:00:00;77,24;1;SE;Sudeste;CGH;PERFIL
2026-09-25;2026-09-27;2026-09-27 03:30:00;03:30:00;77,24;1;SE;Sudeste;CGH;PERFIL
2026-09-25;2026-09-27;2026-09-27 04:00:00;04:00:00;77,24;1;SE;Sudeste;CGH;PERFIL
2026-09-25;2026-09-27;2026-09-27 04:30:00;04:30:00;77,24;1;SE;Sudeste;CGH;PERFIL
2026-09-25;2026-09-27;2026-09-27 05:00:00;05:00:00;77,065;1;SE;Sudeste;CGH;PERFIL
2026-09-25;2026-09-27;2026-09-27 05:30:00;05:30:00;77,065;1;SE;Sudeste;CGH;PERFIL
2026-09-25;2026-09-27;2026-09-27 06:00:00;06:00:00;76,857;1;SE;Sudeste;CGH;PERFIL
2026-09-25;2026-09-27;2026-09-27 06:30:00;06:30:00;76,633;1;SE;Sudeste;CGH;PERFIL
2026-09-25;2026-09-27;2026-09-27 07:00:00;07:00:00;76,299;1;SE;Sudeste;CGH;PERFIL
2026-09-25;2026-09-27;2026-09-27 07:30:00;07:30:00;76,1;1;SE;Sudeste;CGH;PERFIL
2026-09-25;2026-09-27;2026-09-27 08:00:00;08:00:00;75,43;1;SE;Sudeste;CGH;PERFIL
2026-09-25;2026-09-27;2026-09-27 08:30:00;08:30:00;75,262;1;SE;Sudeste;CGH;PERFIL
2026-09-25;2026-09-27;2026-09-27 09:00:00;09:00:00;74,316;1;SE;Sudeste;CGH;PERFIL
2026-09-25;2026-09-27;2026-09-27 09:30:00;09:30:00;74,316;1;SE;Sudeste;CGH;PERFIL
2026-09-25;2026-09-27;2026-09-27 10:00:00;10:00:00;74,231;1;SE;Sudeste;CGH;PERFIL
2026-09-25;2026-09-27;2026-09-27 10:30:00;10:30:00;74,231;1;SE;Sudeste;CGH;PERFIL
2026-09-25;2026-09-27;2026-09-27 11:00:00;11:00:00;73,868;1;SE;Sudeste;CGH;PERFIL
2026-09-25;2026-09-27;2026-09-27 11:30:00;11:30:00;73,982;1;SE;Sudeste;CGH;PERFIL
2026-09-25;2026-09-27;2026-09-27 12:00:00;12:00:00;74,316;1;SE;Sudeste;CGH;PERFIL
2026-09-25;2026-09-27;2026-09-27 12:30:00;12:30:00;74,316;1;SE;Sudeste;CGH;PERFIL
2026-09-25;2026-09-27;2026-09-27 13:00:00;13:00:00;74,539;1;SE;Sudeste;CGH;PERFIL
2026-09-25;2026-09-27;2026-09-27 13:30:00;13:30:00;74,763;1;SE;Sudeste;CGH;PERFIL
2026-09-25;2026-09-27;2026-09-27 14:00:00;14:00:00;74,763;1;SE;Sudeste;CGH;PERFIL
2026-09-25;2026-09-27;2026-09-27 14:30:00;14:30:00;74,88;1;SE;Sudeste;CGH;PERFIL
2026-09-25;2026-09-27;2026-09-27 15:00:00;15:00:00;75,8;1;SE;Sudeste;CGH;PERFIL
2026-09-25;2026-09-27;2026-09-27 15:30:00;15:30:00;76,384;1;SE;Sudeste;CGH;PERFIL
2026-09-25;2026-09-27;2026-09-27 16:00:00;16:00:00;77,24;1;SE;Sudeste;CGH;PERFIL
2026-09-25;2026-09-27;2026-09-27 16:30:00;16:30:00;77,496;1;SE;Sudeste;CGH;PERFIL
2026-09-25;2026-09-27;2026-09-27 17:00:00;17:00:00;79,472;1;SE;Sudeste;CGH;PERFIL
2026-09-25;2026-09-27;2026-09-27 17:30:00;17:30:00;79,915;1;SE;Sudeste;CGH;PERFIL
2026-09-25;2026-09-27;2026-09-27 18:00:00;18:00:00;80,63;1;SE;Sudeste;CGH;PERFIL
2026-09-25;2026-09-27;2026-09-27 18:30:00;18:30:00;80,89;1;SE;Sudeste;CGH;PERFIL
2026-09-25;2026-09-27;2026-09-27 19:00:00;19:00:00;81,004;1;SE;Sudeste;CGH;PERFIL
2026-09-25;2026-09-27;2026-09-27 19:30:00;19:30:00;81,118;1;SE;Sudeste;CGH;PERFIL
2026-09-25;2026-09-27;2026-09-27 20:00:00;20:00:00;81,118;1;SE;Sudeste;CGH;PERFIL
2026-09-25;2026-09-27;2026-09-27 20:30:00;20:30:00;81,004;1;SE;Sudeste;CGH;PERFIL
2026-09-25;2026-09-27;2026-09-27 21:00:00;21:00:00;80,89;1;SE;Sudeste;CGH;PERFIL
2026-09-25;2026-09-27;2026-09-27 21:30:00;21:30:00;80,89;1;SE;Sudeste;CGH;PERFIL
2026-09-25;2026-09-27;2026-09-27 22:00:00;22:00:00;80,747;1;SE;Sudeste;CGH;PERFIL
2026-09-25;2026-09-27;2026-09-27 22:30:00;22:30:00;80,496;1;SE;Sudeste;CGH;PERFIL
2026-09-25;2026-09-27;2026-09-27 23:00:00;23:00:00;79,915;1;SE;Sudeste;CGH;PERFIL
2026-09-25;2026-09-27;2026-09-27 23:30:00;23:30:00;79,691;1;SE;Sudeste;CGH;PERFIL
2026-09-25;2026-09-28;2026-09-28 00:00:00;00:00:00;79,087;1;SE;Sudeste;CGH;PERFIL
2026-09-25;2026-09-28;2026-09-28 00:30:00;00:30:00;78,337;1;SE;Sudeste;CGH;PERFIL
2026-09-25;2026-09-28;2026-09-28 01:00:00;01:00:00;77,629;1;SE;Sudeste;CGH;PERFIL
2026-09-25;2026-09-28;2026-09-28 01:30:00;01:30:00;77,496;1;SE;Sudeste;CGH;PERFIL
2026-09-25;2026-09-28;2026-09-28 02:00:00;02:00:00;77,281;1;SE;Sudeste;CGH;PERFIL
2026-09-25;2026-09-28;2026-09-28 02:30:00;02:30:00;77,281;1;SE;Sudeste;CGH;PERFIL
2026-09-25;2026-09-28;2026-09-28 03:00:00;03:00:00;77,24;1;SE;Sudeste;CGH;PERFIL
2026-09-25;2026-09-28;2026-09-28 03:30:00;03:30:00;77,24;1;SE;Sudeste;CGH;PERFIL
2026-09-25;2026-09-28;2026-09-28 04:00:00;04:00:00;77,24;1;SE;Sudeste;CGH;PERFIL
2026-09-25;2026-09-28;2026-09-28 04:30:00;04:30:00;77,24;1;SE;Sudeste;CGH;PERFIL
2026-09-25;2026-09-28;2026-09-28 05:00:00;05:00:00;77,065;1;SE;Sudeste;CGH;PERFIL
2026-09-25;2026-09-28;2026-09-28 05:30:00;05:30:00;77,065;1;SE;Sudeste;CGH;PERFIL
2026-09-25;2026-09-28;2026-09-28 06:00:00;06:00:00;76,857;1;SE;Sudeste;CGH;PERFIL
2026-09-25;2026-09-28;2026-09-28 06:30:00;06:30:00;76,633;1;SE;Sudeste;CGH;PERFIL
2026-09-25;2026-09-28;2026-09-28 07:00:00;07:00:00;76,299;1;SE;Sudeste;CGH;PERFIL
2026-09-25;2026-09-28;2026-09-28 07:30:00;07:30:00;76,1;1;SE;Sudeste;CGH;PERFIL
2026-09-25;2026-09-28;2026-09-28 08:00:00;08:00:00;75,43;1;SE;Sudeste;CGH;PERFIL
2026-09-25;2026-09-28;2026-09-28 08:30:00;08:30:00;75,262;1;SE;Sudeste;CGH;PERFIL
2026-09-25;2026-09-28;2026-09-28 09:00:00;09:00:00;74,316;1;SE;Sudeste;CGH;PERFIL
2026-09-25;2026-09-28;2026-09-28 09:30:00;09:30:00;74,316;1;SE;Sudeste;CGH;PERFIL
2026-09-25;2026-09-28;2026-09-28 10:00:00;10:00:00;74,231;1;SE;Sudeste;CGH;PERFIL
2026-09-25;2026-09-28;2026-09-28 10:30:00;10:30:00;74,231;1;SE;Sudeste;CGH;PERFIL
2026-09-25;2026-09-28;2026-09-28 11:00:00;11:00:00;73,868;1;SE;Sudeste;CGH;PERFIL
2026-09-25;2026-09-28;2026-09-28 11:30:00;11:30:00;73,982;1;SE;Sudeste;CGH;PERFIL
2026-09-25;2026-09-28;2026-09-28 12:00:00;12:00:00;74,316;1;SE;Sudeste;CGH;PERFIL
2026-09-25;2026-09-28;2026-09-28 12:30:00;12:30:00;74,316;1;SE;Sudeste;CGH;PERFIL
2026-09-25;2026-09-28;2026-09-28 13:00:00;13:00:00;74,539;1;SE;Sudeste;CGH;PERFIL
2026-09-25;2026-09-28;2026-09-28 13:30:00;13:30:00;74,763;1;SE;Sudeste;CGH;PERFIL
2026-09-25;2026-09-28;2026-09-28 14:00:00;14:00:00;74,763;1;SE;Sudeste;CGH;PERFIL
2026-09-25;2026-09-28;2026-09-28 14:30:00;14:30:00;74,88;1;SE;Sudeste;CGH;PERFIL
2026-09-25;2026-09-28;2026-09-28 15:00:00;15:00:00;75,8;1;SE;Sudeste;CGH;PERFIL
2026-09-25;2026-09-28;2026-09-28 15:30:00;15:30:00;76,384;1;SE;Sudeste;CGH;PERFIL
2026-09-25;2026-09-28;2026-09-28 16:00:00;16:00:00;77,24;1;SE;Sudeste;CGH;PERFIL
2026-09-25;2026-09-28;2026-09-28 16:30:00;16:30:00;77,496;1;SE;Sudeste;CGH;PERFIL
2026-09-25;2026-09-28;2026-09-28 17:00:00;17:00:00;79,472;1;SE;Sudeste;CGH;PERFIL
2026-09-25;2026-09-28;2026-09-28 17:30:00;17:30:00;79,915;1;SE;Sudeste;CGH;PERFIL
2026-09-25;2026-09-28;2026-09-28 18:00:00;18:00:00;80,63;1;SE;Sudeste;CGH;PERFIL
2026-09-25;2026-09-28;2026-09-28 18:30:00;18:30:00;80,89;1;SE;Sudeste;CGH;PERFIL
2026-09-25;2026-09-28;2026-09-28 19:00:00;19:00:00;81,004;1;SE;Sudeste;CGH;PERFIL
2026-09-25;2026-09-28;2026-09-28 19:30:00;19:30:00;81,118;1;SE;Sudeste;CGH;PERFIL
2026-09-25;2026-09-28;2026-09-28 20:00:00;20:00:00;81,118;1;SE;Sudeste;CGH;PERFIL
2026-09-25;2026-09-28;2026-09-28 20:30:00;20:30:00;81,004;1;SE;Sudeste;CGH;PERFIL
2026-09-25;2026-09-28;2026-09-28 21:00:00;21:00:00;80,89;1;SE;Sudeste;CGH;PERFIL
2026-09-25;2026-09-28;2026-09-28 21:30:00;21:30:00;80,89;1;SE;Sudeste;CGH;PERFIL
2026-09-25;2026-09-28;2026-09-28 22:00:00;22:00:00;80,747;1;SE;Sudeste;CGH;PERFIL
2026-09-25;2026-09-28;2026-09-28 22:30:00;22:30:00;80,496;1;SE;Sudeste;CGH;PERFIL
2026-09-25;2026-09-28;2026-09-28 23:00:00;23:00:00;79,915;1;SE;Sudeste;CGH;PERFIL
2026-09-25;2026-09-28;2026-09-28 23:30:00;23:30:00;79,691;1;SE;Sudeste;CGH;PERFIL
2026-09-25;2026-09-29;2026-09-29 00:00:00;00:00:00;79,087;1;SE;Sudeste;CGH;PERFIL
2026-09-25;2026-09-29;2026-09-29 00:30:00;00:30:00;78,337;1;SE;Sudeste;CGH;PERFIL
2026-09-25;2026-09-29;2026-09-29 01:00:00;01:00:00;77,629;1;SE;Sudeste;CGH;PERFIL
2026-09-25;2026-09-29;2026-09-29 01:30:00;01:30:00;77,496;1;SE;Sudeste;CGH;PERFIL
2026-09-25;2026-09-29;2026-09-29 02:00:00;02:00:00;77,281;1;SE;Sudeste;CGH;PERFIL
2026-09-25;2026-09-29;2026-09-29 02:30:00;02:30:00;77,281;1;SE;Sudeste;CGH;PERFIL
2026-09-25;2026-09-29;2026-09-29 03:00:00;03:00:00;77,24;1;SE;Sudeste;CGH;PERFIL
2026-09-25;2026-09-29;2026-09-29 03:30:00;03:30:00;77,24;1;SE;Sudeste;CGH;PERFIL
2026-09-25;2026-09-29;2026-09-29 04:00:00;04:00:00;77,24;1;SE;Sudeste;CGH;PERFIL
2026-09-25;2026-09-29;2026-09-29 04:30:00;04:30:00;77,24;1;SE;Sudeste;CGH;PERFIL
2026-09-25;2026-09-29;2026-09-29 05:00:00;05:00:00;77,065;1;SE;Sudeste;CGH;PERFIL
2026-09-25;2026-09-29;2026-09-29 05:30:00;05:30:00;77,065;1;SE;Sudeste;CGH;PERFIL
2026-09-25;2026-09-29;2026-09-29 06:00:00;06:00:00;76,857;1;SE;Sudeste;CGH;PERFIL
2026-09-25;2026-09-29;2026-09-29 06:30:00;06:30:00;76,633;1;SE;Sudeste;CGH;PERFIL
2026-09-25;2026-09-29;2026-09-29 07:00:00;07:00:00;76,299;1;SE;Sudeste;CGH;PERFIL
2026-09-25;2026-09-29;2026-09-29 07:30:00;07:30:00;76,1;1;SE;Sudeste;CGH;PERFIL
2026-09-25;2026-09-29;2026-09-29 08:00:00;08:00:00;75,43;1;SE;Sudeste;CGH;PERFIL
2026-09-25;2026-09-29;2026-09-29 08:30:00;08:30:00;75,262;1;SE;Sudeste;CGH;PERFIL
2026-09-25;2026-09-29;2026-09-29 09:00:00;09:00:00;74,316;1;SE;Sudeste;CGH;PERFIL
2026-09-25;2026-09-29;2026-09-29 09:30:00;09:30:00;74,316;1;SE;Sudeste;CGH;PERFIL
2026-09-25;2026-09-29;2026-09-29 10:00:00;10:00:00;74,231;1;SE;Sudeste;CGH;PERFIL
2026-09-25;2026-09-29;2026-09-29 10:30:00;10:30:00;74,231;1;SE;Sudeste;CGH;PERFIL
2026-09-25;2026-09-29;2026-09-29 11:00:00;11:00:00;73,868;1;SE;Sudeste;CGH;PERFIL
2026-09-25;2026-09-29;2026-09-29 11:30:00;11:30:00;73,982;1;SE;Sudeste;CGH;PERFIL
2026-09-25;2026-09-29;2026-09-29 12:00:00;12:00:00;74,316;1;SE;Sudeste;CGH;PERFIL
2026-09-25;2026-09-29;2026-09-29 12:30:00;12:30:00;74,316;1;SE;Sudeste;CGH;PERFIL
2026-09-25;2026-09-29;2026-09-29 13:00:00;13:00:00;74,539;1;SE;Sudeste;CGH;PERFIL
2026-09-25;2026-09-29;2026-09-29 13:30:00;13:30:00;74,763;1;SE;Sudeste;CGH;PERFIL
2026-09-25;2026-09-29;2026-09-29 14:00:00;14:00:00;74,763;1;SE;Sudeste;CGH;PERFIL
2026-09-25;2026-09-29;2026-09-29 14:30:00;14:30:00;74,88;1;SE;Sudeste;CGH;PERFIL
2026-09-25;2026-09-29;2026-09-29 15:00:00;15:00:00;75,8;1;SE;Sudeste;CGH;PERFIL
2026-09-25;2026-09-29;2026-09-29 15:30:00;15:30:00;76,384;1;SE;Sudeste;CGH;PERFIL
2026-09-25;2026-09-29;2026-09-29 16:00:00;16:00:00;77,24;1;SE;Sudeste;CGH;PERFIL
2026-09-25;2026-09-29;2026-09-29 16:30:00;16:30:00;77,496;1;SE;Sudeste;CGH;PERFIL
2026-09-25;2026-09-29;2026-09-29 17:00:00;17:00:00;79,472;1;SE;Sudeste;CGH;PERFIL
2026-09-25;2026-09-29;2026-09-29 17:30:00;17:30:00;79,915;1;SE;Sudeste;CGH;PERFIL
2026-09-25;2026-09-29;2026-09-29 18:00:00;18:00:00;80,63;1;SE;Sudeste;CGH;PERFIL
2026-09-25;2026-09-29;2026-09-29 18:30:00;18:30:00;80,89;1;SE;Sudeste;CGH;PERFIL
2026-09-25;2026-09-29;2026-09-29 19:00:00;19:00:00;81,004;1;SE;Sudeste;CGH;PERFIL
2026-09-25;2026-09-29;2026-09-29 19:30:00;19:30:00;81,118;1;SE;Sudeste;CGH;PERFIL
2026-09-25;2026-09-29;2026-09-29 20:00:00;20:00:00;81,118;1;SE;Sudeste;CGH;PERFIL
2026-09-25;2026-09-29;2026-09-29 20:30:00;20:30:00;81,004;1;SE;Sudeste;CGH;PERFIL
2026-09-25;2026-09-29;2026-09-29 21:00:00;21:00:00;80,89;1;SE;Sudeste;CGH;PERFIL
2026-09-25;2026-09-29;2026-09-29 21:30:00;21:30:00;80,89;1;SE;Sudeste;CGH;PERFIL
2026-09-25;2026-09-29;2026-09-29 22:00:00;22:00:00;80,747;1;SE;Sudeste;CGH;PERFIL
2026-09-25;2026-09-29;2026-09-29 22:30:00;22:30:00;80,496;1;SE;Sudeste;CGH;PERFIL
2026-09-25;2026-09-29;2026-09-29 23:00:00;23:00:00;79,915;1;SE;Sudeste;CGH;PERFIL
2026-09-25;2026-09-29;2026-09-29 23:30:00;23:30:00;79,691;1;SE;Sudeste;CGH;PERFIL
2026-09-25;2026-09-30;2026-09-30 00:00:00;00:00:00;79,087;1;SE;Sudeste;CGH;PERFIL
2026-09-25;2026-09-30;2026-09-30 00:30:00;00:30:00;78,337;1;SE;Sudeste;CGH;PERFIL
2026-09-25;2026-09-30;2026-09-30 01:00:00;01:00:00;77,629;1;SE;Sudeste;CGH;PERFIL
2026-09-25;2026-09-30;2026-09-30 01:30:00;01:30:00;77,496;1;SE;Sudeste;CGH;PERFIL
2026-09-25;2026-09-30;2026-09-30 02:00:00;02:00:00;77,281;1;SE;Sudeste;CGH;PERFIL
2026-09-25;2026-09-30;2026-09-30 02:30:00;02:30:00;77,281;1;SE;Sudeste;CGH;PERFIL
2026-09-25;2026-09-30;2026-09-30 03:00:00;03:00:00;77,24;1;SE;Sudeste;CGH;PERFIL
2026-09-25;2026-09-30;2026-09-30 03:30:00;03:30:00;77,24;1;SE;Sudeste;CGH;PERFIL
2026-09-25;2026-09-30;2026-09-30 04:00:00;04:00:00;77,24;1;SE;Sudeste;CGH;PERFIL
2026-09-25;2026-09-30;2026-09-30 04:30:00;04:30:00;77,24;1;SE;Sudeste;CGH;PERFIL
2026-09-25;2026-09-30;2026-09-30 05:00:00;05:00:00;77,065;1;SE;Sudeste;CGH;PERFIL
2026-09-25;2026-09-30;2026-09-30 05:30:00;05:30:00;77,065;1;SE;Sudeste;CGH;PERFIL
2026-09-25;2026-09-30;2026-09-30 06:00:00;06:00:00;76,857;1;SE;Sudeste;CGH;PERFIL
2026-09-25;2026-09-30;2026-09-30 06:30:00;06:30:00;76,633;1;SE;Sudeste;CGH;PERFIL
2026-09-25;2026-09-30;2026-09-30 07:00:00;07:00:00;76,299;1;SE;Sudeste;CGH;PERFIL
2026-09-25;2026-09-30;2026-09-30 07:30:00;07:30:00;76,1;1;SE;Sudeste;CGH;PERFIL
2026-09-25;2026-09-30;2026-09-30 08:00:00;08:00:00;75,43;1;SE;Sudeste;CGH;PERFIL
2026-09-25;2026-09-30;2026-09-30 08:30:00;08:30:00;75,262;1;SE;Sudeste;CGH;PERFIL
2026-09-25;2026-09-30;2026-09-30 09:00:00;09:00:00;74,316;1;SE;Sudeste;CGH;PERFIL
2026-09-25;2026-09-30;2026-09-30 09:30:00;09:30:00;74,316;1;SE;Sudeste;CGH;PERFIL
2026-09-25;2026-09-30;2026-09-30 10:00:00;10:00:00;74,231;1;SE;Sudeste;CGH;PERFIL
2026-09-25;2026-09-30;2026-09-30 10:30:00;10:30:00;74,231;1;SE;Sudeste;CGH;PERFIL
2026-09-25;2026-09-30;2026-09-30 11:00:00;11:00:00;73,868;1;SE;Sudeste;CGH;PERFIL
2026-09-25;2026-09-30;2026-09-30 11:30:00;11:30:00;73,982;1;SE;Sudeste;CGH;PERFIL
2026-09-25;2026-09-30;2026-09-30 12:00:00;12:00:00;74,316;1;SE;Sudeste;CGH;PERFIL
2026-09-25;2026-09-30;2026-09-30 12:30:00;12:30:00;74,316;1;SE;Sudeste;CGH;PERFIL
2026-09-25;2026-09-30;2026-09-30 13:00:00;13:00:00;74,539;1;SE;Sudeste;CGH;PERFIL
2026-09-25;2026-09-30;2026-09-30 13:30:00;13:30:00;74,763;1;SE;Sudeste;CGH;PERFIL
2026-09-25;2026-09-30;2026-09-30 14:00:00;14:00:00;74,763;1;SE;Sudeste;CGH;PERFIL
2026-09-25;2026-09-30;2026-09-30 14:30:00;14:30:00;74,88;1;SE;Sudeste;CGH;PERFIL
2026-09-25;2026-09-30;2026-09-30 15:00:00;15:00:00;75,8;1;SE;Sudeste;CGH;PERFIL
2026-09-25;2026-09-30;2026-09-30 15:30:00;15:30:00;76,384;1;SE;Sudeste;CGH;PERFIL
2026-09-25;2026-09-30;2026-09-30 16:00:00;16:00:00;77,24;1;SE;Sudeste;CGH;PERFIL
2026-09-25;2026-09-30;2026-09-30 16:30:00;16:30:00;77,496;1;SE;Sudeste;CGH;PERFIL
2026-09-25;2026-09-30;2026-09-30 17:00:00;17:00:00;79,472;1;SE;Sudeste;CGH;PERFIL
2026-09-25;2026-09-30;2026-09-30 17:30:00;17:30:00;79,915;1;SE;Sudeste;CGH;PERFIL
2026-09-25;2026-09-30;2026-09-30 18:00:00;18:00:00;80,63;1;SE;Sudeste;CGH;PERFIL
2026-09-25;2026-09-30;2026-09-30 18:30:00;18:30:00;80,89;1;SE;Sudeste;CGH;PERFIL
2026-09-25;2026-09-30;2026-09-30 19:00:00;19:00:00;81,004;1;SE;Sudeste;CGH;PERFIL
2026-09-25;2026-09-30;2026-09-30 19:30:00;19:30:00;81,118;1;SE;Sudeste;CGH;PERFIL
2026-09-25;2026-09-30;2026-09-30 20:00:00;20:00:00;81,118;1;SE;Sudeste;CGH;PERFIL
2026-09-25;2026-09-30;2026-09-30 20:30:00;20:30:00;81,004;1;SE;Sudeste;CGH;PERFIL
2026-09-25;2026-09-30;2026-09-30 21:00:00;21:00:00;80,89;1;SE;Sudeste;CGH;PERFIL
2026-09-25;2026-09-30;2026-09-30 21:30:00;21:30:00;80,89;1;SE;Sudeste;CGH;PERFIL
2026-09-25;2026-09-30;2026-09-30 22:00:00;22:00:00;80,747;1;SE;Sudeste;CGH;PERFIL
2026-09-25;2026-09-30;2026-09-30 22:30:00;22:30:00;80,496;1;SE;Sudeste;CGH;PERFIL
2026-09-25;2026-09-30;2026-09-30 23:00:00;23:00:00;79,915;1;SE;Sudeste;CGH;PERFIL
2026-09-25;2026-09-30;2026-09-30 23:30:00;23:30:00;79,691;1;SE;Sudeste;CGH;PERFIL
2026-09-25;2026-10-01;2026-10-01 00:00:00;00:00:00;79,087;1;SE;Sudeste;CGH;PERFIL
2026-09-25;2026-10-01;2026-10-01 00:30:00;00:30:00;78,337;1;SE;Sudeste;CGH;PERFIL
2026-09-25;2026-10-01;2026-10-01 01:00:00;01:00:00;77,629;1;SE;Sudeste;CGH;PERFIL
2026-09-25;2026-10-01;2026-10-01 01:30:00;01:30:00;77,496;1;SE;Sudeste;CGH;PERFIL
2026-09-25;2026-10-01;2026-10-01 02:00:00;02:00:00;77,281;1;SE;Sudeste;CGH;PERFIL
2026-09-25;2026-10-01;2026-10-01 02:30:00;02:30:00;77,281;1;SE;Sudeste;CGH;PERFIL
2026-09-25;2026-10-01;2026-10-01 03:00:00;03:00:00;77,24;1;SE;Sudeste;CGH;PERFIL
2026-09-25;2026-10-01;2026-10-01 03:30:00;03:30:00;77,24;1;SE;Sudeste;CGH;PERFIL
2026-09-25;2026-10-01;2026-10-01 04:00:00;04:00:00;77,24;1;SE;Sudeste;CGH;PERFIL
2026-09-25;2026-10-01;2026-10-01 04:30:00;04:30:00;77,24;1;SE;Sudeste;CGH;PERFIL
2026-09-25;2026-10-01;2026-10-01 05:00:00;05:00:00;77,065;1;SE;Sudeste;CGH;PERFIL
2026-09-25;2026-10-01;2026-10-01 05:30:00;05:30:00;77,065;1;SE;Sudeste;CGH;PERFIL
2026-09-25;2026-10-01;2026-10-01 06:00:00;06:00:00;76,857;1;SE;Sudeste;CGH;PERFIL
2026-09-25;2026-10-01;2026-10-01 06:30:00;06:30:00;76,633;1;SE;Sudeste;CGH;PERFIL
2026-09-25;2026-10-01;2026-10-01 07:00:00;07:00:00;76,299;1;SE;Sudeste;CGH;PERFIL
2026-09-25;2026-10-01;2026-10-01 07:30:00;07:30:00;76,1;1;SE;Sudeste;CGH;PERFIL
2026-09-25;2026-10-01;2026-10-01 08:00:00;08:00:00;75,43;1;SE;Sudeste;CGH;PERFIL
2026-09-25;2026-10-01;2026-10-01 08:30:00;08:30:00;75,262;1;SE;Sudeste;CGH;PERFIL
2026-09-25;2026-10-01;2026-10-01 09:00:00;09:00:00;74,316;1;SE;Sudeste;CGH;PERFIL
2026-09-25;2026-10-01;2026-10-01 09:30:00;09:30:00;74,316;1;SE;Sudeste;CGH;PERFIL
2026-09-25;2026-10-01;2026-10-01 10:00:00;10:00:00;74,231;1;SE;Sudeste;CGH;PERFIL
2026-09-25;2026-10-01;2026-10-01 10:30:00;10:30:00;74,231;1;SE;Sudeste;CGH;PERFIL
2026-09-25;2026-10-01;2026-10-01 11:00:00;11:00:00;73,868;1;SE;Sudeste;CGH;PERFIL
2026-09-25;2026-10-01;2026-10-01 11:30:00;11:30:00;73,982;1;SE;Sudeste;CGH;PERFIL
2026-09-25;2026-10-01;2026-10-01 12:00:00;12:00:00;74,316;1;SE;Sudeste;CGH;PERFIL
2026-09-25;2026-10-01;2026-10-01 12:30:00;12:30:00;74,316;1;SE;Sudeste;CGH;PERFIL
2026-09-25;2026-10-01;2026-10-01 13:00:00;13:00:00;74,539;1;SE;Sudeste;CGH;PERFIL
2026-09-25;2026-10-01;2026-10-01 13:30:00;13:30:00;74,763;1;SE;Sudeste;CGH;PERFIL
2026-09-25;2026-10-01;2026-10-01 14:00:00;14:00:00;74,763;1;SE;Sudeste;CGH;PERFIL
2026-09-25;2026-10-01;2026-10-01 14:30:00;14:30:00;74,88;1;SE;Sudeste;CGH;PERFIL
2026-09-25;2026-10-01;2026-10-01 15:00:00;15:00:00;75,8;1;SE;Sudeste;CGH;PERFIL
2026-09-25;2026-10-01;2026-10-01 15:30:00;15:30:00;76,384;1;SE;Sudeste;CGH;PERFIL
2026-09-25;2026-10-01;2026-10-01 16:00:00;16:00:00;77,24;1;SE;Sudeste;CGH;PERFIL
2026-09-25;2026-10-01;2026-10-01 16:30:00;16:30:00;77,496;1;SE;Sudeste;CGH;PERFIL
2026-09-25;2026-10-01;2026-10-01 17:00:00;17:00:00;79,472;1;SE;Sudeste;CGH;PERFIL
2026-09-25;2026-10-01;2026-10-01 17:30:00;17:30:00;79,915;1;SE;Sudeste;CGH;PERFIL
2026-09-25;2026-10-01;2026-10-01 18:00:00;18:00:00;80,63;1;SE;Sudeste;CGH;PERFIL
2026-09-25;2026-10-01;2026-10-01 18:30:00;18:30:00;80,89;1;SE;Sudeste;CGH;PERFIL
2026-09-25;2026-10-01;2026-10-01 19:00:00;19:00:00;81,004;1;SE;Sudeste;CGH;PERFIL
2026-09-25;2026-10-01;2026-10-01 19:30:00;19:30:00;81,118;1;SE;Sudeste;CGH;PERFIL
2026-09-25;2026-10-01;2026-10-01 20:00:00;20:00:00;81,118;1;SE;Sudeste;CGH;PERFIL
2026-09-25;2026-10-01;2026-10-01 20:30:00;20:30:00;81,004;1;SE;Sudeste;CGH;PERFIL
2026-09-25;2026-10-01;2026-10-01 21:00:00;21:00:00;80,89;1;SE;Sudeste;CGH;PERFIL
2026-09-25;2026-10-01;2026-10-01 21:30:00;21:30:00;80,89;1;SE;Sudeste;CGH;PERFIL
2026-09-25;2026-10-01;2026-10-01 22:00:00;22:00:00;80,747;1;SE;Sudeste;CGH;PERFIL
2026-09-25;2026-10-01;2026-10-01 22:30:00;22:30:00;80,496;1;SE;Sudeste;CGH;PERFIL
2026-09-25;2026-10-01;2026-10-01 23:00:00;23:00:00;79,915;1;SE;Sudeste;CGH;PERFIL
2026-09-25;2026-10-01;2026-10-01 23:30:00;23:30:00;79,691;1;SE;Sudeste;CGH;PERFIL
2026-09-25;2026-10-02;2026-10-02 00:00:00;00:00:00;79,087;1;SE;Sudeste;CGH;PERFIL
2026-09-25;2026-10-02;2026-10-02 00:30:00;00:30:00;78,337;1;SE;Sudeste;CGH;PERFIL
2026-09-25;2026-10-02;2026-10-02 01:00:00;01:00:00;77,629;1;SE;Sudeste;CGH;PERFIL
2026-09-25;2026-10-02;2026-10-02 01:30:00;01:30:00;77,496;1;SE;Sudeste;CGH;PERFIL
2026-09-25;2026-10-02;2026-10-02 02:00:00;02:00:00;77,281;1;SE;Sudeste;CGH;PERFIL
2026-09-25;2026-10-02;2026-10-02 02:30:00;02:30:00;77,281;1;SE;Sudeste;CGH;PERFIL
2026-09-25;2026-10-02;2026-10-02 03:00:00;03:00:00;77,24;1;SE;Sudeste;CGH;PERFIL
2026-09-25;2026-10-02;2026-10-02 03:30:00;03:30:00;77,24;1;SE;Sudeste;CGH;PERFIL
2026-09-25;2026-10-02;2026-10-02 04:00:00;04:00:00;77,24;1;SE;Sudeste;CGH;PERFIL
2026-09-25;2026-10-02;2026-10-02 04:30:00;04:30:00;77,24;1;SE;Sudeste;CGH;PERFIL
2026-09-25;2026-10-02;2026-10-02 05:00:00;05:00:00;77,065;1;SE;Sudeste;CGH;PERFIL
2026-09-25;2026-10-02;2026-10-02 05:30:00;05:30:00;77,065;1;SE;Sudeste;CGH;PERFIL
2026-09-25;2026-10-02;2026-10-02 06:00:00;06:00:00;76,857;1;SE;Sudeste;CGH;PERFIL
2026-09-25;2026-10-02;2026-10-02 06:30:00;06:30:00;76,633;1;SE;Sudeste;CGH;PERFIL
2026-09-25;2026-10-02;2026-10-02 07:00:00;07:00:00;76,299;1;SE;Sudeste;CGH;PERFIL
2026-09-25;2026-10-02;2026-10-02 07:30:00;07:30:00;76,1;1;SE;Sudeste;CGH;PERFIL
2026-09-25;2026-10-02;2026-10-02 08:00:00;08:00:00;75,43;1;SE;Sudeste;CGH;PERFIL
2026-09-25;2026-10-02;2026-10-02 08:30:00;08:30:00;75,262;1;SE;Sudeste;CGH;PERFIL
2026-09-25;2026-10-02;2026-10-02 09:00:00;09:00:00;74,316;1;SE;Sudeste;CGH;PERFIL
2026-09-25;2026-10-02;2026-10-02 09:30:00;09:30:00;74,316;1;SE;Sudeste;CGH;PERFIL
2026-09-25;2026-10-02;2026-10-02 10:00:00;10:00:00;74,231;1;SE;Sudeste;CGH;PERFIL
2026-09-25;2026-10-02;2026-10-02 10:30:00;10:30:00;74,231;1;SE;Sudeste;CGH;PERFIL
2026-09-25;2026-10-02;2026-10-02 11:00:00;11:00:00;73,868;1;SE;Sudeste;CGH;PERFIL
2026-09-25;2026-10-02;2026-10-02 11:30:00;11:30:00;73,982;1;SE;Sudeste;CGH;PERFIL
2026-09-25;2026-10-02;2026-10-02 12:00:00;12:00:00;74,316;1;SE;Sudeste;CGH;PERFIL
2026-09-25;2026-10-02;2026-10-02 12:30:00;12:30:00;74,316;1;SE;Sudeste;CGH;PERFIL
2026-09-25;2026-10-02;2026-10-02 13:00:00;13:00:00;74,539;1;SE;Sudeste;CGH;PERFIL
2026-09-25;2026-10-02;2026-10-02 13:30:00;13:30:00;74,763;1;SE;Sudeste;CGH;PERFIL
2026-09-25;2026-10-02;2026-10-02 14:00:00;14:00:00;74,763;1;SE;Sudeste;CGH;PERFIL
2026-09-25;2026-10-02;2026-10-02 14:30:00;14:30:00;74,88;1;SE;Sudeste;CGH;PERFIL
2026-09-25;2026-10-02;2026-10-02 15:00:00;15:00:00;75,8;1;SE;Sudeste;CGH;PERFIL
2026-09-25;2026-10-02;2026-10-02 15:30:00;15:30:00;76,384;1;SE;Sudeste;CGH;PERFIL
2026-09-25;2026-10-02;2026-10-02 16:00:00;16:00:00;77,24;1;SE;Sudeste;CGH;PERFIL
2026-09-25;2026-10-02;2026-10-02 16:30:00;16:30:00;77,496;1;SE;Sudeste;CGH;PERFIL
2026-09-25;2026-10-02;2026-10-02 17:00:00;17:00:00;79,472;1;SE;Sudeste;CGH;PERFIL
2026-09-25;2026-10-02;2026-10-02 17:30:00;17:30:00;79,915;1;SE;Sudeste;CGH;PERFIL
2026-09-25;2026-10-02;2026-10-02 18:00:00;18:00:00;80,63;1;SE;Sudeste;CGH;PERFIL
2026-09-25;2026-10-02;2026-10-02 18:30:00;18:30:00;80,89;1;SE;Sudeste;CGH;PERFIL
2026-09-25;2026-10-02;2026-10-02 19:00:00;19:00:00;81,004;1;SE;Sudeste;CGH;PERFIL
2026-09-25;2026-10-02;2026-10-02 19:30:00;19:30:00;81,118;1;SE;Sudeste;CGH;PERFIL
2026-09-25;2026-10-02;2026-10-02 20:00:00;20:00:00;81,118;1;SE;Sudeste;CGH;PERFIL
2026-09-25;2026-10-02;2026-10-02 20:30:00;20:30:00;81,004;1;SE;Sudeste;CGH;PERFIL
2026-09-25;2026-10-02;2026-10-02 21:00:00;21:00:00;80,89;1;SE;Sudeste;CGH;PERFIL
2026-09-25;2026-10-02;2026-10-02 21:30:00;21:30:00;80,89;1;SE;Sudeste;CGH;PERFIL
2026-09-25;2026-10-02;2026-10-02 22:00:00;22:00:00;80,747;1;SE;Sudeste;CGH;PERFIL
2026-09-25;2026-10-02;2026-10-02 22:30:00;22:30:00;80,496;1;SE;Sudeste;CGH;PERFIL
2026-09-25;2026-10-02;2026-10-02 23:00:00;23:00:00;79,915;1;SE;Sudeste;CGH;PERFIL
2026-09-25;2026-10-02;2026-10-02 23:30:00;23:30:00;79,691;1;SE;Sudeste;CGH;PERFIL
2026-09-25;2026-09-25;2026-09-25 00:00:00;00:00:00;0,0;4;N;Norte;MGD;DESSEM
2026-09-25;2026-09-25;2026-09-25 00:30:00;00:30:00;0,0;4;N;Norte;MGD;DESSEM
2026-09-25;2026-09-25;2026-09-25 01:00:00;01:00:00;0,0;4;N;Norte;MGD;DESSEM
2026-09-25;2026-09-25;2026-09-25 01:30:00;01:30:00;0,0;4;N;Norte;MGD;DESSEM
2026-09-25;2026-09-25;2026-09-25 02:00:00;02:00:00;0,0;4;N;Norte;MGD;DESSEM
2026-09-25;2026-09-25;2026-09-25 02:30:00;02:30:00;0,0;4;N;Norte;MGD;DESSEM
2026-09-25;2026-09-25;2026-09-25 03:00:00;03:00:00;0,0;4;N;Norte;MGD;DESSEM
2026-09-25;2026-09-25;2026-09-25 03:30:00;03:30:00;0,0;4;N;Norte;MGD;DESSEM
2026-09-25;2026-09-25;2026-09-25 04:00:00;04:00:00;0,0;4;N;Norte;MGD;DESSEM
2026-09-25;2026-09-25;2026-09-25 04:30:00;04:30:00;0,0;4;N;Norte;MGD;DESSEM
2026-09-25;2026-09-25;2026-09-25 05:00:00;05:00:00;0,0;4;N;Norte;MGD;DESSEM
2026-09-25;2026-09-25;2026-09-25 05:30:00;05:30:00;0,0;4;N;Norte;MGD;DESSEM
2026-09-25;2026-09-25;2026-09-25 06:00:00;06:00:00;99,0;4;N;Norte;MGD;DESSEM
2026-09-25;2026-09-25;2026-09-25 06:30:00;06:30:00;283,0;4;N;Norte;MGD;DESSEM
2026-09-25;2026-09-25;2026-09-25 07:00:00;07:00:00;688,0;4;N;Norte;MGD;DESSEM
2026-09-25;2026-09-25;2026-09-25 07:30:00;07:30:00;1064,0;4;N;Norte;MGD;DESSEM
2026-09-25;2026-09-25;2026-09-25 08:00:00;08:00:00;1425,0;4;N;Norte;MGD;DESSEM
2026-09-25;2026-09-25;2026-09-25 08:30:00;08:30:00;1768,0;4;N;Norte;MGD;DESSEM
2026-09-25;2026-09-25;2026-09-25 09:00:00;09:00:00;2090,0;4;N;Norte;MGD;DESSEM
2026-09-25;2026-09-25;2026-09-25 09:30:00;09:30:00;2377,0;4;N;Norte;MGD;DESSEM
2026-09-25;2026-09-25;2026-09-25 10:00:00;10:00:00;2628,0;4;N;Norte;MGD;DESSEM
2026-09-25;2026-09-25;2026-09-25 10:30:00;10:30:00;2849,0;4;N;Norte;MGD;DESSEM
2026-09-25;2026-09-25;2026-09-25 11:00:00;11:00:00;3035,0;4;N;Norte;MGD;DESSEM
2026-09-25;2026-09-25;2026-09-25 11:30:00;11:30:00;3181,0;4;N;Norte;MGD;DESSEM
2026-09-25;2026-09-25;2026-09-25 12:00:00;12:00:00;3268,0;4;N;Norte;MGD;DESSEM
2026-09-25;2026-09-25;2026-09-25 12:30:00;12:30:00;3228,0;4;N;Norte;MGD;DESSEM
2026-09-25;2026-09-25;2026-09-25 13:00:00;13:00:00;3080,0;4;N;Norte;MGD;DESSEM
2026-09-25;2026-09-25;2026-09-25 13:30:00;13:30:00;2846,0;4;N;Norte;MGD;DESSEM
2026-09-25;2026-09-25;2026-09-25 14:00:00;14:00:00;2532,0;4;N;Norte;MGD;DESSEM
2026-09-25;2026-09-25;2026-09-25 14:30:00;14:30:00;2168,0;4;N;Norte;MGD;DESSEM
2026-09-25;2026-09-25;2026-09-25 15:00:00;15:00:00;1757,0;4;N;Norte;MGD;DESSEM
2026-09-25;2026-09-25;2026-09-25 15:30:00;15:30:00;1408,0;4;N;Norte;MGD;DESSEM
2026-09-25;2026-09-25;2026-09-25 16:00:00;16:00:00;1107,0;4;N;Norte;MGD;DESSEM
2026-09-25;2026-09-25;2026-09-25 16:30:00;16:30:00;793,0;4;N;Norte;MGD;DESSEM
2026-09-25;2026-09-25;2026-09-25 17:00:00;17:00:00;429,0;4;N;Norte;MGD;DESSEM
2026-09-25;2026-09-25;2026-09-25 17:30:00;17:30:00;195,0;4;N;Norte;MGD;DESSEM
2026-09-25;2026-09-25;2026-09-25 18:00:00;18:00:00;21,0;4;N;Norte;MGD;DESSEM
2026-09-25;2026-09-25;2026-09-25 18:30:00;18:30:00;0,0;4;N;Norte;MGD;DESSEM
2026-09-25;2026-09-25;2026-09-25 19:00:00;19:00:00;0,0;4;N;Norte;MGD;DESSEM
2026-09-25;2026-09-25;2026-09-25 19:30:00;19:30:00;0,0;4;N;Norte;MGD;DESSEM
2026-09-25;2026-09-25;2026-09-25 20:00:00;20:00:00;0,0;4;N;Norte;MGD;DESSEM
2026-09-25;2026-09-25;2026-09-25 20:30:00;20:30:00;0,0;4;N;Norte;MGD;DESSEM
2026-09-25;2026-09-25;2026-09-25 21:00:00;21:00:00;0,0;4;N;Norte;MGD;DESSEM
2026-09-25;2026-09-25;2026-09-25 21:30:00;21:30:00;0,0;4;N;Norte;MGD;DESSEM
2026-09-25;2026-09-25;2026-09-25 22:00:00;22:00:00;0,0;4;N;Norte;MGD;DESSEM
2026-09-25;2026-09-25;2026-09-25 22:30:00;22:30:00;0,0;4;N;Norte;MGD;DESSEM
2026-09-25;2026-09-25;2026-09-25 23:00:00;23:00:00;0,0;4;N;Norte;MGD;DESSEM
2026-09-25;2026-09-25;2026-09-25 23:30:00;23:30:00;0,0;4;N;Norte;MGD;DESSEM
2026-09-25;2026-09-26;2026-09-26 00:00:00;00:00:00;0,0;4;N;Norte;MGD;PERFIL
2026-09-25;2026-09-26;2026-09-26 00:30:00;00:30:00;0,0;4;N;Norte;MGD;PERFIL
2026-09-25;2026-09-26;2026-09-26 01:00:00;01:00:00;0,0;4;N;Norte;MGD;PERFIL
2026-09-25;2026-09-26;2026-09-26 01:30:00;01:30:00;0,0;4;N;Norte;MGD;PERFIL
2026-09-25;2026-09-26;2026-09-26 02:00:00;02:00:00;0,0;4;N;Norte;MGD;PERFIL
2026-09-25;2026-09-26;2026-09-26 02:30:00;02:30:00;0,0;4;N;Norte;MGD;PERFIL
2026-09-25;2026-09-26;2026-09-26 03:00:00;03:00:00;0,0;4;N;Norte;MGD;PERFIL
2026-09-25;2026-09-26;2026-09-26 03:30:00;03:30:00;0,0;4;N;Norte;MGD;PERFIL
2026-09-25;2026-09-26;2026-09-26 04:00:00;04:00:00;0,0;4;N;Norte;MGD;PERFIL
2026-09-25;2026-09-26;2026-09-26 04:30:00;04:30:00;0,0;4;N;Norte;MGD;PERFIL
2026-09-25;2026-09-26;2026-09-26 05:00:00;05:00:00;0,0;4;N;Norte;MGD;PERFIL
2026-09-25;2026-09-26;2026-09-26 05:30:00;05:30:00;0,0;4;N;Norte;MGD;PERFIL
2026-09-25;2026-09-26;2026-09-26 06:00:00;06:00:00;71,162;4;N;Norte;MGD;PERFIL
2026-09-25;2026-09-26;2026-09-26 06:30:00;06:30:00;224,712;4;N;Norte;MGD;PERFIL
2026-09-25;2026-09-26;2026-09-26 07:00:00;07:00:00;589,759;4;N;Norte;MGD;PERFIL
2026-09-25;2026-09-26;2026-09-26 07:30:00;07:30:00;958,525;4;N;Norte;MGD;PERFIL
2026-09-25;2026-09-26;2026-09-26 08:00:00;08:00:00;1347,086;4;N;Norte;MGD;PERFIL
2026-09-25;2026-09-26;2026-09-26 08:30:00;08:30:00;1715,943;4;N;Norte;MGD;PERFIL
2026-09-25;2026-09-26;2026-09-26 09:00:00;09:00:00;2063,105;4;N;Norte;MGD;PERFIL
2026-09-25;2026-09-26;2026-09-26 09:30:00;09:30:00;2372,705;4;N;Norte;MGD;PERFIL
2026-09-25;2026-09-26;2026-09-26 10:00:00;10:00:00;2635,771;4;N;Norte;MGD;PERFIL
2026-09-25;2026-09-26;2026-09-26 10:30:00;10:30:00;2839,873;4;N;Norte;MGD;PERFIL
2026-09-25;2026-09-26;2026-09-26 11:00:00;11:00:00;2981,517;4;N;Norte;MGD;PERFIL
2026-09-25;2026-09-26;2026-09-26 11:30:00;11:30:00;3067,727;4;N;Norte;MGD;PERFIL
2026-09-25;2026-09-26;2026-09-26 12:00:00;12:00:00;3102,001;4;N;Norte;MGD;PERFIL
2026-09-25;2026-09-26;2026-09-26 12:30:00;12:30:00;3068,024;4;N;Norte;MGD;PERFIL
2026-09-25;2026-09-26;2026-09-26 13:00:00;13:00:00;2966,066;4;N;Norte;MGD;PERFIL
2026-09-25;2026-09-26;2026-09-26 13:30:00;13:30:00;2800,932;4;N;Norte;MGD;PERFIL
2026-09-25;2026-09-26;2026-09-26 14:00:00;14:00:00;2576,103;4;N;Norte;MGD;PERFIL
2026-09-25;2026-09-26;2026-09-26 14:30:00;14:30:00;2304,942;4;N;Norte;MGD;PERFIL
2026-09-25;2026-09-26;2026-09-26 15:00:00;15:00:00;1988,78;4;N;Norte;MGD;PERFIL
2026-09-25;2026-09-26;2026-09-26 15:30:00;15:30:00;1646,914;4;N;Norte;MGD;PERFIL
2026-09-25;2026-09-26;2026-09-26 16:00:00;16:00:00;1279,798;4;N;Norte;MGD;PERFIL
2026-09-25;2026-09-26;2026-09-26 16:30:00;16:30:00;905,82;4;N;Norte;MGD;PERFIL
2026-09-25;2026-09-26;2026-09-26 17:00:00;17:00:00;512,059;4;N;Norte;MGD;PERFIL
2026-09-25;2026-09-26;2026-09-26 17:30:00;17:30:00;252,549;4;N;Norte;MGD;PERFIL
2026-09-25;2026-09-26;2026-09-26 18:00:00;18:00:00;41,019;4;N;Norte;MGD;PERFIL
2026-09-25;2026-09-26;2026-09-26 18:30:00;18:30:00;6,108;4;N;Norte;MGD;PERFIL
2026-09-25;2026-09-26;2026-09-26 19:00:00;19:00:00;0,0;4;N;Norte;MGD;PERFIL
2026-09-25;2026-09-26;2026-09-26 19:30:00;19:30:00;0,0;4;N;Norte;MGD;PERFIL
2026-09-25;2026-09-26;2026-09-26 20:00:00;20:00:00;0,0;4;N;Norte;MGD;PERFIL
2026-09-25;2026-09-26;2026-09-26 20:30:00;20:30:00;0,0;4;N;Norte;MGD;PERFIL
2026-09-25;2026-09-26;2026-09-26 21:00:00;21:00:00;0,0;4;N;Norte;MGD;PERFIL
2026-09-25;2026-09-26;2026-09-26 21:30:00;21:30:00;0,0;4;N;Norte;MGD;PERFIL
2026-09-25;2026-09-26;2026-09-26 22:00:00;22:00:00;0,0;4;N;Norte;MGD;PERFIL
2026-09-25;2026-09-26;2026-09-26 22:30:00;22:30:00;0,0;4;N;Norte;MGD;PERFIL
2026-09-25;2026-09-26;2026-09-26 23:00:00;23:00:00;0,0;4;N;Norte;MGD;PERFIL
2026-09-25;2026-09-26;2026-09-26 23:30:00;23:30:00;0,0;4;N;Norte;MGD;PERFIL
2026-09-25;2026-09-27;2026-09-27 00:00:00;00:00:00;0,0;4;N;Norte;MGD;PERFIL
2026-09-25;2026-09-27;2026-09-27 00:30:00;00:30:00;0,0;4;N;Norte;MGD;PERFIL
2026-09-25;2026-09-27;2026-09-27 01:00:00;01:00:00;0,0;4;N;Norte;MGD;PERFIL
2026-09-25;2026-09-27;2026-09-27 01:30:00;01:30:00;0,0;4;N;Norte;MGD;PERFIL
2026-09-25;2026-09-27;2026-09-27 02:00:00;02:00:00;0,0;4;N;Norte;MGD;PERFIL
2026-09-25;2026-09-27;2026-09-27 02:30:00;02:30:00;0,0;4;N;Norte;MGD;PERFIL
2026-09-25;2026-09-27;2026-09-27 03:00:00;03:00:00;0,0;4;N;Norte;MGD;PERFIL
2026-09-25;2026-09-27;2026-09-27 03:30:00;03:30:00;0,0;4;N;Norte;MGD;PERFIL
2026-09-25;2026-09-27;2026-09-27 04:00:00;04:00:00;0,0;4;N;Norte;MGD;PERFIL
2026-09-25;2026-09-27;2026-09-27 04:30:00;04:30:00;0,0;4;N;Norte;MGD;PERFIL
2026-09-25;2026-09-27;2026-09-27 05:00:00;05:00:00;0,0;4;N;Norte;MGD;PERFIL
2026-09-25;2026-09-27;2026-09-27 05:30:00;05:30:00;0,0;4;N;Norte;MGD;PERFIL
2026-09-25;2026-09-27;2026-09-27 06:00:00;06:00:00;71,162;4;N;Norte;MGD;PERFIL
2026-09-25;2026-09-27;2026-09-27 06:30:00;06:30:00;224,712;4;N;Norte;MGD;PERFIL
2026-09-25;2026-09-27;2026-09-27 07:00:00;07:00:00;589,759;4;N;Norte;MGD;PERFIL
2026-09-25;2026-09-27;2026-09-27 07:30:00;07:30:00;958,525;4;N;Norte;MGD;PERFIL
2026-09-25;2026-09-27;2026-09-27 08:00:00;08:00:00;1347,086;4;N;Norte;MGD;PERFIL
2026-09-25;2026-09-27;2026-09-27 08:30:00;08:30:00;1715,943;4;N;Norte;MGD;PERFIL
2026-09-25;2026-09-27;2026-09-27 09:00:00;09:00:00;2063,105;4;N;Norte;MGD;PERFIL
2026-09-25;2026-09-27;2026-09-27 09:30:00;09:30:00;2372,705;4;N;Norte;MGD;PERFIL
2026-09-25;2026-09-27;2026-09-27 10:00:00;10:00:00;2635,771;4;N;Norte;MGD;PERFIL
2026-09-25;2026-09-27;2026-09-27 10:30:00;10:30:00;2839,873;4;N;Norte;MGD;PERFIL
2026-09-25;2026-09-27;2026-09-27 11:00:00;11:00:00;2981,517;4;N;Norte;MGD;PERFIL
2026-09-25;2026-09-27;2026-09-27 11:30:00;11:30:00;3067,727;4;N;Norte;MGD;PERFIL
2026-09-25;2026-09-27;2026-09-27 12:00:00;12:00:00;3102,001;4;N;Norte;MGD;PERFIL
2026-09-25;2026-09-27;2026-09-27 12:30:00;12:30:00;3068,024;4;N;Norte;MGD;PERFIL
2026-09-25;2026-09-27;2026-09-27 13:00:00;13:00:00;2966,066;4;N;Norte;MGD;PERFIL
2026-09-25;2026-09-27;2026-09-27 13:30:00;13:30:00;2800,932;4;N;Norte;MGD;PERFIL
2026-09-25;2026-09-27;2026-09-27 14:00:00;14:00:00;2576,103;4;N;Norte;MGD;PERFIL
2026-09-25;2026-09-27;2026-09-27 14:30:00;14:30:00;2304,942;4;N;Norte;MGD;PERFIL
2026-09-25;2026-09-27;2026-09-27 15:00:00;15:00:00;1988,78;4;N;Norte;MGD;PERFIL
2026-09-25;2026-09-27;2026-09-27 15:30:00;15:30:00;1646,914;4;N;Norte;MGD;PERFIL
2026-09-25;2026-09-27;2026-09-27 16:00:00;16:00:00;1279,798;4;N;Norte;MGD;PERFIL
2026-09-25;2026-09-27;2026-09-27 16:30:00;16:30:00;905,82;4;N;Norte;MGD;PERFIL
2026-09-25;2026-09-27;2026-09-27 17:00:00;17:00:00;512,059;4;N;Norte;MGD;PERFIL
2026-09-25;2026-09-27;2026-09-27 17:30:00;17:30:00;252,549;4;N;Norte;MGD;PERFIL
2026-09-25;2026-09-27;2026-09-27 18:00:00;18:00:00;41,019;4;N;Norte;MGD;PERFIL
2026-09-25;2026-09-27;2026-09-27 18:30:00;18:30:00;6,108;4;N;Norte;MGD;PERFIL
2026-09-25;2026-09-27;2026-09-27 19:00:00;19:00:00;0,0;4;N;Norte;MGD;PERFIL
2026-09-25;2026-09-27;2026-09-27 19:30:00;19:30:00;0,0;4;N;Norte;MGD;PERFIL
2026-09-25;2026-09-27;2026-09-27 20:00:00;20:00:00;0,0;4;N;Norte;MGD;PERFIL
2026-09-25;2026-09-27;2026-09-27 20:30:00;20:30:00;0,0;4;N;Norte;MGD;PERFIL
2026-09-25;2026-09-27;2026-09-27 21:00:00;21:00:00;0,0;4;N;Norte;MGD;PERFIL
2026-09-25;2026-09-27;2026-09-27 21:30:00;21:30:00;0,0;4;N;Norte;MGD;PERFIL
2026-09-25;2026-09-27;2026-09-27 22:00:00;22:00:00;0,0;4;N;Norte;MGD;PERFIL
2026-09-25;2026-09-27;2026-09-27 22:30:00;22:30:00;0,0;4;N;Norte;MGD;PERFIL
2026-09-25;2026-09-27;2026-09-27 23:00:00;23:00:00;0,0;4;N;Norte;MGD;PERFIL
2026-09-25;2026-09-27;2026-09-27 23:30:00;23:30:00;0,0;4;N;Norte;MGD;PERFIL
2026-09-25;2026-09-28;2026-09-28 00:00:00;00:00:00;0,0;4;N;Norte;MGD;PERFIL
2026-09-25;2026-09-28;2026-09-28 00:30:00;00:30:00;0,0;4;N;Norte;MGD;PERFIL
2026-09-25;2026-09-28;2026-09-28 01:00:00;01:00:00;0,0;4;N;Norte;MGD;PERFIL
2026-09-25;2026-09-28;2026-09-28 01:30:00;01:30:00;0,0;4;N;Norte;MGD;PERFIL
2026-09-25;2026-09-28;2026-09-28 02:00:00;02:00:00;0,0;4;N;Norte;MGD;PERFIL
2026-09-25;2026-09-28;2026-09-28 02:30:00;02:30:00;0,0;4;N;Norte;MGD;PERFIL
2026-09-25;2026-09-28;2026-09-28 03:00:00;03:00:00;0,0;4;N;Norte;MGD;PERFIL
2026-09-25;2026-09-28;2026-09-28 03:30:00;03:30:00;0,0;4;N;Norte;MGD;PERFIL
2026-09-25;2026-09-28;2026-09-28 04:00:00;04:00:00;0,0;4;N;Norte;MGD;PERFIL
2026-09-25;2026-09-28;2026-09-28 04:30:00;04:30:00;0,0;4;N;Norte;MGD;PERFIL
2026-09-25;2026-09-28;2026-09-28 05:00:00;05:00:00;0,0;4;N;Norte;MGD;PERFIL
2026-09-25;2026-09-28;2026-09-28 05:30:00;05:30:00;0,0;4;N;Norte;MGD;PERFIL
2026-09-25;2026-09-28;2026-09-28 06:00:00;06:00:00;71,162;4;N;Norte;MGD;PERFIL
2026-09-25;2026-09-28;2026-09-28 06:30:00;06:30:00;224,712;4;N;Norte;MGD;PERFIL
2026-09-25;2026-09-28;2026-09-28 07:00:00;07:00:00;589,759;4;N;Norte;MGD;PERFIL
2026-09-25;2026-09-28;2026-09-28 07:30:00;07:30:00;958,525;4;N;Norte;MGD;PERFIL
2026-09-25;2026-09-28;2026-09-28 08:00:00;08:00:00;1347,086;4;N;Norte;MGD;PERFIL
2026-09-25;2026-09-28;2026-09-28 08:30:00;08:30:00;1715,943;4;N;Norte;MGD;PERFIL
2026-09-25;2026-09-28;2026-09-28 09:00:00;09:00:00;2063,105;4;N;Norte;MGD;PERFIL
2026-09-25;2026-09-28;2026-09-28 09:30:00;09:30:00;2372,705;4;N;Norte;MGD;PERFIL
2026-09-25;2026-09-28;2026-09-28 10:00:00;10:00:00;2635,771;4;N;Norte;MGD;PERFIL
2026-09-25;2026-09-28;2026-09-28 10:30:00;10:30:00;2839,873;4;N;Norte;MGD;PERFIL
2026-09-25;2026-09-28;2026-09-28 11:00:00;11:00:00;2981,517;4;N;Norte;MGD;PERFIL
2026-09-25;2026-09-28;2026-09-28 11:30:00;11:30:00;3067,727;4;N;Norte;MGD;PERFIL
2026-09-25;2026-09-28;2026-09-28 12:00:00;12:00:00;3102,001;4;N;Norte;MGD;PERFIL
2026-09-25;2026-09-28;2026-09-28 12:30:00;12:30:00;3068,024;4;N;Norte;MGD;PERFIL
2026-09-25;2026-09-28;2026-09-28 13:00:00;13:00:00;2966,066;4;N;Norte;MGD;PERFIL
2026-09-25;2026-09-28;2026-09-28 13:30:00;13:30:00;2800,932;4;N;Norte;MGD;PERFIL
2026-09-25;2026-09-28;2026-09-28 14:00:00;14:00:00;2576,103;4;N;Norte;MGD;PERFIL
2026-09-25;2026-09-28;2026-09-28 14:30:00;14:30:00;2304,942;4;N;Norte;MGD;PERFIL
2026-09-25;2026-09-28;2026-09-28 15:00:00;15:00:00;1988,78;4;N;Norte;MGD;PERFIL
2026-09-25;2026-09-28;2026-09-28 15:30:00;15:30:00;1646,914;4;N;Norte;MGD;PERFIL
2026-09-25;2026-09-28;2026-09-28 16:00:00;16:00:00;1279,798;4;N;Norte;MGD;PERFIL
2026-09-25;2026-09-28;2026-09-28 16:30:00;16:30:00;905,82;4;N;Norte;MGD;PERFIL
2026-09-25;2026-09-28;2026-09-28 17:00:00;17:00:00;512,059;4;N;Norte;MGD;PERFIL
2026-09-25;2026-09-28;2026-09-28 17:30:00;17:30:00;252,549;4;N;Norte;MGD;PERFIL
2026-09-25;2026-09-28;2026-09-28 18:00:00;18:00:00;41,019;4;N;Norte;MGD;PERFIL
2026-09-25;2026-09-28;2026-09-28 18:30:00;18:30:00;6,108;4;N;Norte;MGD;PERFIL
2026-09-25;2026-09-28;2026-09-28 19:00:00;19:00:00;0,0;4;N;Norte;MGD;PERFIL
2026-09-25;2026-09-28;2026-09-28 19:30:00;19:30:00;0,0;4;N;Norte;MGD;PERFIL
2026-09-25;2026-09-28;2026-09-28 20:00:00;20:00:00;0,0;4;N;Norte;MGD;PERFIL
2026-09-25;2026-09-28;2026-09-28 20:30:00;20:30:00;0,0;4;N;Norte;MGD;PERFIL
2026-09-25;2026-09-28;2026-09-28 21:00:00;21:00:00;0,0;4;N;Norte;MGD;PERFIL
2026-09-25;2026-09-28;2026-09-28 21:30:00;21:30:00;0,0;4;N;Norte;MGD;PERFIL
2026-09-25;2026-09-28;2026-09-28 22:00:00;22:00:00;0,0;4;N;Norte;MGD;PERFIL
2026-09-25;2026-09-28;2026-09-28 22:30:00;22:30:00;0,0;4;N;Norte;MGD;PERFIL
2026-09-25;2026-09-28;2026-09-28 23:00:00;23:00:00;0,0;4;N;Norte;MGD;PERFIL
2026-09-25;2026-09-28;2026-09-28 23:30:00;23:30:00;0,0;4;N;Norte;MGD;PERFIL
2026-09-25;2026-09-29;2026-09-29 00:00:00;00:00:00;0,0;4;N;Norte;MGD;PERFIL
2026-09-25;2026-09-29;2026-09-29 00:30:00;00:30:00;0,0;4;N;Norte;MGD;PERFIL
2026-09-25;2026-09-29;2026-09-29 01:00:00;01:00:00;0,0;4;N;Norte;MGD;PERFIL
2026-09-25;2026-09-29;2026-09-29 01:30:00;01:30:00;0,0;4;N;Norte;MGD;PERFIL
2026-09-25;2026-09-29;2026-09-29 02:00:00;02:00:00;0,0;4;N;Norte;MGD;PERFIL
2026-09-25;2026-09-29;2026-09-29 02:30:00;02:30:00;0,0;4;N;Norte;MGD;PERFIL
2026-09-25;2026-09-29;2026-09-29 03:00:00;03:00:00;0,0;4;N;Norte;MGD;PERFIL
2026-09-25;2026-09-29;2026-09-29 03:30:00;03:30:00;0,0;4;N;Norte;MGD;PERFIL
2026-09-25;2026-09-29;2026-09-29 04:00:00;04:00:00;0,0;4;N;Norte;MGD;PERFIL
2026-09-25;2026-09-29;2026-09-29 04:30:00;04:30:00;0,0;4;N;Norte;MGD;PERFIL
2026-09-25;2026-09-29;2026-09-29 05:00:00;05:00:00;0,0;4;N;Norte;MGD;PERFIL
2026-09-25;2026-09-29;2026-09-29 05:30:00;05:30:00;0,0;4;N;Norte;MGD;PERFIL
2026-09-25;2026-09-29;2026-09-29 06:00:00;06:00:00;71,162;4;N;Norte;MGD;PERFIL
2026-09-25;2026-09-29;2026-09-29 06:30:00;06:30:00;224,712;4;N;Norte;MGD;PERFIL
2026-09-25;2026-09-29;2026-09-29 07:00:00;07:00:00;589,759;4;N;Norte;MGD;PERFIL
2026-09-25;2026-09-29;2026-09-29 07:30:00;07:30:00;958,525;4;N;Norte;MGD;PERFIL
2026-09-25;2026-09-29;2026-09-29 08:00:00;08:00:00;1347,086;4;N;Norte;MGD;PERFIL
2026-09-25;2026-09-29;2026-09-29 08:30:00;08:30:00;1715,943;4;N;Norte;MGD;PERFIL
2026-09-25;2026-09-29;2026-09-29 09:00:00;09:00:00;2063,105;4;N;Norte;MGD;PERFIL
2026-09-25;2026-09-29;2026-09-29 09:30:00;09:30:00;2372,705;4;N;Norte;MGD;PERFIL
2026-09-25;2026-09-29;2026-09-29 10:00:00;10:00:00;2635,771;4;N;Norte;MGD;PERFIL
2026-09-25;2026-09-29;2026-09-29 10:30:00;10:30:00;2839,873;4;N;Norte;MGD;PERFIL
2026-09-25;2026-09-29;2026-09-29 11:00:00;11:00:00;2981,517;4;N;Norte;MGD;PERFIL
2026-09-25;2026-09-29;2026-09-29 11:30:00;11:30:00;3067,727;4;N;Norte;MGD;PERFIL
2026-09-25;2026-09-29;2026-09-29 12:00:00;12:00:00;3102,001;4;N;Norte;MGD;PERFIL
2026-09-25;2026-09-29;2026-09-29 12:30:00;12:30:00;3068,024;4;N;Norte;MGD;PERFIL
2026-09-25;2026-09-29;2026-09-29 13:00:00;13:00:00;2966,066;4;N;Norte;MGD;PERFIL
2026-09-25;2026-09-29;2026-09-29 13:30:00;13:30:00;2800,932;4;N;Norte;MGD;PERFIL
2026-09-25;2026-09-29;2026-09-29 14:00:00;14:00:00;2576,103;4;N;Norte;MGD;PERFIL
2026-09-25;2026-09-29;2026-09-29 14:30:00;14:30:00;2304,942;4;N;Norte;MGD;PERFIL
2026-09-25;2026-09-29;2026-09-29 15:00:00;15:00:00;1988,78;4;N;Norte;MGD;PERFIL
2026-09-25;2026-09-29;2026-09-29 15:30:00;15:30:00;1646,914;4;N;Norte;MGD;PERFIL
2026-09-25;2026-09-29;2026-09-29 16:00:00;16:00:00;1279,798;4;N;Norte;MGD;PERFIL
2026-09-25;2026-09-29;2026-09-29 16:30:00;16:30:00;905,82;4;N;Norte;MGD;PERFIL
2026-09-25;2026-09-29;2026-09-29 17:00:00;17:00:00;512,059;4;N;Norte;MGD;PERFIL
2026-09-25;2026-09-29;2026-09-29 17:30:00;17:30:00;252,549;4;N;Norte;MGD;PERFIL
2026-09-25;2026-09-29;2026-09-29 18:00:00;18:00:00;41,019;4;N;Norte;MGD;PERFIL
2026-09-25;2026-09-29;2026-09-29 18:30:00;18:30:00;6,108;4;N;Norte;MGD;PERFIL
2026-09-25;2026-09-29;2026-09-29 19:00:00;19:00:00;0,0;4;N;Norte;MGD;PERFIL
2026-09-25;2026-09-29;2026-09-29 19:30:00;19:30:00;0,0;4;N;Norte;MGD;PERFIL
2026-09-25;2026-09-29;2026-09-29 20:00:00;20:00:00;0,0;4;N;Norte;MGD;PERFIL
2026-09-25;2026-09-29;2026-09-29 20:30:00;20:30:00;0,0;4;N;Norte;MGD;PERFIL
2026-09-25;2026-09-29;2026-09-29 21:00:00;21:00:00;0,0;4;N;Norte;MGD;PERFIL
2026-09-25;2026-09-29;2026-09-29 21:30:00;21:30:00;0,0;4;N;Norte;MGD;PERFIL
2026-09-25;2026-09-29;2026-09-29 22:00:00;22:00:00;0,0;4;N;Norte;MGD;PERFIL
2026-09-25;2026-09-29;2026-09-29 22:30:00;22:30:00;0,0;4;N;Norte;MGD;PERFIL
2026-09-25;2026-09-29;2026-09-29 23:00:00;23:00:00;0,0;4;N;Norte;MGD;PERFIL
2026-09-25;2026-09-29;2026-09-29 23:30:00;23:30:00;0,0;4;N;Norte;MGD;PERFIL
2026-09-25;2026-09-30;2026-09-30 00:00:00;00:00:00;0,0;4;N;Norte;MGD;PERFIL
2026-09-25;2026-09-30;2026-09-30 00:30:00;00:30:00;0,0;4;N;Norte;MGD;PERFIL
2026-09-25;2026-09-30;2026-09-30 01:00:00;01:00:00;0,0;4;N;Norte;MGD;PERFIL
2026-09-25;2026-09-30;2026-09-30 01:30:00;01:30:00;0,0;4;N;Norte;MGD;PERFIL
2026-09-25;2026-09-30;2026-09-30 02:00:00;02:00:00;0,0;4;N;Norte;MGD;PERFIL
2026-09-25;2026-09-30;2026-09-30 02:30:00;02:30:00;0,0;4;N;Norte;MGD;PERFIL
2026-09-25;2026-09-30;2026-09-30 03:00:00;03:00:00;0,0;4;N;Norte;MGD;PERFIL
2026-09-25;2026-09-30;2026-09-30 03:30:00;03:30:00;0,0;4;N;Norte;MGD;PERFIL
2026-09-25;2026-09-30;2026-09-30 04:00:00;04:00:00;0,0;4;N;Norte;MGD;PERFIL
2026-09-25;2026-09-30;2026-09-30 04:30:00;04:30:00;0,0;4;N;Norte;MGD;PERFIL
2026-09-25;2026-09-30;2026-09-30 05:00:00;05:00:00;0,0;4;N;Norte;MGD;PERFIL
2026-09-25;2026-09-30;2026-09-30 05:30:00;05:30:00;0,0;4;N;Norte;MGD;PERFIL
2026-09-25;2026-09-30;2026-09-30 06:00:00;06:00:00;71,162;4;N;Norte;MGD;PERFIL
2026-09-25;2026-09-30;2026-09-30 06:30:00;06:30:00;224,712;4;N;Norte;MGD;PERFIL
2026-09-25;2026-09-30;2026-09-30 07:00:00;07:00:00;589,759;4;N;Norte;MGD;PERFIL
2026-09-25;2026-09-30;2026-09-30 07:30:00;07:30:00;958,525;4;N;Norte;MGD;PERFIL
2026-09-25;2026-09-30;2026-09-30 08:00:00;08:00:00;1347,086;4;N;Norte;MGD;PERFIL
2026-09-25;2026-09-30;2026-09-30 08:30:00;08:30:00;1715,943;4;N;Norte;MGD;PERFIL
2026-09-25;2026-09-30;2026-09-30 09:00:00;09:00:00;2063,105;4;N;Norte;MGD;PERFIL
2026-09-25;2026-09-30;2026-09-30 09:30:00;09:30:00;2372,705;4;N;Norte;MGD;PERFIL
2026-09-25;2026-09-30;2026-09-30 10:00:00;10:00:00;2635,771;4;N;Norte;MGD;PERFIL
2026-09-25;2026-09-30;2026-09-30 10:30:00;10:30:00;2839,873;4;N;Norte;MGD;PERFIL
2026-09-25;2026-09-30;2026-09-30 11:00:00;11:00:00;2981,517;4;N;Norte;MGD;PERFIL
2026-09-25;2026-09-30;2026-09-30 11:30:00;11:30:00;3067,727;4;N;Norte;MGD;PERFIL
2026-09-25;2026-09-30;2026-09-30 12:00:00;12:00:00;3102,001;4;N;Norte;MGD;PERFIL
2026-09-25;2026-09-30;2026-09-30 12:30:00;12:30:00;3068,024;4;N;Norte;MGD;PERFIL
2026-09-25;2026-09-30;2026-09-30 13:00:00;13:00:00;2966,066;4;N;Norte;MGD;PERFIL
2026-09-25;2026-09-30;2026-09-30 13:30:00;13:30:00;2800,932;4;N;Norte;MGD;PERFIL
2026-09-25;2026-09-30;2026-09-30 14:00:00;14:00:00;2576,103;4;N;Norte;MGD;PERFIL
2026-09-25;2026-09-30;2026-09-30 14:30:00;14:30:00;2304,942;4;N;Norte;MGD;PERFIL
2026-09-25;2026-09-30;2026-09-30 15:00:00;15:00:00;1988,78;4;N;Norte;MGD;PERFIL
2026-09-25;2026-09-30;2026-09-30 15:30:00;15:30:00;1646,914;4;N;Norte;MGD;PERFIL
2026-09-25;2026-09-30;2026-09-30 16:00:00;16:00:00;1279,798;4;N;Norte;MGD;PERFIL
2026-09-25;2026-09-30;2026-09-30 16:30:00;16:30:00;905,82;4;N;Norte;MGD;PERFIL
2026-09-25;2026-09-30;2026-09-30 17:00:00;17:00:00;512,059;4;N;Norte;MGD;PERFIL
2026-09-25;2026-09-30;2026-09-30 17:30:00;17:30:00;252,549;4;N;Norte;MGD;PERFIL
2026-09-25;2026-09-30;2026-09-30 18:00:00;18:00:00;41,019;4;N;Norte;MGD;PERFIL
2026-09-25;2026-09-30;2026-09-30 18:30:00;18:30:00;6,108;4;N;Norte;MGD;PERFIL
2026-09-25;2026-09-30;2026-09-30 19:00:00;19:00:00;0,0;4;N;Norte;MGD;PERFIL
2026-09-25;2026-09-30;2026-09-30 19:30:00;19:30:00;0,0;4;N;Norte;MGD;PERFIL
2026-09-25;2026-09-30;2026-09-30 20:00:00;20:00:00;0,0;4;N;Norte;MGD;PERFIL
2026-09-25;2026-09-30;2026-09-30 20:30:00;20:30:00;0,0;4;N;Norte;MGD;PERFIL
2026-09-25;2026-09-30;2026-09-30 21:00:00;21:00:00;0,0;4;N;Norte;MGD;PERFIL
2026-09-25;2026-09-30;2026-09-30 21:30:00;21:30:00;0,0;4;N;Norte;MGD;PERFIL
2026-09-25;2026-09-30;2026-09-30 22:00:00;22:00:00;0,0;4;N;Norte;MGD;PERFIL
2026-09-25;2026-09-30;2026-09-30 22:30:00;22:30:00;0,0;4;N;Norte;MGD;PERFIL
2026-09-25;2026-09-30;2026-09-30 23:00:00;23:00:00;0,0;4;N;Norte;MGD;PERFIL
2026-09-25;2026-09-30;2026-09-30 23:30:00;23:30:00;0,0;4;N;Norte;MGD;PERFIL
2026-09-25;2026-10-01;2026-10-01 00:00:00;00:00:00;0,0;4;N;Norte;MGD;PERFIL
2026-09-25;2026-10-01;2026-10-01 00:30:00;00:30:00;0,0;4;N;Norte;MGD;PERFIL
2026-09-25;2026-10-01;2026-10-01 01:00:00;01:00:00;0,0;4;N;Norte;MGD;PERFIL
2026-09-25;2026-10-01;2026-10-01 01:30:00;01:30:00;0,0;4;N;Norte;MGD;PERFIL
2026-09-25;2026-10-01;2026-10-01 02:00:00;02:00:00;0,0;4;N;Norte;MGD;PERFIL
2026-09-25;2026-10-01;2026-10-01 02:30:00;02:30:00;0,0;4;N;Norte;MGD;PERFIL
2026-09-25;2026-10-01;2026-10-01 03:00:00;03:00:00;0,0;4;N;Norte;MGD;PERFIL
2026-09-25;2026-10-01;2026-10-01 03:30:00;03:30:00;0,0;4;N;Norte;MGD;PERFIL
2026-09-25;2026-10-01;2026-10-01 04:00:00;04:00:00;0,0;4;N;Norte;MGD;PERFIL
2026-09-25;2026-10-01;2026-10-01 04:30:00;04:30:00;0,0;4;N;Norte;MGD;PERFIL
2026-09-25;2026-10-01;2026-10-01 05:00:00;05:00:00;0,0;4;N;Norte;MGD;PERFIL
2026-09-25;2026-10-01;2026-10-01 05:30:00;05:30:00;0,0;4;N;Norte;MGD;PERFIL
2026-09-25;2026-10-01;2026-10-01 06:00:00;06:00:00;71,162;4;N;Norte;MGD;PERFIL
2026-09-25;2026-10-01;2026-10-01 06:30:00;06:30:00;224,712;4;N;Norte;MGD;PERFIL
2026-09-25;2026-10-01;2026-10-01 07:00:00;07:00:00;589,759;4;N;Norte;MGD;PERFIL
2026-09-25;2026-10-01;2026-10-01 07:30:00;07:30:00;958,525;4;N;Norte;MGD;PERFIL
2026-09-25;2026-10-01;2026-10-01 08:00:00;08:00:00;1347,086;4;N;Norte;MGD;PERFIL
2026-09-25;2026-10-01;2026-10-01 08:30:00;08:30:00;1715,943;4;N;Norte;MGD;PERFIL
2026-09-25;2026-10-01;2026-10-01 09:00:00;09:00:00;2063,105;4;N;Norte;MGD;PERFIL
2026-09-25;2026-10-01;2026-10-01 09:30:00;09:30:00;2372,705;4;N;Norte;MGD;PERFIL
2026-09-25;2026-10-01;2026-10-01 10:00:00;10:00:00;2635,771;4;N;Norte;MGD;PERFIL
2026-09-25;2026-10-01;2026-10-01 10:30:00;10:30:00;2839,873;4;N;Norte;MGD;PERFIL
2026-09-25;2026-10-01;2026-10-01 11:00:00;11:00:00;2981,517;4;N;Norte;MGD;PERFIL
2026-09-25;2026-10-01;2026-10-01 11:30:00;11:30:00;3067,727;4;N;Norte;MGD;PERFIL
2026-09-25;2026-10-01;2026-10-01 12:00:00;12:00:00;3102,001;4;N;Norte;MGD;PERFIL
2026-09-25;2026-10-01;2026-10-01 12:30:00;12:30:00;3068,024;4;N;Norte;MGD;PERFIL
2026-09-25;2026-10-01;2026-10-01 13:00:00;13:00:00;2966,066;4;N;Norte;MGD;PERFIL
2026-09-25;2026-10-01;2026-10-01 13:30:00;13:30:00;2800,932;4;N;Norte;MGD;PERFIL
2026-09-25;2026-10-01;2026-10-01 14:00:00;14:00:00;2576,103;4;N;Norte;MGD;PERFIL
2026-09-25;2026-10-01;2026-10-01 14:30:00;14:30:00;2304,942;4;N;Norte;MGD;PERFIL
2026-09-25;2026-10-01;2026-10-01 15:00:00;15:00:00;1988,78;4;N;Norte;MGD;PERFIL
2026-09-25;2026-10-01;2026-10-01 15:30:00;15:30:00;1646,914;4;N;Norte;MGD;PERFIL
2026-09-25;2026-10-01;2026-10-01 16:00:00;16:00:00;1279,798;4;N;Norte;MGD;PERFIL
2026-09-25;2026-10-01;2026-10-01 16:30:00;16:30:00;905,82;4;N;Norte;MGD;PERFIL
2026-09-25;2026-10-01;2026-10-01 17:00:00;17:00:00;512,059;4;N;Norte;MGD;PERFIL
2026-09-25;2026-10-01;2026-10-01 17:30:00;17:30:00;252,549;4;N;Norte;MGD;PERFIL
2026-09-25;2026-10-01;2026-10-01 18:00:00;18:00:00;41,019;4;N;Norte;MGD;PERFIL
2026-09-25;2026-10-01;2026-10-01 18:30:00;18:30:00;6,108;4;N;Norte;MGD;PERFIL
2026-09-25;2026-10-01;2026-10-01 19:00:00;19:00:00;0,0;4;N;Norte;MGD;PERFIL
2026-09-25;2026-10-01;2026-10-01 19:30:00;19:30:00;0,0;4;N;Norte;MGD;PERFIL
2026-09-25;2026-10-01;2026-10-01 20:00:00;20:00:00;0,0;4;N;Norte;MGD;PERFIL
2026-09-25;2026-10-01;2026-10-01 20:30:00;20:30:00;0,0;4;N;Norte;MGD;PERFIL
2026-09-25;2026-10-01;2026-10-01 21:00:00;21:00:00;0,0;4;N;Norte;MGD;PERFIL
2026-09-25;2026-10-01;2026-10-01 21:30:00;21:30:00;0,0;4;N;Norte;MGD;PERFIL
2026-09-25;2026-10-01;2026-10-01 22:00:00;22:00:00;0,0;4;N;Norte;MGD;PERFIL
2026-09-25;2026-10-01;2026-10-01 22:30:00;22:30:00;0,0;4;N;Norte;MGD;PERFIL
2026-09-25;2026-10-01;2026-10-01 23:00:00;23:00:00;0,0;4;N;Norte;MGD;PERFIL
2026-09-25;2026-10-01;2026-10-01 23:30:00;23:30:00;0,0;4;N;Norte;MGD;PERFIL
2026-09-25;2026-10-02;2026-10-02 00:00:00;00:00:00;0,0;4;N;Norte;MGD;PERFIL
2026-09-25;2026-10-02;2026-10-02 00:30:00;00:30:00;0,0;4;N;Norte;MGD;PERFIL
2026-09-25;2026-10-02;2026-10-02 01:00:00;01:00:00;0,0;4;N;Norte;MGD;PERFIL
2026-09-25;2026-10-02;2026-10-02 01:30:00;01:30:00;0,0;4;N;Norte;MGD;PERFIL
2026-09-25;2026-10-02;2026-10-02 02:00:00;02:00:00;0,0;4;N;Norte;MGD;PERFIL
2026-09-25;2026-10-02;2026-10-02 02:30:00;02:30:00;0,0;4;N;Norte;MGD;PERFIL
2026-09-25;2026-10-02;2026-10-02 03:00:00;03:00:00;0,0;4;N;Norte;MGD;PERFIL
2026-09-25;2026-10-02;2026-10-02 03:30:00;03:30:00;0,0;4;N;Norte;MGD;PERFIL
2026-09-25;2026-10-02;2026-10-02 04:00:00;04:00:00;0,0;4;N;Norte;MGD;PERFIL
2026-09-25;2026-10-02;2026-10-02 04:30:00;04:30:00;0,0;4;N;Norte;MGD;PERFIL
2026-09-25;2026-10-02;2026-10-02 05:00:00;05:00:00;0,0;4;N;Norte;MGD;PERFIL
2026-09-25;2026-10-02;2026-10-02 05:30:00;05:30:00;0,0;4;N;Norte;MGD;PERFIL
2026-09-25;2026-10-02;2026-10-02 06:00:00;06:00:00;71,162;4;N;Norte;MGD;PERFIL
2026-09-25;2026-10-02;2026-10-02 06:30:00;06:30:00;224,712;4;N;Norte;MGD;PERFIL
2026-09-25;2026-10-02;2026-10-02 07:00:00;07:00:00;589,759;4;N;Norte;MGD;PERFIL
2026-09-25;2026-10-02;2026-10-02 07:30:00;07:30:00;958,525;4;N;Norte;MGD;PERFIL
2026-09-25;2026-10-02;2026-10-02 08:00:00;08:00:00;1347,086;4;N;Norte;MGD;PERFIL
2026-09-25;2026-10-02;2026-10-02 08:30:00;08:30:00;1715,943;4;N;Norte;MGD;PERFIL
2026-09-25;2026-10-02;2026-10-02 09:00:00;09:00:00;2063,105;4;N;Norte;MGD;PERFIL
2026-09-25;2026-10-02;2026-10-02 09:30:00;09:30:00;2372,705;4;N;Norte;MGD;PERFIL
2026-09-25;2026-10-02;2026-10-02 10:00:00;10:00:00;2635,771;4;N;Norte;MGD;PERFIL
2026-09-25;2026-10-02;2026-10-02 10:30:00;10:30:00;2839,873;4;N;Norte;MGD;PERFIL
2026-09-25;2026-10-02;2026-10-02 11:00:00;11:00:00;2981,517;4;N;Norte;MGD;PERFIL
2026-09-25;2026-10-02;2026-10-02 11:30:00;11:30:00;3067,727;4;N;Norte;MGD;PERFIL
2026-09-25;2026-10-02;2026-10-02 12:00:00;12:00:00;3102,001;4;N;Norte;MGD;PERFIL
2026-09-25;2026-10-02;2026-10-02 12:30:00;12:30:00;3068,024;4;N;Norte;MGD;PERFIL
2026-09-25;2026-10-02;2026-10-02 13:00:00;13:00:00;2966,066;4;N;Norte;MGD;PERFIL
2026-09-25;2026-10-02;2026-10-02 13:30:00;13:30:00;2800,932;4;N;Norte;MGD;PERFIL
2026-09-25;2026-10-02;2026-10-02 14:00:00;14:00:00;2576,103;4;N;Norte;MGD;PERFIL
2026-09-25;2026-10-02;2026-10-02 14:30:00;14:30:00;2304,942;4;N;Norte;MGD;PERFIL
2026-09-25;2026-10-02;2026-10-02 15:00:00;15:00:00;1988,78;4;N;Norte;MGD;PERFIL
2026-09-25;2026-10-02;2026-10-02 15:30:00;15:30:00;1646,914;4;N;Norte;MGD;PERFIL
2026-09-25;2026-10-02;2026-10-02 16:00:00;16:00:00;1279,798;4;N;Norte;MGD;PERFIL
2026-09-25;2026-10-02;2026-10-02 16:30:00;16:30:00;905,82;4;N;Norte;MGD;PERFIL
2026-09-25;2026-10-02;2026-10-02 17:00:00;17:00:00;512,059;4;N;Norte;MGD;PERFIL
2026-09-25;2026-10-02;2026-10-02 17:30:00;17:30:00;252,549;4;N;Norte;MGD;PERFIL
2026-09-25;2026-10-02;2026-10-02 18:00:00;18:00:00;41,019;4;N;Norte;MGD;PERFIL
2026-09-25;2026-10-02;2026-10-02 18:30:00;18:30:00;6,108;4;N;Norte;MGD;PERFIL
2026-09-25;2026-10-02;2026-10-02 19:00:00;19:00:00;0,0;4;N;Norte;MGD;PERFIL
2026-09-25;2026-10-02;2026-10-02 19:30:00;19:30:00;0,0;4;N;Norte;MGD;PERFIL
2026-09-25;2026-10-02;2026-10-02 20:00:00;20:00:00;0,0;4;N;Norte;MGD;PERFIL
2026-09-25;2026-10-02;2026-10-02 20:30:00;20:30:00;0,0;4;N;Norte;MGD;PERFIL
2026-09-25;2026-10-02;2026-10-02 21:00:00;21:00:00;0,0;4;N;Norte;MGD;PERFIL
2026-09-25;2026-10-02;2026-10-02 21:30:00;21:30:00;0,0;4;N;Norte;MGD;PERFIL
2026-09-25;2026-10-02;2026-10-02 22:00:00;22:00:00;0,0;4;N;Norte;MGD;PERFIL
2026-09-25;2026-10-02;2026-10-02 22:30:00;22:30:00;0,0;4;N;Norte;MGD;PERFIL
2026-09-25;2026-10-02;2026-10-02 23:00:00;23:00:00;0,0;4;N;Norte;MGD;PERFIL
2026-09-25;2026-10-02;2026-10-02 23:30:00;23:30:00;0,0;4;N;Norte;MGD;PERFIL
2026-09-25;2026-09-25;2026-09-25 00:00:00;00:00:00;0,0;3;NE;Nordeste;MGD;DESSEM
2026-09-25;2026-09-25;2026-09-25 00:30:00;00:30:00;0,0;3;NE;Nordeste;MGD;DESSEM
2026-09-25;2026-09-25;2026-09-25 01:00:00;01:00:00;0,0;3;NE;Nordeste;MGD;DESSEM
2026-09-25;2026-09-25;2026-09-25 01:30:00;01:30:00;0,0;3;NE;Nordeste;MGD;DESSEM
2026-09-25;2026-09-25;2026-09-25 02:00:00;02:00:00;0,0;3;NE;Nordeste;MGD;DESSEM
2026-09-25;2026-09-25;2026-09-25 02:30:00;02:30:00;0,0;3;NE;Nordeste;MGD;DESSEM
2026-09-25;2026-09-25;2026-09-25 03:00:00;03:00:00;0,0;3;NE;Nordeste;MGD;DESSEM
2026-09-25;2026-09-25;2026-09-25 03:30:00;03:30:00;0,0;3;NE;Nordeste;MGD;DESSEM
2026-09-25;2026-09-25;2026-09-25 04:00:00;04:00:00;0,0;3;NE;Nordeste;MGD;DESSEM
2026-09-25;2026-09-25;2026-09-25 04:30:00;04:30:00;0,0;3;NE;Nordeste;MGD;DESSEM
2026-09-25;2026-09-25;2026-09-25 05:00:00;05:00:00;0,0;3;NE;Nordeste;MGD;DESSEM
2026-09-25;2026-09-25;2026-09-25 05:30:00;05:30:00;250,0;3;NE;Nordeste;MGD;DESSEM
2026-09-25;2026-09-25;2026-09-25 06:00:00;06:00:00;962,0;3;NE;Nordeste;MGD;DESSEM
2026-09-25;2026-09-25;2026-09-25 06:30:00;06:30:00;1719,0;3;NE;Nordeste;MGD;DESSEM
2026-09-25;2026-09-25;2026-09-25 07:00:00;07:00:00;2640,0;3;NE;Nordeste;MGD;DESSEM
2026-09-25;2026-09-25;2026-09-25 07:30:00;07:30:00;3473,0;3;NE;Nordeste;MGD;DESSEM
2026-09-25;2026-09-25;2026-09-25 08:00:00;08:00:00;4230,0;3;NE;Nordeste;MGD;DESSEM
2026-09-25;2026-09-25;2026-09-25 08:30:00;08:30:00;4948,0;3;NE;Nordeste;MGD;DESSEM
2026-09-25;2026-09-25;2026-09-25 09:00:00;09:00:00;5659,0;3;NE;Nordeste;MGD;DESSEM
2026-09-25;2026-09-25;2026-09-25 09:30:00;09:30:00;6222,0;3;NE;Nordeste;MGD;DESSEM
2026-09-25;2026-09-25;2026-09-25 10:00:00;10:00:00;6642,0;3;NE;Nordeste;MGD;DESSEM
2026-09-25;2026-09-25;2026-09-25 10:30:00;10:30:00;6890,0;3;NE;Nordeste;MGD;DESSEM
2026-09-25;2026-09-25;2026-09-25 11:00:00;11:00:00;7018,0;3;NE;Nordeste;MGD;DESSEM
2026-09-25;2026-09-25;2026-09-25 11:30:00;11:30:00;7033,0;3;NE;Nordeste;MGD;DESSEM
2026-09-25;2026-09-25;2026-09-25 12:00:00;12:00:00;6934,0;3;NE;Nordeste;MGD;DESSEM
2026-09-25;2026-09-25;2026-09-25 12:30:00;12:30:00;6674,0;3;NE;Nordeste;MGD;DESSEM
2026-09-25;2026-09-25;2026-09-25 13:00:00;13:00:00;6250,0;3;NE;Nordeste;MGD;DESSEM
2026-09-25;2026-09-25;2026-09-25 13:30:00;13:30:00;5668,0;3;NE;Nordeste;MGD;DESSEM
2026-09-25;2026-09-25;2026-09-25 14:00:00;14:00:00;4951,0;3;NE;Nordeste;MGD;DESSEM
2026-09-25;2026-09-25;2026-09-25 14:30:00;14:30:00;4207,0;3;NE;Nordeste;MGD;DESSEM
2026-09-25;2026-09-25;2026-09-25 15:00:00;15:00:00;3439,0;3;NE;Nordeste;MGD;DESSEM
2026-09-25;2026-09-25;2026-09-25 15:30:00;15:30:00;2582,0;3;NE;Nordeste;MGD;DESSEM
2026-09-25;2026-09-25;2026-09-25 16:00:00;16:00:00;1643,0;3;NE;Nordeste;MGD;DESSEM
2026-09-25;2026-09-25;2026-09-25 16:30:00;16:30:00;876,0;3;NE;Nordeste;MGD;DESSEM
2026-09-25;2026-09-25;2026-09-25 17:00:00;17:00:00;182,0;3;NE;Nordeste;MGD;DESSEM
2026-09-25;2026-09-25;2026-09-25 17:30:00;17:30:00;17,0;3;NE;Nordeste;MGD;DESSEM
2026-09-25;2026-09-25;2026-09-25 18:00:00;18:00:00;0,0;3;NE;Nordeste;MGD;DESSEM
2026-09-25;2026-09-25;2026-09-25 18:30:00;18:30:00;0,0;3;NE;Nordeste;MGD;DESSEM
2026-09-25;2026-09-25;2026-09-25 19:00:00;19:00:00;0,0;3;NE;Nordeste;MGD;DESSEM
2026-09-25;2026-09-25;2026-09-25 19:30:00;19:30:00;0,0;3;NE;Nordeste;MGD;DESSEM
2026-09-25;2026-09-25;2026-09-25 20:00:00;20:00:00;0,0;3;NE;Nordeste;MGD;DESSEM
2026-09-25;2026-09-25;2026-09-25 20:30:00;20:30:00;0,0;3;NE;Nordeste;MGD;DESSEM
2026-09-25;2026-09-25;2026-09-25 21:00:00;21:00:00;0,0;3;NE;Nordeste;MGD;DESSEM
2026-09-25;2026-09-25;2026-09-25 21:30:00;21:30:00;0,0;3;NE;Nordeste;MGD;DESSEM
2026-09-25;2026-09-25;2026-09-25 22:00:00;22:00:00;0,0;3;NE;Nordeste;MGD;DESSEM
2026-09-25;2026-09-25;2026-09-25 22:30:00;22:30:00;0,0;3;NE;Nordeste;MGD;DESSEM
2026-09-25;2026-09-25;2026-09-25 23:00:00;23:00:00;0,0;3;NE;Nordeste;MGD;DESSEM
2026-09-25;2026-09-25;2026-09-25 23:30:00;23:30:00;0,0;3;NE;Nordeste;MGD;DESSEM
2026-09-25;2026-09-26;2026-09-26 00:00:00;00:00:00;0,0;3;NE;Nordeste;MGD;PERFIL
2026-09-25;2026-09-26;2026-09-26 00:30:00;00:30:00;0,0;3;NE;Nordeste;MGD;PERFIL
2026-09-25;2026-09-26;2026-09-26 01:00:00;01:00:00;0,0;3;NE;Nordeste;MGD;PERFIL
2026-09-25;2026-09-26;2026-09-26 01:30:00;01:30:00;0,0;3;NE;Nordeste;MGD;PERFIL
2026-09-25;2026-09-26;2026-09-26 02:00:00;02:00:00;0,0;3;NE;Nordeste;MGD;PERFIL
2026-09-25;2026-09-26;2026-09-26 02:30:00;02:30:00;0,0;3;NE;Nordeste;MGD;PERFIL
2026-09-25;2026-09-26;2026-09-26 03:00:00;03:00:00;0,0;3;NE;Nordeste;MGD;PERFIL
2026-09-25;2026-09-26;2026-09-26 03:30:00;03:30:00;0,0;3;NE;Nordeste;MGD;PERFIL
2026-09-25;2026-09-26;2026-09-26 04:00:00;04:00:00;0,0;3;NE;Nordeste;MGD;PERFIL
2026-09-25;2026-09-26;2026-09-26 04:30:00;04:30:00;0,0;3;NE;Nordeste;MGD;PERFIL
2026-09-25;2026-09-26;2026-09-26 05:00:00;05:00:00;0,0;3;NE;Nordeste;MGD;PERFIL
2026-09-25;2026-09-26;2026-09-26 05:30:00;05:30:00;168,614;3;NE;Nordeste;MGD;PERFIL
2026-09-25;2026-09-26;2026-09-26 06:00:00;06:00:00;818,481;3;NE;Nordeste;MGD;PERFIL
2026-09-25;2026-09-26;2026-09-26 06:30:00;06:30:00;1541,487;3;NE;Nordeste;MGD;PERFIL
2026-09-25;2026-09-26;2026-09-26 07:00:00;07:00:00;2456,155;3;NE;Nordeste;MGD;PERFIL
2026-09-25;2026-09-26;2026-09-26 07:30:00;07:30:00;3310,779;3;NE;Nordeste;MGD;PERFIL
2026-09-25;2026-09-26;2026-09-26 08:00:00;08:00:00;4104,813;3;NE;Nordeste;MGD;PERFIL
2026-09-25;2026-09-26;2026-09-26 08:30:00;08:30:00;4831,402;3;NE;Nordeste;MGD;PERFIL
2026-09-25;2026-09-26;2026-09-26 09:00:00;09:00:00;5485,077;3;NE;Nordeste;MGD;PERFIL
2026-09-25;2026-09-26;2026-09-26 09:30:00;09:30:00;6051,197;3;NE;Nordeste;MGD;PERFIL
2026-09-25;2026-09-26;2026-09-26 10:00:00;10:00:00;6522,175;3;NE;Nordeste;MGD;PERFIL
2026-09-25;2026-09-26;2026-09-26 10:30:00;10:30:00;6857,724;3;NE;Nordeste;MGD;PERFIL
2026-09-25;2026-09-26;2026-09-26 11:00:00;11:00:00;7055,032;3;NE;Nordeste;MGD;PERFIL
2026-09-25;2026-09-26;2026-09-26 11:30:00;11:30:00;7105,376;3;NE;Nordeste;MGD;PERFIL
2026-09-25;2026-09-26;2026-09-26 12:00:00;12:00:00;7005,819;3;NE;Nordeste;MGD;PERFIL
2026-09-25;2026-09-26;2026-09-26 12:30:00;12:30:00;6756,071;3;NE;Nordeste;MGD;PERFIL
2026-09-25;2026-09-26;2026-09-26 13:00:00;13:00:00;6357,919;3;NE;Nordeste;MGD;PERFIL
2026-09-25;2026-09-26;2026-09-26 13:30:00;13:30:00;5820,845;3;NE;Nordeste;MGD;PERFIL
2026-09-25;2026-09-26;2026-09-26 14:00:00;14:00:00;5160,342;3;NE;Nordeste;MGD;PERFIL
2026-09-25;2026-09-26;2026-09-26 14:30:00;14:30:00;4411,382;3;NE;Nordeste;MGD;PERFIL
2026-09-25;2026-09-26;2026-09-26 15:00:00;15:00:00;3578,18;3;NE;Nordeste;MGD;PERFIL
2026-09-25;2026-09-26;2026-09-26 15:30:00;15:30:00;2701,338;3;NE;Nordeste;MGD;PERFIL
2026-09-25;2026-09-26;2026-09-26 16:00:00;16:00:00;1769,179;3;NE;Nordeste;MGD;PERFIL
2026-09-25;2026-09-26;2026-09-26 16:30:00;16:30:00;981,06;3;NE;Nordeste;MGD;PERFIL
2026-09-25;2026-09-26;2026-09-26 17:00:00;17:00:00;229,712;3;NE;Nordeste;MGD;PERFIL
2026-09-25;2026-09-26;2026-09-26 17:30:00;17:30:00;28,4;3;NE;Nordeste;MGD;PERFIL
2026-09-25;2026-09-26;2026-09-26 18:00:00;18:00:00;0,098;3;NE;Nordeste;MGD;PERFIL
2026-09-25;2026-09-26;2026-09-26 18:30:00;18:30:00;0,342;3;NE;Nordeste;MGD;PERFIL
2026-09-25;2026-09-26;2026-09-26 19:00:00;19:00:00;0,0;3;NE;Nordeste;MGD;PERFIL
2026-09-25;2026-09-26;2026-09-26 19:30:00;19:30:00;0,0;3;NE;Nordeste;MGD;PERFIL
2026-09-25;2026-09-26;2026-09-26 20:00:00;20:00:00;0,0;3;NE;Nordeste;MGD;PERFIL
2026-09-25;2026-09-26;2026-09-26 20:30:00;20:30:00;0,0;3;NE;Nordeste;MGD;PERFIL
2026-09-25;2026-09-26;2026-09-26 21:00:00;21:00:00;0,0;3;NE;Nordeste;MGD;PERFIL
2026-09-25;2026-09-26;2026-09-26 21:30:00;21:30:00;0,0;3;NE;Nordeste;MGD;PERFIL
2026-09-25;2026-09-26;2026-09-26 22:00:00;22:00:00;0,0;3;NE;Nordeste;MGD;PERFIL
2026-09-25;2026-09-26;2026-09-26 22:30:00;22:30:00;0,0;3;NE;Nordeste;MGD;PERFIL
2026-09-25;2026-09-26;2026-09-26 23:00:00;23:00:00;0,0;3;NE;Nordeste;MGD;PERFIL
2026-09-25;2026-09-26;2026-09-26 23:30:00;23:30:00;0,0;3;NE;Nordeste;MGD;PERFIL
2026-09-25;2026-09-27;2026-09-27 00:00:00;00:00:00;0,0;3;NE;Nordeste;MGD;PERFIL
2026-09-25;2026-09-27;2026-09-27 00:30:00;00:30:00;0,0;3;NE;Nordeste;MGD;PERFIL
2026-09-25;2026-09-27;2026-09-27 01:00:00;01:00:00;0,0;3;NE;Nordeste;MGD;PERFIL
2026-09-25;2026-09-27;2026-09-27 01:30:00;01:30:00;0,0;3;NE;Nordeste;MGD;PERFIL
2026-09-25;2026-09-27;2026-09-27 02:00:00;02:00:00;0,0;3;NE;Nordeste;MGD;PERFIL
2026-09-25;2026-09-27;2026-09-27 02:30:00;02:30:00;0,0;3;NE;Nordeste;MGD;PERFIL
2026-09-25;2026-09-27;2026-09-27 03:00:00;03:00:00;0,0;3;NE;Nordeste;MGD;PERFIL
2026-09-25;2026-09-27;2026-09-27 03:30:00;03:30:00;0,0;3;NE;Nordeste;MGD;PERFIL
2026-09-25;2026-09-27;2026-09-27 04:00:00;04:00:00;0,0;3;NE;Nordeste;MGD;PERFIL
2026-09-25;2026-09-27;2026-09-27 04:30:00;04:30:00;0,0;3;NE;Nordeste;MGD;PERFIL
2026-09-25;2026-09-27;2026-09-27 05:00:00;05:00:00;0,0;3;NE;Nordeste;MGD;PERFIL
2026-09-25;2026-09-27;2026-09-27 05:30:00;05:30:00;168,614;3;NE;Nordeste;MGD;PERFIL
2026-09-25;2026-09-27;2026-09-27 06:00:00;06:00:00;818,481;3;NE;Nordeste;MGD;PERFIL
2026-09-25;2026-09-27;2026-09-27 06:30:00;06:30:00;1541,487;3;NE;Nordeste;MGD;PERFIL
2026-09-25;2026-09-27;2026-09-27 07:00:00;07:00:00;2456,155;3;NE;Nordeste;MGD;PERFIL
2026-09-25;2026-09-27;2026-09-27 07:30:00;07:30:00;3310,779;3;NE;Nordeste;MGD;PERFIL
2026-09-25;2026-09-27;2026-09-27 08:00:00;08:00:00;4104,813;3;NE;Nordeste;MGD;PERFIL
2026-09-25;2026-09-27;2026-09-27 08:30:00;08:30:00;4831,402;3;NE;Nordeste;MGD;PERFIL
2026-09-25;2026-09-27;2026-09-27 09:00:00;09:00:00;5485,077;3;NE;Nordeste;MGD;PERFIL
2026-09-25;2026-09-27;2026-09-27 09:30:00;09:30:00;6051,197;3;NE;Nordeste;MGD;PERFIL
2026-09-25;2026-09-27;2026-09-27 10:00:00;10:00:00;6522,175;3;NE;Nordeste;MGD;PERFIL
2026-09-25;2026-09-27;2026-09-27 10:30:00;10:30:00;6857,724;3;NE;Nordeste;MGD;PERFIL
2026-09-25;2026-09-27;2026-09-27 11:00:00;11:00:00;7055,032;3;NE;Nordeste;MGD;PERFIL
2026-09-25;2026-09-27;2026-09-27 11:30:00;11:30:00;7105,376;3;NE;Nordeste;MGD;PERFIL
2026-09-25;2026-09-27;2026-09-27 12:00:00;12:00:00;7005,819;3;NE;Nordeste;MGD;PERFIL
2026-09-25;2026-09-27;2026-09-27 12:30:00;12:30:00;6756,071;3;NE;Nordeste;MGD;PERFIL
2026-09-25;2026-09-27;2026-09-27 13:00:00;13:00:00;6357,919;3;NE;Nordeste;MGD;PERFIL
2026-09-25;2026-09-27;2026-09-27 13:30:00;13:30:00;5820,845;3;NE;Nordeste;MGD;PERFIL
2026-09-25;2026-09-27;2026-09-27 14:00:00;14:00:00;5160,342;3;NE;Nordeste;MGD;PERFIL
2026-09-25;2026-09-27;2026-09-27 14:30:00;14:30:00;4411,382;3;NE;Nordeste;MGD;PERFIL
2026-09-25;2026-09-27;2026-09-27 15:00:00;15:00:00;3578,18;3;NE;Nordeste;MGD;PERFIL
2026-09-25;2026-09-27;2026-09-27 15:30:00;15:30:00;2701,338;3;NE;Nordeste;MGD;PERFIL
2026-09-25;2026-09-27;2026-09-27 16:00:00;16:00:00;1769,179;3;NE;Nordeste;MGD;PERFIL
2026-09-25;2026-09-27;2026-09-27 16:30:00;16:30:00;981,06;3;NE;Nordeste;MGD;PERFIL
2026-09-25;2026-09-27;2026-09-27 17:00:00;17:00:00;229,712;3;NE;Nordeste;MGD;PERFIL
2026-09-25;2026-09-27;2026-09-27 17:30:00;17:30:00;28,4;3;NE;Nordeste;MGD;PERFIL
2026-09-25;2026-09-27;2026-09-27 18:00:00;18:00:00;0,098;3;NE;Nordeste;MGD;PERFIL
2026-09-25;2026-09-27;2026-09-27 18:30:00;18:30:00;0,342;3;NE;Nordeste;MGD;PERFIL
2026-09-25;2026-09-27;2026-09-27 19:00:00;19:00:00;0,0;3;NE;Nordeste;MGD;PERFIL
2026-09-25;2026-09-27;2026-09-27 19:30:00;19:30:00;0,0;3;NE;Nordeste;MGD;PERFIL
2026-09-25;2026-09-27;2026-09-27 20:00:00;20:00:00;0,0;3;NE;Nordeste;MGD;PERFIL
2026-09-25;2026-09-27;2026-09-27 20:30:00;20:30:00;0,0;3;NE;Nordeste;MGD;PERFIL
2026-09-25;2026-09-27;2026-09-27 21:00:00;21:00:00;0,0;3;NE;Nordeste;MGD;PERFIL
2026-09-25;2026-09-27;2026-09-27 21:30:00;21:30:00;0,0;3;NE;Nordeste;MGD;PERFIL
2026-09-25;2026-09-27;2026-09-27 22:00:00;22:00:00;0,0;3;NE;Nordeste;MGD;PERFIL
2026-09-25;2026-09-27;2026-09-27 22:30:00;22:30:00;0,0;3;NE;Nordeste;MGD;PERFIL
2026-09-25;2026-09-27;2026-09-27 23:00:00;23:00:00;0,0;3;NE;Nordeste;MGD;PERFIL
2026-09-25;2026-09-27;2026-09-27 23:30:00;23:30:00;0,0;3;NE;Nordeste;MGD;PERFIL
2026-09-25;2026-09-28;2026-09-28 00:00:00;00:00:00;0,0;3;NE;Nordeste;MGD;PERFIL
2026-09-25;2026-09-28;2026-09-28 00:30:00;00:30:00;0,0;3;NE;Nordeste;MGD;PERFIL
2026-09-25;2026-09-28;2026-09-28 01:00:00;01:00:00;0,0;3;NE;Nordeste;MGD;PERFIL
2026-09-25;2026-09-28;2026-09-28 01:30:00;01:30:00;0,0;3;NE;Nordeste;MGD;PERFIL
2026-09-25;2026-09-28;2026-09-28 02:00:00;02:00:00;0,0;3;NE;Nordeste;MGD;PERFIL
2026-09-25;2026-09-28;2026-09-28 02:30:00;02:30:00;0,0;3;NE;Nordeste;MGD;PERFIL
2026-09-25;2026-09-28;2026-09-28 03:00:00;03:00:00;0,0;3;NE;Nordeste;MGD;PERFIL
2026-09-25;2026-09-28;2026-09-28 03:30:00;03:30:00;0,0;3;NE;Nordeste;MGD;PERFIL
2026-09-25;2026-09-28;2026-09-28 04:00:00;04:00:00;0,0;3;NE;Nordeste;MGD;PERFIL
2026-09-25;2026-09-28;2026-09-28 04:30:00;04:30:00;0,0;3;NE;Nordeste;MGD;PERFIL
2026-09-25;2026-09-28;2026-09-28 05:00:00;05:00:00;0,0;3;NE;Nordeste;MGD;PERFIL
2026-09-25;2026-09-28;2026-09-28 05:30:00;05:30:00;168,614;3;NE;Nordeste;MGD;PERFIL
2026-09-25;2026-09-28;2026-09-28 06:00:00;06:00:00;818,481;3;NE;Nordeste;MGD;PERFIL
2026-09-25;2026-09-28;2026-09-28 06:30:00;06:30:00;1541,487;3;NE;Nordeste;MGD;PERFIL
2026-09-25;2026-09-28;2026-09-28 07:00:00;07:00:00;2456,155;3;NE;Nordeste;MGD;PERFIL
2026-09-25;2026-09-28;2026-09-28 07:30:00;07:30:00;3310,779;3;NE;Nordeste;MGD;PERFIL
2026-09-25;2026-09-28;2026-09-28 08:00:00;08:00:00;4104,813;3;NE;Nordeste;MGD;PERFIL
2026-09-25;2026-09-28;2026-09-28 08:30:00;08:30:00;4831,402;3;NE;Nordeste;MGD;PERFIL
2026-09-25;2026-09-28;2026-09-28 09:00:00;09:00:00;5485,077;3;NE;Nordeste;MGD;PERFIL
2026-09-25;2026-09-28;2026-09-28 09:30:00;09:30:00;6051,197;3;NE;Nordeste;MGD;PERFIL
2026-09-25;2026-09-28;2026-09-28 10:00:00;10:00:00;6522,175;3;NE;Nordeste;MGD;PERFIL
2026-09-25;2026-09-28;2026-09-28 10:30:00;10:30:00;6857,724;3;NE;Nordeste;MGD;PERFIL
2026-09-25;2026-09-28;2026-09-28 11:00:00;11:00:00;7055,032;3;NE;Nordeste;MGD;PERFIL
2026-09-25;2026-09-28;2026-09-28 11:30:00;11:30:00;7105,376;3;NE;Nordeste;MGD;PERFIL
2026-09-25;2026-09-28;2026-09-28 12:00:00;12:00:00;7005,819;3;NE;Nordeste;MGD;PERFIL
2026-09-25;2026-09-28;2026-09-28 12:30:00;12:30:00;6756,071;3;NE;Nordeste;MGD;PERFIL
2026-09-25;2026-09-28;2026-09-28 13:00:00;13:00:00;6357,919;3;NE;Nordeste;MGD;PERFIL
2026-09-25;2026-09-28;2026-09-28 13:30:00;13:30:00;5820,845;3;NE;Nordeste;MGD;PERFIL
2026-09-25;2026-09-28;2026-09-28 14:00:00;14:00:00;5160,342;3;NE;Nordeste;MGD;PERFIL
2026-09-25;2026-09-28;2026-09-28 14:30:00;14:30:00;4411,382;3;NE;Nordeste;MGD;PERFIL
2026-09-25;2026-09-28;2026-09-28 15:00:00;15:00:00;3578,18;3;NE;Nordeste;MGD;PERFIL
2026-09-25;2026-09-28;2026-09-28 15:30:00;15:30:00;2701,338;3;NE;Nordeste;MGD;PERFIL
2026-09-25;2026-09-28;2026-09-28 16:00:00;16:00:00;1769,179;3;NE;Nordeste;MGD;PERFIL
2026-09-25;2026-09-28;2026-09-28 16:30:00;16:30:00;981,06;3;NE;Nordeste;MGD;PERFIL
2026-09-25;2026-09-28;2026-09-28 17:00:00;17:00:00;229,712;3;NE;Nordeste;MGD;PERFIL
2026-09-25;2026-09-28;2026-09-28 17:30:00;17:30:00;28,4;3;NE;Nordeste;MGD;PERFIL
2026-09-25;2026-09-28;2026-09-28 18:00:00;18:00:00;0,098;3;NE;Nordeste;MGD;PERFIL
2026-09-25;2026-09-28;2026-09-28 18:30:00;18:30:00;0,342;3;NE;Nordeste;MGD;PERFIL
2026-09-25;2026-09-28;2026-09-28 19:00:00;19:00:00;0,0;3;NE;Nordeste;MGD;PERFIL
2026-09-25;2026-09-28;2026-09-28 19:30:00;19:30:00;0,0;3;NE;Nordeste;MGD;PERFIL
2026-09-25;2026-09-28;2026-09-28 20:00:00;20:00:00;0,0;3;NE;Nordeste;MGD;PERFIL
2026-09-25;2026-09-28;2026-09-28 20:30:00;20:30:00;0,0;3;NE;Nordeste;MGD;PERFIL
2026-09-25;2026-09-28;2026-09-28 21:00:00;21:00:00;0,0;3;NE;Nordeste;MGD;PERFIL
2026-09-25;2026-09-28;2026-09-28 21:30:00;21:30:00;0,0;3;NE;Nordeste;MGD;PERFIL
2026-09-25;2026-09-28;2026-09-28 22:00:00;22:00:00;0,0;3;NE;Nordeste;MGD;PERFIL
2026-09-25;2026-09-28;2026-09-28 22:30:00;22:30:00;0,0;3;NE;Nordeste;MGD;PERFIL
2026-09-25;2026-09-28;2026-09-28 23:00:00;23:00:00;0,0;3;NE;Nordeste;MGD;PERFIL
2026-09-25;2026-09-28;2026-09-28 23:30:00;23:30:00;0,0;3;NE;Nordeste;MGD;PERFIL
2026-09-25;2026-09-29;2026-09-29 00:00:00;00:00:00;0,0;3;NE;Nordeste;MGD;PERFIL
2026-09-25;2026-09-29;2026-09-29 00:30:00;00:30:00;0,0;3;NE;Nordeste;MGD;PERFIL
2026-09-25;2026-09-29;2026-09-29 01:00:00;01:00:00;0,0;3;NE;Nordeste;MGD;PERFIL
2026-09-25;2026-09-29;2026-09-29 01:30:00;01:30:00;0,0;3;NE;Nordeste;MGD;PERFIL
2026-09-25;2026-09-29;2026-09-29 02:00:00;02:00:00;0,0;3;NE;Nordeste;MGD;PERFIL
2026-09-25;2026-09-29;2026-09-29 02:30:00;02:30:00;0,0;3;NE;Nordeste;MGD;PERFIL
2026-09-25;2026-09-29;2026-09-29 03:00:00;03:00:00;0,0;3;NE;Nordeste;MGD;PERFIL
2026-09-25;2026-09-29;2026-09-29 03:30:00;03:30:00;0,0;3;NE;Nordeste;MGD;PERFIL
2026-09-25;2026-09-29;2026-09-29 04:00:00;04:00:00;0,0;3;NE;Nordeste;MGD;PERFIL
2026-09-25;2026-09-29;2026-09-29 04:30:00;04:30:00;0,0;3;NE;Nordeste;MGD;PERFIL
2026-09-25;2026-09-29;2026-09-29 05:00:00;05:00:00;0,0;3;NE;Nordeste;MGD;PERFIL
2026-09-25;2026-09-29;2026-09-29 05:30:00;05:30:00;168,614;3;NE;Nordeste;MGD;PERFIL
2026-09-25;2026-09-29;2026-09-29 06:00:00;06:00:00;818,481;3;NE;Nordeste;MGD;PERFIL
2026-09-25;2026-09-29;2026-09-29 06:30:00;06:30:00;1541,487;3;NE;Nordeste;MGD;PERFIL
2026-09-25;2026-09-29;2026-09-29 07:00:00;07:00:00;2456,155;3;NE;Nordeste;MGD;PERFIL
2026-09-25;2026-09-29;2026-09-29 07:30:00;07:30:00;3310,779;3;NE;Nordeste;MGD;PERFIL
2026-09-25;2026-09-29;2026-09-29 08:00:00;08:00:00;4104,813;3;NE;Nordeste;MGD;PERFIL
2026-09-25;2026-09-29;2026-09-29 08:30:00;08:30:00;4831,402;3;NE;Nordeste;MGD;PERFIL
2026-09-25;2026-09-29;2026-09-29 09:00:00;09:00:00;5485,077;3;NE;Nordeste;MGD;PERFIL
2026-09-25;2026-09-29;2026-09-29 09:30:00;09:30:00;6051,197;3;NE;Nordeste;MGD;PERFIL
2026-09-25;2026-09-29;2026-09-29 10:00:00;10:00:00;6522,175;3;NE;Nordeste;MGD;PERFIL
2026-09-25;2026-09-29;2026-09-29 10:30:00;10:30:00;6857,724;3;NE;Nordeste;MGD;PERFIL
2026-09-25;2026-09-29;2026-09-29 11:00:00;11:00:00;7055,032;3;NE;Nordeste;MGD;PERFIL
2026-09-25;2026-09-29;2026-09-29 11:30:00;11:30:00;7105,376;3;NE;Nordeste;MGD;PERFIL
2026-09-25;2026-09-29;2026-09-29 12:00:00;12:00:00;7005,819;3;NE;Nordeste;MGD;PERFIL
2026-09-25;2026-09-29;2026-09-29 12:30:00;12:30:00;6756,071;3;NE;Nordeste;MGD;PERFIL
2026-09-25;2026-09-29;2026-09-29 13:00:00;13:00:00;6357,919;3;NE;Nordeste;MGD;PERFIL
2026-09-25;2026-09-29;2026-09-29 13:30:00;13:30:00;5820,845;3;NE;Nordeste;MGD;PERFIL
2026-09-25;2026-09-29;2026-09-29 14:00:00;14:00:00;5160,342;3;NE;Nordeste;MGD;PERFIL
2026-09-25;2026-09-29;2026-09-29 14:30:00;14:30:00;4411,382;3;NE;Nordeste;MGD;PERFIL
2026-09-25;2026-09-29;2026-09-29 15:00:00;15:00:00;3578,18;3;NE;Nordeste;MGD;PERFIL
2026-09-25;2026-09-29;2026-09-29 15:30:00;15:30:00;2701,338;3;NE;Nordeste;MGD;PERFIL
2026-09-25;2026-09-29;2026-09-29 16:00:00;16:00:00;1769,179;3;NE;Nordeste;MGD;PERFIL
2026-09-25;2026-09-29;2026-09-29 16:30:00;16:30:00;981,06;3;NE;Nordeste;MGD;PERFIL
2026-09-25;2026-09-29;2026-09-29 17:00:00;17:00:00;229,712;3;NE;Nordeste;MGD;PERFIL
2026-09-25;2026-09-29;2026-09-29 17:30:00;17:30:00;28,4;3;NE;Nordeste;MGD;PERFIL
2026-09-25;2026-09-29;2026-09-29 18:00:00;18:00:00;0,098;3;NE;Nordeste;MGD;PERFIL
2026-09-25;2026-09-29;2026-09-29 18:30:00;18:30:00;0,342;3;NE;Nordeste;MGD;PERFIL
2026-09-25;2026-09-29;2026-09-29 19:00:00;19:00:00;0,0;3;NE;Nordeste;MGD;PERFIL
2026-09-25;2026-09-29;2026-09-29 19:30:00;19:30:00;0,0;3;NE;Nordeste;MGD;PERFIL
2026-09-25;2026-09-29;2026-09-29 20:00:00;20:00:00;0,0;3;NE;Nordeste;MGD;PERFIL
2026-09-25;2026-09-29;2026-09-29 20:30:00;20:30:00;0,0;3;NE;Nordeste;MGD;PERFIL
2026-09-25;2026-09-29;2026-09-29 21:00:00;21:00:00;0,0;3;NE;Nordeste;MGD;PERFIL
2026-09-25;2026-09-29;2026-09-29 21:30:00;21:30:00;0,0;3;NE;Nordeste;MGD;PERFIL
2026-09-25;2026-09-29;2026-09-29 22:00:00;22:00:00;0,0;3;NE;Nordeste;MGD;PERFIL
2026-09-25;2026-09-29;2026-09-29 22:30:00;22:30:00;0,0;3;NE;Nordeste;MGD;PERFIL
2026-09-25;2026-09-29;2026-09-29 23:00:00;23:00:00;0,0;3;NE;Nordeste;MGD;PERFIL
2026-09-25;2026-09-29;2026-09-29 23:30:00;23:30:00;0,0;3;NE;Nordeste;MGD;PERFIL
2026-09-25;2026-09-30;2026-09-30 00:00:00;00:00:00;0,0;3;NE;Nordeste;MGD;PERFIL
2026-09-25;2026-09-30;2026-09-30 00:30:00;00:30:00;0,0;3;NE;Nordeste;MGD;PERFIL
2026-09-25;2026-09-30;2026-09-30 01:00:00;01:00:00;0,0;3;NE;Nordeste;MGD;PERFIL
2026-09-25;2026-09-30;2026-09-30 01:30:00;01:30:00;0,0;3;NE;Nordeste;MGD;PERFIL
2026-09-25;2026-09-30;2026-09-30 02:00:00;02:00:00;0,0;3;NE;Nordeste;MGD;PERFIL
2026-09-25;2026-09-30;2026-09-30 02:30:00;02:30:00;0,0;3;NE;Nordeste;MGD;PERFIL
2026-09-25;2026-09-30;2026-09-30 03:00:00;03:00:00;0,0;3;NE;Nordeste;MGD;PERFIL
2026-09-25;2026-09-30;2026-09-30 03:30:00;03:30:00;0,0;3;NE;Nordeste;MGD;PERFIL
2026-09-25;2026-09-30;2026-09-30 04:00:00;04:00:00;0,0;3;NE;Nordeste;MGD;PERFIL
2026-09-25;2026-09-30;2026-09-30 04:30:00;04:30:00;0,0;3;NE;Nordeste;MGD;PERFIL
2026-09-25;2026-09-30;2026-09-30 05:00:00;05:00:00;0,0;3;NE;Nordeste;MGD;PERFIL
2026-09-25;2026-09-30;2026-09-30 05:30:00;05:30:00;168,614;3;NE;Nordeste;MGD;PERFIL
2026-09-25;2026-09-30;2026-09-30 06:00:00;06:00:00;818,481;3;NE;Nordeste;MGD;PERFIL
2026-09-25;2026-09-30;2026-09-30 06:30:00;06:30:00;1541,487;3;NE;Nordeste;MGD;PERFIL
2026-09-25;2026-09-30;2026-09-30 07:00:00;07:00:00;2456,155;3;NE;Nordeste;MGD;PERFIL
2026-09-25;2026-09-30;2026-09-30 07:30:00;07:30:00;3310,779;3;NE;Nordeste;MGD;PERFIL
2026-09-25;2026-09-30;2026-09-30 08:00:00;08:00:00;4104,813;3;NE;Nordeste;MGD;PERFIL
2026-09-25;2026-09-30;2026-09-30 08:30:00;08:30:00;4831,402;3;NE;Nordeste;MGD;PERFIL
2026-09-25;2026-09-30;2026-09-30 09:00:00;09:00:00;5485,077;3;NE;Nordeste;MGD;PERFIL
2026-09-25;2026-09-30;2026-09-30 09:30:00;09:30:00;6051,197;3;NE;Nordeste;MGD;PERFIL
2026-09-25;2026-09-30;2026-09-30 10:00:00;10:00:00;6522,175;3;NE;Nordeste;MGD;PERFIL
2026-09-25;2026-09-30;2026-09-30 10:30:00;10:30:00;6857,724;3;NE;Nordeste;MGD;PERFIL
2026-09-25;2026-09-30;2026-09-30 11:00:00;11:00:00;7055,032;3;NE;Nordeste;MGD;PERFIL
2026-09-25;2026-09-30;2026-09-30 11:30:00;11:30:00;7105,376;3;NE;Nordeste;MGD;PERFIL
2026-09-25;2026-09-30;2026-09-30 12:00:00;12:00:00;7005,819;3;NE;Nordeste;MGD;PERFIL
2026-09-25;2026-09-30;2026-09-30 12:30:00;12:30:00;6756,071;3;NE;Nordeste;MGD;PERFIL
2026-09-25;2026-09-30;2026-09-30 13:00:00;13:00:00;6357,919;3;NE;Nordeste;MGD;PERFIL
2026-09-25;2026-09-30;2026-09-30 13:30:00;13:30:00;5820,845;3;NE;Nordeste;MGD;PERFIL
2026-09-25;2026-09-30;2026-09-30 14:00:00;14:00:00;5160,342;3;NE;Nordeste;MGD;PERFIL
2026-09-25;2026-09-30;2026-09-30 14:30:00;14:30:00;4411,382;3;NE;Nordeste;MGD;PERFIL
2026-09-25;2026-09-30;2026-09-30 15:00:00;15:00:00;3578,18;3;NE;Nordeste;MGD;PERFIL
2026-09-25;2026-09-30;2026-09-30 15:30:00;15:30:00;2701,338;3;NE;Nordeste;MGD;PERFIL
2026-09-25;2026-09-30;2026-09-30 16:00:00;16:00:00;1769,179;3;NE;Nordeste;MGD;PERFIL
2026-09-25;2026-09-30;2026-09-30 16:30:00;16:30:00;981,06;3;NE;Nordeste;MGD;PERFIL
2026-09-25;2026-09-30;2026-09-30 17:00:00;17:00:00;229,712;3;NE;Nordeste;MGD;PERFIL
2026-09-25;2026-09-30;2026-09-30 17:30:00;17:30:00;28,4;3;NE;Nordeste;MGD;PERFIL
2026-09-25;2026-09-30;2026-09-30 18:00:00;18:00:00;0,098;3;NE;Nordeste;MGD;PERFIL
2026-09-25;2026-09-30;2026-09-30 18:30:00;18:30:00;0,342;3;NE;Nordeste;MGD;PERFIL
2026-09-25;2026-09-30;2026-09-30 19:00:00;19:00:00;0,0;3;NE;Nordeste;MGD;PERFIL
2026-09-25;2026-09-30;2026-09-30 19:30:00;19:30:00;0,0;3;NE;Nordeste;MGD;PERFIL
2026-09-25;2026-09-30;2026-09-30 20:00:00;20:00:00;0,0;3;NE;Nordeste;MGD;PERFIL
2026-09-25;2026-09-30;2026-09-30 20:30:00;20:30:00;0,0;3;NE;Nordeste;MGD;PERFIL
2026-09-25;2026-09-30;2026-09-30 21:00:00;21:00:00;0,0;3;NE;Nordeste;MGD;PERFIL
2026-09-25;2026-09-30;2026-09-30 21:30:00;21:30:00;0,0;3;NE;Nordeste;MGD;PERFIL
2026-09-25;2026-09-30;2026-09-30 22:00:00;22:00:00;0,0;3;NE;Nordeste;MGD;PERFIL
2026-09-25;2026-09-30;2026-09-30 22:30:00;22:30:00;0,0;3;NE;Nordeste;MGD;PERFIL
2026-09-25;2026-09-30;2026-09-30 23:00:00;23:00:00;0,0;3;NE;Nordeste;MGD;PERFIL
2026-09-25;2026-09-30;2026-09-30 23:30:00;23:30:00;0,0;3;NE;Nordeste;MGD;PERFIL
2026-09-25;2026-10-01;2026-10-01 00:00:00;00:00:00;0,0;3;NE;Nordeste;MGD;PERFIL
2026-09-25;2026-10-01;2026-10-01 00:30:00;00:30:00;0,0;3;NE;Nordeste;MGD;PERFIL
2026-09-25;2026-10-01;2026-10-01 01:00:00;01:00:00;0,0;3;NE;Nordeste;MGD;PERFIL
2026-09-25;2026-10-01;2026-10-01 01:30:00;01:30:00;0,0;3;NE;Nordeste;MGD;PERFIL
2026-09-25;2026-10-01;2026-10-01 02:00:00;02:00:00;0,0;3;NE;Nordeste;MGD;PERFIL
2026-09-25;2026-10-01;2026-10-01 02:30:00;02:30:00;0,0;3;NE;Nordeste;MGD;PERFIL
2026-09-25;2026-10-01;2026-10-01 03:00:00;03:00:00;0,0;3;NE;Nordeste;MGD;PERFIL
2026-09-25;2026-10-01;2026-10-01 03:30:00;03:30:00;0,0;3;NE;Nordeste;MGD;PERFIL
2026-09-25;2026-10-01;2026-10-01 04:00:00;04:00:00;0,0;3;NE;Nordeste;MGD;PERFIL
2026-09-25;2026-10-01;2026-10-01 04:30:00;04:30:00;0,0;3;NE;Nordeste;MGD;PERFIL
2026-09-25;2026-10-01;2026-10-01 05:00:00;05:00:00;0,0;3;NE;Nordeste;MGD;PERFIL
2026-09-25;2026-10-01;2026-10-01 05:30:00;05:30:00;168,614;3;NE;Nordeste;MGD;PERFIL
2026-09-25;2026-10-01;2026-10-01 06:00:00;06:00:00;818,481;3;NE;Nordeste;MGD;PERFIL
2026-09-25;2026-10-01;2026-10-01 06:30:00;06:30:00;1541,487;3;NE;Nordeste;MGD;PERFIL
2026-09-25;2026-10-01;2026-10-01 07:00:00;07:00:00;2456,155;3;NE;Nordeste;MGD;PERFIL
2026-09-25;2026-10-01;2026-10-01 07:30:00;07:30:00;3310,779;3;NE;Nordeste;MGD;PERFIL
2026-09-25;2026-10-01;2026-10-01 08:00:00;08:00:00;4104,813;3;NE;Nordeste;MGD;PERFIL
2026-09-25;2026-10-01;2026-10-01 08:30:00;08:30:00;4831,402;3;NE;Nordeste;MGD;PERFIL
2026-09-25;2026-10-01;2026-10-01 09:00:00;09:00:00;5485,077;3;NE;Nordeste;MGD;PERFIL
2026-09-25;2026-10-01;2026-10-01 09:30:00;09:30:00;6051,197;3;NE;Nordeste;MGD;PERFIL
2026-09-25;2026-10-01;2026-10-01 10:00:00;10:00:00;6522,175;3;NE;Nordeste;MGD;PERFIL
2026-09-25;2026-10-01;2026-10-01 10:30:00;10:30:00;6857,724;3;NE;Nordeste;MGD;PERFIL
2026-09-25;2026-10-01;2026-10-01 11:00:00;11:00:00;7055,032;3;NE;Nordeste;MGD;PERFIL
2026-09-25;2026-10-01;2026-10-01 11:30:00;11:30:00;7105,376;3;NE;Nordeste;MGD;PERFIL
2026-09-25;2026-10-01;2026-10-01 12:00:00;12:00:00;7005,819;3;NE;Nordeste;MGD;PERFIL
2026-09-25;2026-10-01;2026-10-01 12:30:00;12:30:00;6756,071;3;NE;Nordeste;MGD;PERFIL
2026-09-25;2026-10-01;2026-10-01 13:00:00;13:00:00;6357,919;3;NE;Nordeste;MGD;PERFIL
2026-09-25;2026-10-01;2026-10-01 13:30:00;13:30:00;5820,845;3;NE;Nordeste;MGD;PERFIL
2026-09-25;2026-10-01;2026-10-01 14:00:00;14:00:00;5160,342;3;NE;Nordeste;MGD;PERFIL
2026-09-25;2026-10-01;2026-10-01 14:30:00;14:30:00;4411,382;3;NE;Nordeste;MGD;PERFIL
2026-09-25;2026-10-01;2026-10-01 15:00:00;15:00:00;3578,18;3;NE;Nordeste;MGD;PERFIL
2026-09-25;2026-10-01;2026-10-01 15:30:00;15:30:00;2701,338;3;NE;Nordeste;MGD;PERFIL
2026-09-25;2026-10-01;2026-10-01 16:00:00;16:00:00;1769,179;3;NE;Nordeste;MGD;PERFIL
2026-09-25;2026-10-01;2026-10-01 16:30:00;16:30:00;981,06;3;NE;Nordeste;MGD;PERFIL
2026-09-25;2026-10-01;2026-10-01 17:00:00;17:00:00;229,712;3;NE;Nordeste;MGD;PERFIL
2026-09-25;2026-10-01;2026-10-01 17:30:00;17:30:00;28,4;3;NE;Nordeste;MGD;PERFIL
2026-09-25;2026-10-01;2026-10-01 18:00:00;18:00:00;0,098;3;NE;Nordeste;MGD;PERFIL
2026-09-25;2026-10-01;2026-10-01 18:30:00;18:30:00;0,342;3;NE;Nordeste;MGD;PERFIL
2026-09-25;2026-10-01;2026-10-01 19:00:00;19:00:00;0,0;3;NE;Nordeste;MGD;PERFIL
2026-09-25;2026-10-01;2026-10-01 19:30:00;19:30:00;0,0;3;NE;Nordeste;MGD;PERFIL
2026-09-25;2026-10-01;2026-10-01 20:00:00;20:00:00;0,0;3;NE;Nordeste;MGD;PERFIL
2026-09-25;2026-10-01;2026-10-01 20:30:00;20:30:00;0,0;3;NE;Nordeste;MGD;PERFIL
2026-09-25;2026-10-01;2026-10-01 21:00:00;21:00:00;0,0;3;NE;Nordeste;MGD;PERFIL
2026-09-25;2026-10-01;2026-10-01 21:30:00;21:30:00;0,0;3;NE;Nordeste;MGD;PERFIL
2026-09-25;2026-10-01;2026-10-01 22:00:00;22:00:00;0,0;3;NE;Nordeste;MGD;PERFIL
2026-09-25;2026-10-01;2026-10-01 22:30:00;22:30:00;0,0;3;NE;Nordeste;MGD;PERFIL
2026-09-25;2026-10-01;2026-10-01 23:00:00;23:00:00;0,0;3;NE;Nordeste;MGD;PERFIL
2026-09-25;2026-10-01;2026-10-01 23:30:00;23:30:00;0,0;3;NE;Nordeste;MGD;PERFIL
2026-09-25;2026-10-02;2026-10-02 00:00:00;00:00:00;0,0;3;NE;Nordeste;MGD;PERFIL
2026-09-25;2026-10-02;2026-10-02 00:30:00;00:30:00;0,0;3;NE;Nordeste;MGD;PERFIL
2026-09-25;2026-10-02;2026-10-02 01:00:00;01:00:00;0,0;3;NE;Nordeste;MGD;PERFIL
2026-09-25;2026-10-02;2026-10-02 01:30:00;01:30:00;0,0;3;NE;Nordeste;MGD;PERFIL
2026-09-25;2026-10-02;2026-10-02 02:00:00;02:00:00;0,0;3;NE;Nordeste;MGD;PERFIL
2026-09-25;2026-10-02;2026-10-02 02:30:00;02:30:00;0,0;3;NE;Nordeste;MGD;PERFIL
2026-09-25;2026-10-02;2026-10-02 03:00:00;03:00:00;0,0;3;NE;Nordeste;MGD;PERFIL
2026-09-25;2026-10-02;2026-10-02 03:30:00;03:30:00;0,0;3;NE;Nordeste;MGD;PERFIL
2026-09-25;2026-10-02;2026-10-02 04:00:00;04:00:00;0,0;3;NE;Nordeste;MGD;PERFIL
2026-09-25;2026-10-02;2026-10-02 04:30:00;04:30:00;0,0;3;NE;Nordeste;MGD;PERFIL
2026-09-25;2026-10-02;2026-10-02 05:00:00;05:00:00;0,0;3;NE;Nordeste;MGD;PERFIL
2026-09-25;2026-10-02;2026-10-02 05:30:00;05:30:00;168,614;3;NE;Nordeste;MGD;PERFIL
2026-09-25;2026-10-02;2026-10-02 06:00:00;06:00:00;818,481;3;NE;Nordeste;MGD;PERFIL
2026-09-25;2026-10-02;2026-10-02 06:30:00;06:30:00;1541,487;3;NE;Nordeste;MGD;PERFIL
2026-09-25;2026-10-02;2026-10-02 07:00:00;07:00:00;2456,155;3;NE;Nordeste;MGD;PERFIL
2026-09-25;2026-10-02;2026-10-02 07:30:00;07:30:00;3310,779;3;NE;Nordeste;MGD;PERFIL
2026-09-25;2026-10-02;2026-10-02 08:00:00;08:00:00;4104,813;3;NE;Nordeste;MGD;PERFIL
2026-09-25;2026-10-02;2026-10-02 08:30:00;08:30:00;4831,402;3;NE;Nordeste;MGD;PERFIL
2026-09-25;2026-10-02;2026-10-02 09:00:00;09:00:00;5485,077;3;NE;Nordeste;MGD;PERFIL
2026-09-25;2026-10-02;2026-10-02 09:30:00;09:30:00;6051,197;3;NE;Nordeste;MGD;PERFIL
2026-09-25;2026-10-02;2026-10-02 10:00:00;10:00:00;6522,175;3;NE;Nordeste;MGD;PERFIL
2026-09-25;2026-10-02;2026-10-02 10:30:00;10:30:00;6857,724;3;NE;Nordeste;MGD;PERFIL
2026-09-25;2026-10-02;2026-10-02 11:00:00;11:00:00;7055,032;3;NE;Nordeste;MGD;PERFIL
2026-09-25;2026-10-02;2026-10-02 11:30:00;11:30:00;7105,376;3;NE;Nordeste;MGD;PERFIL
2026-09-25;2026-10-02;2026-10-02 12:00:00;12:00:00;7005,819;3;NE;Nordeste;MGD;PERFIL
2026-09-25;2026-10-02;2026-10-02 12:30:00;12:30:00;6756,071;3;NE;Nordeste;MGD;PERFIL
2026-09-25;2026-10-02;2026-10-02 13:00:00;13:00:00;6357,919;3;NE;Nordeste;MGD;PERFIL
2026-09-25;2026-10-02;2026-10-02 13:30:00;13:30:00;5820,845;3;NE;Nordeste;MGD;PERFIL
2026-09-25;2026-10-02;2026-10-02 14:00:00;14:00:00;5160,342;3;NE;Nordeste;MGD;PERFIL
2026-09-25;2026-10-02;2026-10-02 14:30:00;14:30:00;4411,382;3;NE;Nordeste;MGD;PERFIL
2026-09-25;2026-10-02;2026-10-02 15:00:00;15:00:00;3578,18;3;NE;Nordeste;MGD;PERFIL
2026-09-25;2026-10-02;2026-10-02 15:30:00;15:30:00;2701,338;3;NE;Nordeste;MGD;PERFIL
2026-09-25;2026-10-02;2026-10-02 16:00:00;16:00:00;1769,179;3;NE;Nordeste;MGD;PERFIL
2026-09-25;2026-10-02;2026-10-02 16:30:00;16:30:00;981,06;3;NE;Nordeste;MGD;PERFIL
2026-09-25;2026-10-02;2026-10-02 17:00:00;17:00:00;229,712;3;NE;Nordeste;MGD;PERFIL
2026-09-25;2026-10-02;2026-10-02 17:30:00;17:30:00;28,4;3;NE;Nordeste;MGD;PERFIL
2026-09-25;2026-10-02;2026-10-02 18:00:00;18:00:00;0,098;3;NE;Nordeste;MGD;PERFIL
2026-09-25;2026-10-02;2026-10-02 18:30:00;18:30:00;0,342;3;NE;Nordeste;MGD;PERFIL
2026-09-25;2026-10-02;2026-10-02 19:00:00;19:00:00;0,0;3;NE;Nordeste;MGD;PERFIL
2026-09-25;2026-10-02;2026-10-02 19:30:00;19:30:00;0,0;3;NE;Nordeste;MGD;PERFIL
2026-09-25;2026-10-02;2026-10-02 20:00:00;20:00:00;0,0;3;NE;Nordeste;MGD;PERFIL
2026-09-25;2026-10-02;2026-10-02 20:30:00;20:30:00;0,0;3;NE;Nordeste;MGD;PERFIL
2026-09-25;2026-10-02;2026-10-02 21:00:00;21:00:00;0,0;3;NE;Nordeste;MGD;PERFIL
2026-09-25;2026-10-02;2026-10-02 21:30:00;21:30:00;0,0;3;NE;Nordeste;MGD;PERFIL
2026-09-25;2026-10-02;2026-10-02 22:00:00;22:00:00;0,0;3;NE;Nordeste;MGD;PERFIL
2026-09-25;2026-10-02;2026-10-02 22:30:00;22:30:00;0,0;3;NE;Nordeste;MGD;PERFIL
2026-09-25;2026-10-02;2026-10-02 23:00:00;23:00:00;0,0;3;NE;Nordeste;MGD;PERFIL
2026-09-25;2026-10-02;2026-10-02 23:30:00;23:30:00;0,0;3;NE;Nordeste;MGD;PERFIL
2026-09-25;2026-09-25;2026-09-25 00:00:00;00:00:00;0,0;2;S;Sul;MGD;DESSEM
2026-09-25;2026-09-25;2026-09-25 00:30:00;00:30:00;0,0;2;S;Sul;MGD;DESSEM
2026-09-25;2026-09-25;2026-09-25 01:00:00;01:00:00;0,0;2;S;Sul;MGD;DESSEM
2026-09-25;2026-09-25;2026-09-25 01:30:00;01:30:00;0,0;2;S;Sul;MGD;DESSEM
2026-09-25;2026-09-25;2026-09-25 02:00:00;02:00:00;0,0;2;S;Sul;MGD;DESSEM
2026-09-25;2026-09-25;2026-09-25 02:30:00;02:30:00;0,0;2;S;Sul;MGD;DESSEM
2026-09-25;2026-09-25;2026-09-25 03:00:00;03:00:00;0,0;2;S;Sul;MGD;DESSEM
2026-09-25;2026-09-25;2026-09-25 03:30:00;03:30:00;0,0;2;S;Sul;MGD;DESSEM
2026-09-25;2026-09-25;2026-09-25 04:00:00;04:00:00;0,0;2;S;Sul;MGD;DESSEM
2026-09-25;2026-09-25;2026-09-25 04:30:00;04:30:00;0,0;2;S;Sul;MGD;DESSEM
2026-09-25;2026-09-25;2026-09-25 05:00:00;05:00:00;0,0;2;S;Sul;MGD;DESSEM
2026-09-25;2026-09-25;2026-09-25 05:30:00;05:30:00;0,0;2;S;Sul;MGD;DESSEM
2026-09-25;2026-09-25;2026-09-25 06:00:00;06:00:00;43,0;2;S;Sul;MGD;DESSEM
2026-09-25;2026-09-25;2026-09-25 06:30:00;06:30:00;352,0;2;S;Sul;MGD;DESSEM
2026-09-25;2026-09-25;2026-09-25 07:00:00;07:00:00;1177,0;2;S;Sul;MGD;DESSEM
2026-09-25;2026-09-25;2026-09-25 07:30:00;07:30:00;1991,0;2;S;Sul;MGD;DESSEM
2026-09-25;2026-09-25;2026-09-25 08:00:00;08:00:00;2924,0;2;S;Sul;MGD;DESSEM
2026-09-25;2026-09-25;2026-09-25 08:30:00;08:30:00;3851,0;2;S;Sul;MGD;DESSEM
2026-09-25;2026-09-25;2026-09-25 09:00:00;09:00:00;4706,0;2;S;Sul;MGD;DESSEM
2026-09-25;2026-09-25;2026-09-25 09:30:00;09:30:00;5450,0;2;S;Sul;MGD;DESSEM
2026-09-25;2026-09-25;2026-09-25 10:00:00;10:00:00;6106,0;2;S;Sul;MGD;DESSEM
2026-09-25;2026-09-25;2026-09-25 10:30:00;10:30:00;6645,0;2;S;Sul;MGD;DESSEM
2026-09-25;2026-09-25;2026-09-25 11:00:00;11:00:00;7056,0;2;S;Sul;MGD;DESSEM
2026-09-25;2026-09-25;2026-09-25 11:30:00;11:30:00;7289,0;2;S;Sul;MGD;DESSEM
2026-09-25;2026-09-25;2026-09-25 12:00:00;12:00:00;7324,0;2;S;Sul;MGD;DESSEM
2026-09-25;2026-09-25;2026-09-25 12:30:00;12:30:00;7085,0;2;S;Sul;MGD;DESSEM
2026-09-25;2026-09-25;2026-09-25 13:00:00;13:00:00;6582,0;2;S;Sul;MGD;DESSEM
2026-09-25;2026-09-25;2026-09-25 13:30:00;13:30:00;6048,0;2;S;Sul;MGD;DESSEM
2026-09-25;2026-09-25;2026-09-25 14:00:00;14:00:00;5488,0;2;S;Sul;MGD;DESSEM
2026-09-25;2026-09-25;2026-09-25 14:30:00;14:30:00;4933,0;2;S;Sul;MGD;DESSEM
2026-09-25;2026-09-25;2026-09-25 15:00:00;15:00:00;4296,0;2;S;Sul;MGD;DESSEM
2026-09-25;2026-09-25;2026-09-25 15:30:00;15:30:00;3603,0;2;S;Sul;MGD;DESSEM
2026-09-25;2026-09-25;2026-09-25 16:00:00;16:00:00;2867,0;2;S;Sul;MGD;DESSEM
2026-09-25;2026-09-25;2026-09-25 16:30:00;16:30:00;2128,0;2;S;Sul;MGD;DESSEM
2026-09-25;2026-09-25;2026-09-25 17:00:00;17:00:00;1369,0;2;S;Sul;MGD;DESSEM
2026-09-25;2026-09-25;2026-09-25 17:30:00;17:30:00;692,0;2;S;Sul;MGD;DESSEM
2026-09-25;2026-09-25;2026-09-25 18:00:00;18:00:00;74,0;2;S;Sul;MGD;DESSEM
2026-09-25;2026-09-25;2026-09-25 18:30:00;18:30:00;0,0;2;S;Sul;MGD;DESSEM
2026-09-25;2026-09-25;2026-09-25 19:00:00;19:00:00;0,0;2;S;Sul;MGD;DESSEM
2026-09-25;2026-09-25;2026-09-25 19:30:00;19:30:00;0,0;2;S;Sul;MGD;DESSEM
2026-09-25;2026-09-25;2026-09-25 20:00:00;20:00:00;0,0;2;S;Sul;MGD;DESSEM
2026-09-25;2026-09-25;2026-09-25 20:30:00;20:30:00;0,0;2;S;Sul;MGD;DESSEM
2026-09-25;2026-09-25;2026-09-25 21:00:00;21:00:00;0,0;2;S;Sul;MGD;DESSEM
2026-09-25;2026-09-25;2026-09-25 21:30:00;21:30:00;0,0;2;S;Sul;MGD;DESSEM
2026-09-25;2026-09-25;2026-09-25 22:00:00;22:00:00;0,0;2;S;Sul;MGD;DESSEM
2026-09-25;2026-09-25;2026-09-25 22:30:00;22:30:00;0,0;2;S;Sul;MGD;DESSEM
2026-09-25;2026-09-25;2026-09-25 23:00:00;23:00:00;0,0;2;S;Sul;MGD;DESSEM
2026-09-25;2026-09-25;2026-09-25 23:30:00;23:30:00;0,0;2;S;Sul;MGD;DESSEM
2026-09-25;2026-09-26;2026-09-26 00:00:00;00:00:00;0,0;2;S;Sul;MGD;PERFIL
2026-09-25;2026-09-26;2026-09-26 00:30:00;00:30:00;0,0;2;S;Sul;MGD;PERFIL
2026-09-25;2026-09-26;2026-09-26 01:00:00;01:00:00;0,0;2;S;Sul;MGD;PERFIL
2026-09-25;2026-09-26;2026-09-26 01:30:00;01:30:00;0,0;2;S;Sul;MGD;PERFIL
2026-09-25;2026-09-26;2026-09-26 02:00:00;02:00:00;0,0;2;S;Sul;MGD;PERFIL
2026-09-25;2026-09-26;2026-09-26 02:30:00;02:30:00;0,0;2;S;Sul;MGD;PERFIL
2026-09-25;2026-09-26;2026-09-26 03:00:00;03:00:00;0,0;2;S;Sul;MGD;PERFIL
2026-09-25;2026-09-26;2026-09-26 03:30:00;03:30:00;0,0;2;S;Sul;MGD;PERFIL
2026-09-25;2026-09-26;2026-09-26 04:00:00;04:00:00;0,0;2;S;Sul;MGD;PERFIL
2026-09-25;2026-09-26;2026-09-26 04:30:00;04:30:00;0,0;2;S;Sul;MGD;PERFIL
2026-09-25;2026-09-26;2026-09-26 05:00:00;05:00:00;0,0;2;S;Sul;MGD;PERFIL
2026-09-25;2026-09-26;2026-09-26 05:30:00;05:30:00;0,0;2;S;Sul;MGD;PERFIL
2026-09-25;2026-09-26;2026-09-26 06:00:00;06:00:00;5,462;2;S;Sul;MGD;PERFIL
2026-09-25;2026-09-26;2026-09-26 06:30:00;06:30:00;116,536;2;S;Sul;MGD;PERFIL
2026-09-25;2026-09-26;2026-09-26 07:00:00;07:00:00;792,947;2;S;Sul;MGD;PERFIL
2026-09-25;2026-09-26;2026-09-26 07:30:00;07:30:00;1548,57;2;S;Sul;MGD;PERFIL
2026-09-25;2026-09-26;2026-09-26 08:00:00;08:00:00;2483,682;2;S;Sul;MGD;PERFIL
2026-09-25;2026-09-26;2026-09-26 08:30:00;08:30:00;3394,645;2;S;Sul;MGD;PERFIL
2026-09-25;2026-09-26;2026-09-26 09:00:00;09:00:00;4305,097;2;S;Sul;MGD;PERFIL
2026-09-25;2026-09-26;2026-09-26 09:30:00;09:30:00;5127,646;2;S;Sul;MGD;PERFIL
2026-09-25;2026-09-26;2026-09-26 10:00:00;10:00:00;5864,597;2;S;Sul;MGD;PERFIL
2026-09-25;2026-09-26;2026-09-26 10:30:00;10:30:00;6464,821;2;S;Sul;MGD;PERFIL
2026-09-25;2026-09-26;2026-09-26 11:00:00;11:00:00;6913,35;2;S;Sul;MGD;PERFIL
2026-09-25;2026-09-26;2026-09-26 11:30:00;11:30:00;7193,812;2;S;Sul;MGD;PERFIL
2026-09-25;2026-09-26;2026-09-26 12:00:00;12:00:00;7293,59;2;S;Sul;MGD;PERFIL
2026-09-25;2026-09-26;2026-09-26 12:30:00;12:30:00;7215,962;2;S;Sul;MGD;PERFIL
2026-09-25;2026-09-26;2026-09-26 13:00:00;13:00:00;6966,979;2;S;Sul;MGD;PERFIL
2026-09-25;2026-09-26;2026-09-26 13:30:00;13:30:00;6608,529;2;S;Sul;MGD;PERFIL
2026-09-25;2026-09-26;2026-09-26 14:00:00;14:00:00;6142,63;2;S;Sul;MGD;PERFIL
2026-09-25;2026-09-26;2026-09-26 14:30:00;14:30:00;5546,714;2;S;Sul;MGD;PERFIL
2026-09-25;2026-09-26;2026-09-26 15:00:00;15:00:00;4815,881;2;S;Sul;MGD;PERFIL
2026-09-25;2026-09-26;2026-09-26 15:30:00;15:30:00;4007,072;2;S;Sul;MGD;PERFIL
2026-09-25;2026-09-26;2026-09-26 16:00:00;16:00:00;3124,278;2;S;Sul;MGD;PERFIL
2026-09-25;2026-09-26;2026-09-26 16:30:00;16:30:00;2228,871;2;S;Sul;MGD;PERFIL
2026-09-25;2026-09-26;2026-09-26 17:00:00;17:00:00;1295,451;2;S;Sul;MGD;PERFIL
2026-09-25;2026-09-26;2026-09-26 17:30:00;17:30:00;594,581;2;S;Sul;MGD;PERFIL
2026-09-25;2026-09-26;2026-09-26 18:00:00;18:00:00;27,299;2;S;Sul;MGD;PERFIL
2026-09-25;2026-09-26;2026-09-26 18:30:00;18:30:00;0,0;2;S;Sul;MGD;PERFIL
2026-09-25;2026-09-26;2026-09-26 19:00:00;19:00:00;0,0;2;S;Sul;MGD;PERFIL
2026-09-25;2026-09-26;2026-09-26 19:30:00;19:30:00;0,0;2;S;Sul;MGD;PERFIL
2026-09-25;2026-09-26;2026-09-26 20:00:00;20:00:00;0,0;2;S;Sul;MGD;PERFIL
2026-09-25;2026-09-26;2026-09-26 20:30:00;20:30:00;0,0;2;S;Sul;MGD;PERFIL
2026-09-25;2026-09-26;2026-09-26 21:00:00;21:00:00;0,0;2;S;Sul;MGD;PERFIL
2026-09-25;2026-09-26;2026-09-26 21:30:00;21:30:00;0,0;2;S;Sul;MGD;PERFIL
2026-09-25;2026-09-26;2026-09-26 22:00:00;22:00:00;0,0;2;S;Sul;MGD;PERFIL
2026-09-25;2026-09-26;2026-09-26 22:30:00;22:30:00;0,0;2;S;Sul;MGD;PERFIL
2026-09-25;2026-09-26;2026-09-26 23:00:00;23:00:00;0,0;2;S;Sul;MGD;PERFIL
2026-09-25;2026-09-26;2026-09-26 23:30:00;23:30:00;0,0;2;S;Sul;MGD;PERFIL
2026-09-25;2026-09-27;2026-09-27 00:00:00;00:00:00;0,0;2;S;Sul;MGD;PERFIL
2026-09-25;2026-09-27;2026-09-27 00:30:00;00:30:00;0,0;2;S;Sul;MGD;PERFIL
2026-09-25;2026-09-27;2026-09-27 01:00:00;01:00:00;0,0;2;S;Sul;MGD;PERFIL
2026-09-25;2026-09-27;2026-09-27 01:30:00;01:30:00;0,0;2;S;Sul;MGD;PERFIL
2026-09-25;2026-09-27;2026-09-27 02:00:00;02:00:00;0,0;2;S;Sul;MGD;PERFIL
2026-09-25;2026-09-27;2026-09-27 02:30:00;02:30:00;0,0;2;S;Sul;MGD;PERFIL
2026-09-25;2026-09-27;2026-09-27 03:00:00;03:00:00;0,0;2;S;Sul;MGD;PERFIL
2026-09-25;2026-09-27;2026-09-27 03:30:00;03:30:00;0,0;2;S;Sul;MGD;PERFIL
2026-09-25;2026-09-27;2026-09-27 04:00:00;04:00:00;0,0;2;S;Sul;MGD;PERFIL
2026-09-25;2026-09-27;2026-09-27 04:30:00;04:30:00;0,0;2;S;Sul;MGD;PERFIL
2026-09-25;2026-09-27;2026-09-27 05:00:00;05:00:00;0,0;2;S;Sul;MGD;PERFIL
2026-09-25;2026-09-27;2026-09-27 05:30:00;05:30:00;0,0;2;S;Sul;MGD;PERFIL
2026-09-25;2026-09-27;2026-09-27 06:00:00;06:00:00;5,462;2;S;Sul;MGD;PERFIL
2026-09-25;2026-09-27;2026-09-27 06:30:00;06:30:00;116,536;2;S;Sul;MGD;PERFIL
2026-09-25;2026-09-27;2026-09-27 07:00:00;07:00:00;792,947;2;S;Sul;MGD;PERFIL
2026-09-25;2026-09-27;2026-09-27 07:30:00;07:30:00;1548,57;2;S;Sul;MGD;PERFIL
2026-09-25;2026-09-27;2026-09-27 08:00:00;08:00:00;2483,682;2;S;Sul;MGD;PERFIL
2026-09-25;2026-09-27;2026-09-27 08:30:00;08:30:00;3394,645;2;S;Sul;MGD;PERFIL
2026-09-25;2026-09-27;2026-09-27 09:00:00;09:00:00;4305,097;2;S;Sul;MGD;PERFIL
2026-09-25;2026-09-27;2026-09-27 09:30:00;09:30:00;5127,646;2;S;Sul;MGD;PERFIL
2026-09-25;2026-09-27;2026-09-27 10:00:00;10:00:00;5864,597;2;S;Sul;MGD;PERFIL
2026-09-25;2026-09-27;2026-09-27 10:30:00;10:30:00;6464,821;2;S;Sul;MGD;PERFIL
2026-09-25;2026-09-27;2026-09-27 11:00:00;11:00:00;6913,35;2;S;Sul;MGD;PERFIL
2026-09-25;2026-09-27;2026-09-27 11:30:00;11:30:00;7193,812;2;S;Sul;MGD;PERFIL
2026-09-25;2026-09-27;2026-09-27 12:00:00;12:00:00;7293,59;2;S;Sul;MGD;PERFIL
2026-09-25;2026-09-27;2026-09-27 12:30:00;12:30:00;7215,962;2;S;Sul;MGD;PERFIL
2026-09-25;2026-09-27;2026-09-27 13:00:00;13:00:00;6966,979;2;S;Sul;MGD;PERFIL
2026-09-25;2026-09-27;2026-09-27 13:30:00;13:30:00;6608,529;2;S;Sul;MGD;PERFIL
2026-09-25;2026-09-27;2026-09-27 14:00:00;14:00:00;6142,63;2;S;Sul;MGD;PERFIL
2026-09-25;2026-09-27;2026-09-27 14:30:00;14:30:00;5546,714;2;S;Sul;MGD;PERFIL
2026-09-25;2026-09-27;2026-09-27 15:00:00;15:00:00;4815,881;2;S;Sul;MGD;PERFIL
2026-09-25;2026-09-27;2026-09-27 15:30:00;15:30:00;4007,072;2;S;Sul;MGD;PERFIL
2026-09-25;2026-09-27;2026-09-27 16:00:00;16:00:00;3124,278;2;S;Sul;MGD;PERFIL
2026-09-25;2026-09-27;2026-09-27 16:30:00;16:30:00;2228,871;2;S;Sul;MGD;PERFIL
2026-09-25;2026-09-27;2026-09-27 17:00:00;17:00:00;1295,451;2;S;Sul;MGD;PERFIL
2026-09-25;2026-09-27;2026-09-27 17:30:00;17:30:00;594,581;2;S;Sul;MGD;PERFIL
2026-09-25;2026-09-27;2026-09-27 18:00:00;18:00:00;27,299;2;S;Sul;MGD;PERFIL
2026-09-25;2026-09-27;2026-09-27 18:30:00;18:30:00;0,0;2;S;Sul;MGD;PERFIL
2026-09-25;2026-09-27;2026-09-27 19:00:00;19:00:00;0,0;2;S;Sul;MGD;PERFIL
2026-09-25;2026-09-27;2026-09-27 19:30:00;19:30:00;0,0;2;S;Sul;MGD;PERFIL
2026-09-25;2026-09-27;2026-09-27 20:00:00;20:00:00;0,0;2;S;Sul;MGD;PERFIL
2026-09-25;2026-09-27;2026-09-27 20:30:00;20:30:00;0,0;2;S;Sul;MGD;PERFIL
2026-09-25;2026-09-27;2026-09-27 21:00:00;21:00:00;0,0;2;S;Sul;MGD;PERFIL
2026-09-25;2026-09-27;2026-09-27 21:30:00;21:30:00;0,0;2;S;Sul;MGD;PERFIL
2026-09-25;2026-09-27;2026-09-27 22:00:00;22:00:00;0,0;2;S;Sul;MGD;PERFIL
2026-09-25;2026-09-27;2026-09-27 22:30:00;22:30:00;0,0;2;S;Sul;MGD;PERFIL
2026-09-25;2026-09-27;2026-09-27 23:00:00;23:00:00;0,0;2;S;Sul;MGD;PERFIL
2026-09-25;2026-09-27;2026-09-27 23:30:00;23:30:00;0,0;2;S;Sul;MGD;PERFIL
2026-09-25;2026-09-28;2026-09-28 00:00:00;00:00:00;0,0;2;S;Sul;MGD;PERFIL
2026-09-25;2026-09-28;2026-09-28 00:30:00;00:30:00;0,0;2;S;Sul;MGD;PERFIL
2026-09-25;2026-09-28;2026-09-28 01:00:00;01:00:00;0,0;2;S;Sul;MGD;PERFIL
2026-09-25;2026-09-28;2026-09-28 01:30:00;01:30:00;0,0;2;S;Sul;MGD;PERFIL
2026-09-25;2026-09-28;2026-09-28 02:00:00;02:00:00;0,0;2;S;Sul;MGD;PERFIL
2026-09-25;2026-09-28;2026-09-28 02:30:00;02:30:00;0,0;2;S;Sul;MGD;PERFIL
2026-09-25;2026-09-28;2026-09-28 03:00:00;03:00:00;0,0;2;S;Sul;MGD;PERFIL
2026-09-25;2026-09-28;2026-09-28 03:30:00;03:30:00;0,0;2;S;Sul;MGD;PERFIL
2026-09-25;2026-09-28;2026-09-28 04:00:00;04:00:00;0,0;2;S;Sul;MGD;PERFIL
2026-09-25;2026-09-28;2026-09-28 04:30:00;04:30:00;0,0;2;S;Sul;MGD;PERFIL
2026-09-25;2026-09-28;2026-09-28 05:00:00;05:00:00;0,0;2;S;Sul;MGD;PERFIL
2026-09-25;2026-09-28;2026-09-28 05:30:00;05:30:00;0,0;2;S;Sul;MGD;PERFIL
2026-09-25;2026-09-28;2026-09-28 06:00:00;06:00:00;5,462;2;S;Sul;MGD;PERFIL
2026-09-25;2026-09-28;2026-09-28 06:30:00;06:30:00;116,536;2;S;Sul;MGD;PERFIL
2026-09-25;2026-09-28;2026-09-28 07:00:00;07:00:00;792,947;2;S;Sul;MGD;PERFIL
2026-09-25;2026-09-28;2026-09-28 07:30:00;07:30:00;1548,57;2;S;Sul;MGD;PERFIL
2026-09-25;2026-09-28;2026-09-28 08:00:00;08:00:00;2483,682;2;S;Sul;MGD;PERFIL
2026-09-25;2026-09-28;2026-09-28 08:30:00;08:30:00;3394,645;2;S;Sul;MGD;PERFIL
2026-09-25;2026-09-28;2026-09-28 09:00:00;09:00:00;4305,097;2;S;Sul;MGD;PERFIL
2026-09-25;2026-09-28;2026-09-28 09:30:00;09:30:00;5127,646;2;S;Sul;MGD;PERFIL
2026-09-25;2026-09-28;2026-09-28 10:00:00;10:00:00;5864,597;2;S;Sul;MGD;PERFIL
2026-09-25;2026-09-28;2026-09-28 10:30:00;10:30:00;6464,821;2;S;Sul;MGD;PERFIL
2026-09-25;2026-09-28;2026-09-28 11:00:00;11:00:00;6913,35;2;S;Sul;MGD;PERFIL
2026-09-25;2026-09-28;2026-09-28 11:30:00;11:30:00;7193,812;2;S;Sul;MGD;PERFIL
2026-09-25;2026-09-28;2026-09-28 12:00:00;12:00:00;7293,59;2;S;Sul;MGD;PERFIL
2026-09-25;2026-09-28;2026-09-28 12:30:00;12:30:00;7215,962;2;S;Sul;MGD;PERFIL
2026-09-25;2026-09-28;2026-09-28 13:00:00;13:00:00;6966,979;2;S;Sul;MGD;PERFIL
2026-09-25;2026-09-28;2026-09-28 13:30:00;13:30:00;6608,529;2;S;Sul;MGD;PERFIL
2026-09-25;2026-09-28;2026-09-28 14:00:00;14:00:00;6142,63;2;S;Sul;MGD;PERFIL
2026-09-25;2026-09-28;2026-09-28 14:30:00;14:30:00;5546,714;2;S;Sul;MGD;PERFIL
2026-09-25;2026-09-28;2026-09-28 15:00:00;15:00:00;4815,881;2;S;Sul;MGD;PERFIL
2026-09-25;2026-09-28;2026-09-28 15:30:00;15:30:00;4007,072;2;S;Sul;MGD;PERFIL
2026-09-25;2026-09-28;2026-09-28 16:00:00;16:00:00;3124,278;2;S;Sul;MGD;PERFIL
2026-09-25;2026-09-28;2026-09-28 16:30:00;16:30:00;2228,871;2;S;Sul;MGD;PERFIL
2026-09-25;2026-09-28;2026-09-28 17:00:00;17:00:00;1295,451;2;S;Sul;MGD;PERFIL
2026-09-25;2026-09-28;2026-09-28 17:30:00;17:30:00;594,581;2;S;Sul;MGD;PERFIL
2026-09-25;2026-09-28;2026-09-28 18:00:00;18:00:00;27,299;2;S;Sul;MGD;PERFIL
2026-09-25;2026-09-28;2026-09-28 18:30:00;18:30:00;0,0;2;S;Sul;MGD;PERFIL
2026-09-25;2026-09-28;2026-09-28 19:00:00;19:00:00;0,0;2;S;Sul;MGD;PERFIL
2026-09-25;2026-09-28;2026-09-28 19:30:00;19:30:00;0,0;2;S;Sul;MGD;PERFIL
2026-09-25;2026-09-28;2026-09-28 20:00:00;20:00:00;0,0;2;S;Sul;MGD;PERFIL
2026-09-25;2026-09-28;2026-09-28 20:30:00;20:30:00;0,0;2;S;Sul;MGD;PERFIL
2026-09-25;2026-09-28;2026-09-28 21:00:00;21:00:00;0,0;2;S;Sul;MGD;PERFIL
2026-09-25;2026-09-28;2026-09-28 21:30:00;21:30:00;0,0;2;S;Sul;MGD;PERFIL
2026-09-25;2026-09-28;2026-09-28 22:00:00;22:00:00;0,0;2;S;Sul;MGD;PERFIL
2026-09-25;2026-09-28;2026-09-28 22:30:00;22:30:00;0,0;2;S;Sul;MGD;PERFIL
2026-09-25;2026-09-28;2026-09-28 23:00:00;23:00:00;0,0;2;S;Sul;MGD;PERFIL
2026-09-25;2026-09-28;2026-09-28 23:30:00;23:30:00;0,0;2;S;Sul;MGD;PERFIL
2026-09-25;2026-09-29;2026-09-29 00:00:00;00:00:00;0,0;2;S;Sul;MGD;PERFIL
2026-09-25;2026-09-29;2026-09-29 00:30:00;00:30:00;0,0;2;S;Sul;MGD;PERFIL
2026-09-25;2026-09-29;2026-09-29 01:00:00;01:00:00;0,0;2;S;Sul;MGD;PERFIL
2026-09-25;2026-09-29;2026-09-29 01:30:00;01:30:00;0,0;2;S;Sul;MGD;PERFIL
2026-09-25;2026-09-29;2026-09-29 02:00:00;02:00:00;0,0;2;S;Sul;MGD;PERFIL
2026-09-25;2026-09-29;2026-09-29 02:30:00;02:30:00;0,0;2;S;Sul;MGD;PERFIL
2026-09-25;2026-09-29;2026-09-29 03:00:00;03:00:00;0,0;2;S;Sul;MGD;PERFIL
2026-09-25;2026-09-29;2026-09-29 03:30:00;03:30:00;0,0;2;S;Sul;MGD;PERFIL
2026-09-25;2026-09-29;2026-09-29 04:00:00;04:00:00;0,0;2;S;Sul;MGD;PERFIL
2026-09-25;2026-09-29;2026-09-29 04:30:00;04:30:00;0,0;2;S;Sul;MGD;PERFIL
2026-09-25;2026-09-29;2026-09-29 05:00:00;05:00:00;0,0;2;S;Sul;MGD;PERFIL
2026-09-25;2026-09-29;2026-09-29 05:30:00;05:30:00;0,0;2;S;Sul;MGD;PERFIL
2026-09-25;2026-09-29;2026-09-29 06:00:00;06:00:00;5,462;2;S;Sul;MGD;PERFIL
2026-09-25;2026-09-29;2026-09-29 06:30:00;06:30:00;116,536;2;S;Sul;MGD;PERFIL
2026-09-25;2026-09-29;2026-09-29 07:00:00;07:00:00;792,947;2;S;Sul;MGD;PERFIL
2026-09-25;2026-09-29;2026-09-29 07:30:00;07:30:00;1548,57;2;S;Sul;MGD;PERFIL
2026-09-25;2026-09-29;2026-09-29 08:00:00;08:00:00;2483,682;2;S;Sul;MGD;PERFIL
2026-09-25;2026-09-29;2026-09-29 08:30:00;08:30:00;3394,645;2;S;Sul;MGD;PERFIL
2026-09-25;2026-09-29;2026-09-29 09:00:00;09:00:00;4305,097;2;S;Sul;MGD;PERFIL
2026-09-25;2026-09-29;2026-09-29 09:30:00;09:30:00;5127,646;2;S;Sul;MGD;PERFIL
2026-09-25;2026-09-29;2026-09-29 10:00:00;10:00:00;5864,597;2;S;Sul;MGD;PERFIL
2026-09-25;2026-09-29;2026-09-29 10:30:00;10:30:00;6464,821;2;S;Sul;MGD;PERFIL
2026-09-25;2026-09-29;2026-09-29 11:00:00;11:00:00;6913,35;2;S;Sul;MGD;PERFIL
2026-09-25;2026-09-29;2026-09-29 11:30:00;11:30:00;7193,812;2;S;Sul;MGD;PERFIL
2026-09-25;2026-09-29;2026-09-29 12:00:00;12:00:00;7293,59;2;S;Sul;MGD;PERFIL
2026-09-25;2026-09-29;2026-09-29 12:30:00;12:30:00;7215,962;2;S;Sul;MGD;PERFIL
2026-09-25;2026-09-29;2026-09-29 13:00:00;13:00:00;6966,979;2;S;Sul;MGD;PERFIL
2026-09-25;2026-09-29;2026-09-29 13:30:00;13:30:00;6608,529;2;S;Sul;MGD;PERFIL
2026-09-25;2026-09-29;2026-09-29 14:00:00;14:00:00;6142,63;2;S;Sul;MGD;PERFIL
2026-09-25;2026-09-29;2026-09-29 14:30:00;14:30:00;5546,714;2;S;Sul;MGD;PERFIL
2026-09-25;2026-09-29;2026-09-29 15:00:00;15:00:00;4815,881;2;S;Sul;MGD;PERFIL
2026-09-25;2026-09-29;2026-09-29 15:30:00;15:30:00;4007,072;2;S;Sul;MGD;PERFIL
2026-09-25;2026-09-29;2026-09-29 16:00:00;16:00:00;3124,278;2;S;Sul;MGD;PERFIL
2026-09-25;2026-09-29;2026-09-29 16:30:00;16:30:00;2228,871;2;S;Sul;MGD;PERFIL
2026-09-25;2026-09-29;2026-09-29 17:00:00;17:00:00;1295,451;2;S;Sul;MGD;PERFIL
2026-09-25;2026-09-29;2026-09-29 17:30:00;17:30:00;594,581;2;S;Sul;MGD;PERFIL
2026-09-25;2026-09-29;2026-09-29 18:00:00;18:00:00;27,299;2;S;Sul;MGD;PERFIL
2026-09-25;2026-09-29;2026-09-29 18:30:00;18:30:00;0,0;2;S;Sul;MGD;PERFIL
2026-09-25;2026-09-29;2026-09-29 19:00:00;19:00:00;0,0;2;S;Sul;MGD;PERFIL
2026-09-25;2026-09-29;2026-09-29 19:30:00;19:30:00;0,0;2;S;Sul;MGD;PERFIL
2026-09-25;2026-09-29;2026-09-29 20:00:00;20:00:00;0,0;2;S;Sul;MGD;PERFIL
2026-09-25;2026-09-29;2026-09-29 20:30:00;20:30:00;0,0;2;S;Sul;MGD;PERFIL
2026-09-25;2026-09-29;2026-09-29 21:00:00;21:00:00;0,0;2;S;Sul;MGD;PERFIL
2026-09-25;2026-09-29;2026-09-29 21:30:00;21:30:00;0,0;2;S;Sul;MGD;PERFIL
2026-09-25;2026-09-29;2026-09-29 22:00:00;22:00:00;0,0;2;S;Sul;MGD;PERFIL
2026-09-25;2026-09-29;2026-09-29 22:30:00;22:30:00;0,0;2;S;Sul;MGD;PERFIL
2026-09-25;2026-09-29;2026-09-29 23:00:00;23:00:00;0,0;2;S;Sul;MGD;PERFIL
2026-09-25;2026-09-29;2026-09-29 23:30:00;23:30:00;0,0;2;S;Sul;MGD;PERFIL
2026-09-25;2026-09-30;2026-09-30 00:00:00;00:00:00;0,0;2;S;Sul;MGD;PERFIL
2026-09-25;2026-09-30;2026-09-30 00:30:00;00:30:00;0,0;2;S;Sul;MGD;PERFIL
2026-09-25;2026-09-30;2026-09-30 01:00:00;01:00:00;0,0;2;S;Sul;MGD;PERFIL
2026-09-25;2026-09-30;2026-09-30 01:30:00;01:30:00;0,0;2;S;Sul;MGD;PERFIL
2026-09-25;2026-09-30;2026-09-30 02:00:00;02:00:00;0,0;2;S;Sul;MGD;PERFIL
2026-09-25;2026-09-30;2026-09-30 02:30:00;02:30:00;0,0;2;S;Sul;MGD;PERFIL
2026-09-25;2026-09-30;2026-09-30 03:00:00;03:00:00;0,0;2;S;Sul;MGD;PERFIL
2026-09-25;2026-09-30;2026-09-30 03:30:00;03:30:00;0,0;2;S;Sul;MGD;PERFIL
2026-09-25;2026-09-30;2026-09-30 04:00:00;04:00:00;0,0;2;S;Sul;MGD;PERFIL
2026-09-25;2026-09-30;2026-09-30 04:30:00;04:30:00;0,0;2;S;Sul;MGD;PERFIL
2026-09-25;2026-09-30;2026-09-30 05:00:00;05:00:00;0,0;2;S;Sul;MGD;PERFIL
2026-09-25;2026-09-30;2026-09-30 05:30:00;05:30:00;0,0;2;S;Sul;MGD;PERFIL
2026-09-25;2026-09-30;2026-09-30 06:00:00;06:00:00;5,462;2;S;Sul;MGD;PERFIL
2026-09-25;2026-09-30;2026-09-30 06:30:00;06:30:00;116,536;2;S;Sul;MGD;PERFIL
2026-09-25;2026-09-30;2026-09-30 07:00:00;07:00:00;792,947;2;S;Sul;MGD;PERFIL
2026-09-25;2026-09-30;2026-09-30 07:30:00;07:30:00;1548,57;2;S;Sul;MGD;PERFIL
2026-09-25;2026-09-30;2026-09-30 08:00:00;08:00:00;2483,682;2;S;Sul;MGD;PERFIL
2026-09-25;2026-09-30;2026-09-30 08:30:00;08:30:00;3394,645;2;S;Sul;MGD;PERFIL
2026-09-25;2026-09-30;2026-09-30 09:00:00;09:00:00;4305,097;2;S;Sul;MGD;PERFIL
2026-09-25;2026-09-30;2026-09-30 09:30:00;09:30:00;5127,646;2;S;Sul;MGD;PERFIL
2026-09-25;2026-09-30;2026-09-30 10:00:00;10:00:00;5864,597;2;S;Sul;MGD;PERFIL
2026-09-25;2026-09-30;2026-09-30 10:30:00;10:30:00;6464,821;2;S;Sul;MGD;PERFIL
2026-09-25;2026-09-30;2026-09-30 11:00:00;11:00:00;6913,35;2;S;Sul;MGD;PERFIL
2026-09-25;2026-09-30;2026-09-30 11:30:00;11:30:00;7193,812;2;S;Sul;MGD;PERFIL
2026-09-25;2026-09-30;2026-09-30 12:00:00;12:00:00;7293,59;2;S;Sul;MGD;PERFIL
2026-09-25;2026-09-30;2026-09-30 12:30:00;12:30:00;7215,962;2;S;Sul;MGD;PERFIL
2026-09-25;2026-09-30;2026-09-30 13:00:00;13:00:00;6966,979;2;S;Sul;MGD;PERFIL
2026-09-25;2026-09-30;2026-09-30 13:30:00;13:30:00;6608,529;2;S;Sul;MGD;PERFIL
2026-09-25;2026-09-30;2026-09-30 14:00:00;14:00:00;6142,63;2;S;Sul;MGD;PERFIL
2026-09-25;2026-09-30;2026-09-30 14:30:00;14:30:00;5546,714;2;S;Sul;MGD;PERFIL
2026-09-25;2026-09-30;2026-09-30 15:00:00;15:00:00;4815,881;2;S;Sul;MGD;PERFIL
2026-09-25;2026-09-30;2026-09-30 15:30:00;15:30:00;4007,072;2;S;Sul;MGD;PERFIL
2026-09-25;2026-09-30;2026-09-30 16:00:00;16:00:00;3124,278;2;S;Sul;MGD;PERFIL
2026-09-25;2026-09-30;2026-09-30 16:30:00;16:30:00;2228,871;2;S;Sul;MGD;PERFIL
2026-09-25;2026-09-30;2026-09-30 17:00:00;17:00:00;1295,451;2;S;Sul;MGD;PERFIL
2026-09-25;2026-09-30;2026-09-30 17:30:00;17:30:00;594,581;2;S;Sul;MGD;PERFIL
2026-09-25;2026-09-30;2026-09-30 18:00:00;18:00:00;27,299;2;S;Sul;MGD;PERFIL
2026-09-25;2026-09-30;2026-09-30 18:30:00;18:30:00;0,0;2;S;Sul;MGD;PERFIL
2026-09-25;2026-09-30;2026-09-30 19:00:00;19:00:00;0,0;2;S;Sul;MGD;PERFIL
2026-09-25;2026-09-30;2026-09-30 19:30:00;19:30:00;0,0;2;S;Sul;MGD;PERFIL
2026-09-25;2026-09-30;2026-09-30 20:00:00;20:00:00;0,0;2;S;Sul;MGD;PERFIL
2026-09-25;2026-09-30;2026-09-30 20:30:00;20:30:00;0,0;2;S;Sul;MGD;PERFIL
2026-09-25;2026-09-30;2026-09-30 21:00:00;21:00:00;0,0;2;S;Sul;MGD;PERFIL
2026-09-25;2026-09-30;2026-09-30 21:30:00;21:30:00;0,0;2;S;Sul;MGD;PERFIL
2026-09-25;2026-09-30;2026-09-30 22:00:00;22:00:00;0,0;2;S;Sul;MGD;PERFIL
2026-09-25;2026-09-30;2026-09-30 22:30:00;22:30:00;0,0;2;S;Sul;MGD;PERFIL
2026-09-25;2026-09-30;2026-09-30 23:00:00;23:00:00;0,0;2;S;Sul;MGD;PERFIL
2026-09-25;2026-09-30;2026-09-30 23:30:00;23:30:00;0,0;2;S;Sul;MGD;PERFIL
2026-09-25;2026-10-01;2026-10-01 00:00:00;00:00:00;0,0;2;S;Sul;MGD;PERFIL
2026-09-25;2026-10-01;2026-10-01 00:30:00;00:30:00;0,0;2;S;Sul;MGD;PERFIL
2026-09-25;2026-10-01;2026-10-01 01:00:00;01:00:00;0,0;2;S;Sul;MGD;PERFIL
2026-09-25;2026-10-01;2026-10-01 01:30:00;01:30:00;0,0;2;S;Sul;MGD;PERFIL
2026-09-25;2026-10-01;2026-10-01 02:00:00;02:00:00;0,0;2;S;Sul;MGD;PERFIL
2026-09-25;2026-10-01;2026-10-01 02:30:00;02:30:00;0,0;2;S;Sul;MGD;PERFIL
2026-09-25;2026-10-01;2026-10-01 03:00:00;03:00:00;0,0;2;S;Sul;MGD;PERFIL
2026-09-25;2026-10-01;2026-10-01 03:30:00;03:30:00;0,0;2;S;Sul;MGD;PERFIL
2026-09-25;2026-10-01;2026-10-01 04:00:00;04:00:00;0,0;2;S;Sul;MGD;PERFIL
2026-09-25;2026-10-01;2026-10-01 04:30:00;04:30:00;0,0;2;S;Sul;MGD;PERFIL
2026-09-25;2026-10-01;2026-10-01 05:00:00;05:00:00;0,0;2;S;Sul;MGD;PERFIL
2026-09-25;2026-10-01;2026-10-01 05:30:00;05:30:00;0,0;2;S;Sul;MGD;PERFIL
2026-09-25;2026-10-01;2026-10-01 06:00:00;06:00:00;5,462;2;S;Sul;MGD;PERFIL
2026-09-25;2026-10-01;2026-10-01 06:30:00;06:30:00;116,536;2;S;Sul;MGD;PERFIL
2026-09-25;2026-10-01;2026-10-01 07:00:00;07:00:00;792,947;2;S;Sul;MGD;PERFIL
2026-09-25;2026-10-01;2026-10-01 07:30:00;07:30:00;1548,57;2;S;Sul;MGD;PERFIL
2026-09-25;2026-10-01;2026-10-01 08:00:00;08:00:00;2483,682;2;S;Sul;MGD;PERFIL
2026-09-25;2026-10-01;2026-10-01 08:30:00;08:30:00;3394,645;2;S;Sul;MGD;PERFIL
2026-09-25;2026-10-01;2026-10-01 09:00:00;09:00:00;4305,097;2;S;Sul;MGD;PERFIL
2026-09-25;2026-10-01;2026-10-01 09:30:00;09:30:00;5127,646;2;S;Sul;MGD;PERFIL
2026-09-25;2026-10-01;2026-10-01 10:00:00;10:00:00;5864,597;2;S;Sul;MGD;PERFIL
2026-09-25;2026-10-01;2026-10-01 10:30:00;10:30:00;6464,821;2;S;Sul;MGD;PERFIL
2026-09-25;2026-10-01;2026-10-01 11:00:00;11:00:00;6913,35;2;S;Sul;MGD;PERFIL
2026-09-25;2026-10-01;2026-10-01 11:30:00;11:30:00;7193,812;2;S;Sul;MGD;PERFIL
2026-09-25;2026-10-01;2026-10-01 12:00:00;12:00:00;7293,59;2;S;Sul;MGD;PERFIL
2026-09-25;2026-10-01;2026-10-01 12:30:00;12:30:00;7215,962;2;S;Sul;MGD;PERFIL
2026-09-25;2026-10-01;2026-10-01 13:00:00;13:00:00;6966,979;2;S;Sul;MGD;PERFIL
2026-09-25;2026-10-01;2026-10-01 13:30:00;13:30:00;6608,529;2;S;Sul;MGD;PERFIL
2026-09-25;2026-10-01;2026-10-01 14:00:00;14:00:00;6142,63;2;S;Sul;MGD;PERFIL
2026-09-25;2026-10-01;2026-10-01 14:30:00;14:30:00;5546,714;2;S;Sul;MGD;PERFIL
2026-09-25;2026-10-01;2026-10-01 15:00:00;15:00:00;4815,881;2;S;Sul;MGD;PERFIL
2026-09-25;2026-10-01;2026-10-01 15:30:00;15:30:00;4007,072;2;S;Sul;MGD;PERFIL
2026-09-25;2026-10-01;2026-10-01 16:00:00;16:00:00;3124,278;2;S;Sul;MGD;PERFIL
2026-09-25;2026-10-01;2026-10-01 16:30:00;16:30:00;2228,871;2;S;Sul;MGD;PERFIL
2026-09-25;2026-10-01;2026-10-01 17:00:00;17:00:00;1295,451;2;S;Sul;MGD;PERFIL
2026-09-25;2026-10-01;2026-10-01 17:30:00;17:30:00;594,581;2;S;Sul;MGD;PERFIL
2026-09-25;2026-10-01;2026-10-01 18:00:00;18:00:00;27,299;2;S;Sul;MGD;PERFIL
2026-09-25;2026-10-01;2026-10-01 18:30:00;18:30:00;0,0;2;S;Sul;MGD;PERFIL
2026-09-25;2026-10-01;2026-10-01 19:00:00;19:00:00;0,0;2;S;Sul;MGD;PERFIL
2026-09-25;2026-10-01;2026-10-01 19:30:00;19:30:00;0,0;2;S;Sul;MGD;PERFIL
2026-09-25;2026-10-01;2026-10-01 20:00:00;20:00:00;0,0;2;S;Sul;MGD;PERFIL
2026-09-25;2026-10-01;2026-10-01 20:30:00;20:30:00;0,0;2;S;Sul;MGD;PERFIL
2026-09-25;2026-10-01;2026-10-01 21:00:00;21:00:00;0,0;2;S;Sul;MGD;PERFIL
2026-09-25;2026-10-01;2026-10-01 21:30:00;21:30:00;0,0;2;S;Sul;MGD;PERFIL
2026-09-25;2026-10-01;2026-10-01 22:00:00;22:00:00;0,0;2;S;Sul;MGD;PERFIL
2026-09-25;2026-10-01;2026-10-01 22:30:00;22:30:00;0,0;2;S;Sul;MGD;PERFIL
2026-09-25;2026-10-01;2026-10-01 23:00:00;23:00:00;0,0;2;S;Sul;MGD;PERFIL
2026-09-25;2026-10-01;2026-10-01 23:30:00;23:30:00;0,0;2;S;Sul;MGD;PERFIL
2026-09-25;2026-10-02;2026-10-02 00:00:00;00:00:00;0,0;2;S;Sul;MGD;PERFIL
2026-09-25;2026-10-02;2026-10-02 00:30:00;00:30:00;0,0;2;S;Sul;MGD;PERFIL
2026-09-25;2026-10-02;2026-10-02 01:00:00;01:00:00;0,0;2;S;Sul;MGD;PERFIL
2026-09-25;2026-10-02;2026-10-02 01:30:00;01:30:00;0,0;2;S;Sul;MGD;PERFIL
2026-09-25;2026-10-02;2026-10-02 02:00:00;02:00:00;0,0;2;S;Sul;MGD;PERFIL
2026-09-25;2026-10-02;2026-10-02 02:30:00;02:30:00;0,0;2;S;Sul;MGD;PERFIL
2026-09-25;2026-10-02;2026-10-02 03:00:00;03:00:00;0,0;2;S;Sul;MGD;PERFIL
2026-09-25;2026-10-02;2026-10-02 03:30:00;03:30:00;0,0;2;S;Sul;MGD;PERFIL
2026-09-25;2026-10-02;2026-10-02 04:00:00;04:00:00;0,0;2;S;Sul;MGD;PERFIL
2026-09-25;2026-10-02;2026-10-02 04:30:00;04:30:00;0,0;2;S;Sul;MGD;PERFIL
2026-09-25;2026-10-02;2026-10-02 05:00:00;05:00:00;0,0;2;S;Sul;MGD;PERFIL
2026-09-25;2026-10-02;2026-10-02 05:30:00;05:30:00;0,0;2;S;Sul;MGD;PERFIL
2026-09-25;2026-10-02;2026-10-02 06:00:00;06:00:00;5,462;2;S;Sul;MGD;PERFIL
2026-09-25;2026-10-02;2026-10-02 06:30:00;06:30:00;116,536;2;S;Sul;MGD;PERFIL
2026-09-25;2026-10-02;2026-10-02 07:00:00;07:00:00;792,947;2;S;Sul;MGD;PERFIL
2026-09-25;2026-10-02;2026-10-02 07:30:00;07:30:00;1548,57;2;S;Sul;MGD;PERFIL
2026-09-25;2026-10-02;2026-10-02 08:00:00;08:00:00;2483,682;2;S;Sul;MGD;PERFIL
2026-09-25;2026-10-02;2026-10-02 08:30:00;08:30:00;3394,645;2;S;Sul;MGD;PERFIL
2026-09-25;2026-10-02;2026-10-02 09:00:00;09:00:00;4305,097;2;S;Sul;MGD;PERFIL
2026-09-25;2026-10-02;2026-10-02 09:30:00;09:30:00;5127,646;2;S;Sul;MGD;PERFIL
2026-09-25;2026-10-02;2026-10-02 10:00:00;10:00:00;5864,597;2;S;Sul;MGD;PERFIL
2026-09-25;2026-10-02;2026-10-02 10:30:00;10:30:00;6464,821;2;S;Sul;MGD;PERFIL
2026-09-25;2026-10-02;2026-10-02 11:00:00;11:00:00;6913,35;2;S;Sul;MGD;PERFIL
2026-09-25;2026-10-02;2026-10-02 11:30:00;11:30:00;7193,812;2;S;Sul;MGD;PERFIL
2026-09-25;2026-10-02;2026-10-02 12:00:00;12:00:00;7293,59;2;S;Sul;MGD;PERFIL
2026-09-25;2026-10-02;2026-10-02 12:30:00;12:30:00;7215,962;2;S;Sul;MGD;PERFIL
2026-09-25;2026-10-02;2026-10-02 13:00:00;13:00:00;6966,979;2;S;Sul;MGD;PERFIL
2026-09-25;2026-10-02;2026-10-02 13:30:00;13:30:00;6608,529;2;S;Sul;MGD;PERFIL
2026-09-25;2026-10-02;2026-10-02 14:00:00;14:00:00;6142,63;2;S;Sul;MGD;PERFIL
2026-09-25;2026-10-02;2026-10-02 14:30:00;14:30:00;5546,714;2;S;Sul;MGD;PERFIL
2026-09-25;2026-10-02;2026-10-02 15:00:00;15:00:00;4815,881;2;S;Sul;MGD;PERFIL
2026-09-25;2026-10-02;2026-10-02 15:30:00;15:30:00;4007,072;2;S;Sul;MGD;PERFIL
2026-09-25;2026-10-02;2026-10-02 16:00:00;16:00:00;3124,278;2;S;Sul;MGD;PERFIL
2026-09-25;2026-10-02;2026-10-02 16:30:00;16:30:00;2228,871;2;S;Sul;MGD;PERFIL
2026-09-25;2026-10-02;2026-10-02 17:00:00;17:00:00;1295,451;2;S;Sul;MGD;PERFIL
2026-09-25;2026-10-02;2026-10-02 17:30:00;17:30:00;594,581;2;S;Sul;MGD;PERFIL
2026-09-25;2026-10-02;2026-10-02 18:00:00;18:00:00;27,299;2;S;Sul;MGD;PERFIL
2026-09-25;2026-10-02;2026-10-02 18:30:00;18:30:00;0,0;2;S;Sul;MGD;PERFIL
2026-09-25;2026-10-02;2026-10-02 19:00:00;19:00:00;0,0;2;S;Sul;MGD;PERFIL
2026-09-25;2026-10-02;2026-10-02 19:30:00;19:30:00;0,0;2;S;Sul;MGD;PERFIL
2026-09-25;2026-10-02;2026-10-02 20:00:00;20:00:00;0,0;2;S;Sul;MGD;PERFIL
2026-09-25;2026-10-02;2026-10-02 20:30:00;20:30:00;0,0;2;S;Sul;MGD;PERFIL
2026-09-25;2026-10-02;2026-10-02 21:00:00;21:00:00;0,0;2;S;Sul;MGD;PERFIL
2026-09-25;2026-10-02;2026-10-02 21:30:00;21:30:00;0,0;2;S;Sul;MGD;PERFIL
2026-09-25;2026-10-02;2026-10-02 22:00:00;22:00:00;0,0;2;S;Sul;MGD;PERFIL
2026-09-25;2026-10-02;2026-10-02 22:30:00;22:30:00;0,0;2;S;Sul;MGD;PERFIL
2026-09-25;2026-10-02;2026-10-02 23:00:00;23:00:00;0,0;2;S;Sul;MGD;PERFIL
2026-09-25;2026-10-02;2026-10-02 23:30:00;23:30:00;0,0;2;S;Sul;MGD;PERFIL
2026-09-25;2026-09-25;2026-09-25 00:00:00;00:00:00;0,0;1;SE;Sudeste;MGD;DESSEM
2026-09-25;2026-09-25;2026-09-25 00:30:00;00:30:00;0,0;1;SE;Sudeste;MGD;DESSEM
2026-09-25;2026-09-25;2026-09-25 01:00:00;01:00:00;0,0;1;SE;Sudeste;MGD;DESSEM
2026-09-25;2026-09-25;2026-09-25 01:30:00;01:30:00;0,0;1;SE;Sudeste;MGD;DESSEM
2026-09-25;2026-09-25;2026-09-25 02:00:00;02:00:00;0,0;1;SE;Sudeste;MGD;DESSEM
2026-09-25;2026-09-25;2026-09-25 02:30:00;02:30:00;0,0;1;SE;Sudeste;MGD;DESSEM
2026-09-25;2026-09-25;2026-09-25 03:00:00;03:00:00;0,0;1;SE;Sudeste;MGD;DESSEM
2026-09-25;2026-09-25;2026-09-25 03:30:00;03:30:00;0,0;1;SE;Sudeste;MGD;DESSEM
2026-09-25;2026-09-25;2026-09-25 04:00:00;04:00:00;0,0;1;SE;Sudeste;MGD;DESSEM
2026-09-25;2026-09-25;2026-09-25 04:30:00;04:30:00;0,0;1;SE;Sudeste;MGD;DESSEM
2026-09-25;2026-09-25;2026-09-25 05:00:00;05:00:00;0,0;1;SE;Sudeste;MGD;DESSEM
2026-09-25;2026-09-25;2026-09-25 05:30:00;05:30:00;6,0;1;SE;Sudeste;MGD;DESSEM
2026-09-25;2026-09-25;2026-09-25 06:00:00;06:00:00;512,0;1;SE;Sudeste;MGD;DESSEM
2026-09-25;2026-09-25;2026-09-25 06:30:00;06:30:00;1556,0;1;SE;Sudeste;MGD;DESSEM
2026-09-25;2026-09-25;2026-09-25 07:00:00;07:00:00;3479,0;1;SE;Sudeste;MGD;DESSEM
2026-09-25;2026-09-25;2026-09-25 07:30:00;07:30:00;5484,0;1;SE;Sudeste;MGD;DESSEM
2026-09-25;2026-09-25;2026-09-25 08:00:00;08:00:00;7697,0;1;SE;Sudeste;MGD;DESSEM
2026-09-25;2026-09-25;2026-09-25 08:30:00;08:30:00;9803,0;1;SE;Sudeste;MGD;DESSEM
2026-09-25;2026-09-25;2026-09-25 09:00:00;09:00:00;11771,0;1;SE;Sudeste;MGD;DESSEM
2026-09-25;2026-09-25;2026-09-25 09:30:00;09:30:00;13424,0;1;SE;Sudeste;MGD;DESSEM
2026-09-25;2026-09-25;2026-09-25 10:00:00;10:00:00;14753,0;1;SE;Sudeste;MGD;DESSEM
2026-09-25;2026-09-25;2026-09-25 10:30:00;10:30:00;15788,0;1;SE;Sudeste;MGD;DESSEM
2026-09-25;2026-09-25;2026-09-25 11:00:00;11:00:00;16537,0;1;SE;Sudeste;MGD;DESSEM
2026-09-25;2026-09-25;2026-09-25 11:30:00;11:30:00;16895,0;1;SE;Sudeste;MGD;DESSEM
2026-09-25;2026-09-25;2026-09-25 12:00:00;12:00:00;16905,0;1;SE;Sudeste;MGD;DESSEM
2026-09-25;2026-09-25;2026-09-25 12:30:00;12:30:00;16634,0;1;SE;Sudeste;MGD;DESSEM
2026-09-25;2026-09-25;2026-09-25 13:00:00;13:00:00;16040,0;1;SE;Sudeste;MGD;DESSEM
2026-09-25;2026-09-25;2026-09-25 13:30:00;13:30:00;15087,0;1;SE;Sudeste;MGD;DESSEM
2026-09-25;2026-09-25;2026-09-25 14:00:00;14:00:00;13853,0;1;SE;Sudeste;MGD;DESSEM
2026-09-25;2026-09-25;2026-09-25 14:30:00;14:30:00;12325,0;1;SE;Sudeste;MGD;DESSEM
2026-09-25;2026-09-25;2026-09-25 15:00:00;15:00:00;10477,0;1;SE;Sudeste;MGD;DESSEM
2026-09-25;2026-09-25;2026-09-25 15:30:00;15:30:00;8610,0;1;SE;Sudeste;MGD;DESSEM
2026-09-25;2026-09-25;2026-09-25 16:00:00;16:00:00;6672,0;1;SE;Sudeste;MGD;DESSEM
2026-09-25;2026-09-25;2026-09-25 16:30:00;16:30:00;4687,0;1;SE;Sudeste;MGD;DESSEM
2026-09-25;2026-09-25;2026-09-25 17:00:00;17:00:00;2557,0;1;SE;Sudeste;MGD;DESSEM
2026-09-25;2026-09-25;2026-09-25 17:30:00;17:30:00;1170,0;1;SE;Sudeste;MGD;DESSEM
2026-09-25;2026-09-25;2026-09-25 18:00:00;18:00:00;212,0;1;SE;Sudeste;MGD;DESSEM
2026-09-25;2026-09-25;2026-09-25 18:30:00;18:30:00;0,0;1;SE;Sudeste;MGD;DESSEM
2026-09-25;2026-09-25;2026-09-25 19:00:00;19:00:00;0,0;1;SE;Sudeste;MGD;DESSEM
2026-09-25;2026-09-25;2026-09-25 19:30:00;19:30:00;0,0;1;SE;Sudeste;MGD;DESSEM
2026-09-25;2026-09-25;2026-09-25 20:00:00;20:00:00;0,0;1;SE;Sudeste;MGD;DESSEM
2026-09-25;2026-09-25;2026-09-25 20:30:00;20:30:00;0,0;1;SE;Sudeste;MGD;DESSEM
2026-09-25;2026-09-25;2026-09-25 21:00:00;21:00:00;0,0;1;SE;Sudeste;MGD;DESSEM
2026-09-25;2026-09-25;2026-09-25 21:30:00;21:30:00;0,0;1;SE;Sudeste;MGD;DESSEM
2026-09-25;2026-09-25;2026-09-25 22:00:00;22:00:00;0,0;1;SE;Sudeste;MGD;DESSEM
2026-09-25;2026-09-25;2026-09-25 22:30:00;22:30:00;0,0;1;SE;Sudeste;MGD;DESSEM
2026-09-25;2026-09-25;2026-09-25 23:00:00;23:00:00;0,0;1;SE;Sudeste;MGD;DESSEM
2026-09-25;2026-09-25;2026-09-25 23:30:00;23:30:00;0,0;1;SE;Sudeste;MGD;DESSEM
2026-09-25;2026-09-26;2026-09-26 00:00:00;00:00:00;0,0;1;SE;Sudeste;MGD;PERFIL
2026-09-25;2026-09-26;2026-09-26 00:30:00;00:30:00;0,0;1;SE;Sudeste;MGD;PERFIL
2026-09-25;2026-09-26;2026-09-26 01:00:00;01:00:00;0,0;1;SE;Sudeste;MGD;PERFIL
2026-09-25;2026-09-26;2026-09-26 01:30:00;01:30:00;0,0;1;SE;Sudeste;MGD;PERFIL
2026-09-25;2026-09-26;2026-09-26 02:00:00;02:00:00;0,0;1;SE;Sudeste;MGD;PERFIL
2026-09-25;2026-09-26;2026-09-26 02:30:00;02:30:00;0,0;1;SE;Sudeste;MGD;PERFIL
2026-09-25;2026-09-26;2026-09-26 03:00:00;03:00:00;0,0;1;SE;Sudeste;MGD;PERFIL
2026-09-25;2026-09-26;2026-09-26 03:30:00;03:30:00;0,0;1;SE;Sudeste;MGD;PERFIL
2026-09-25;2026-09-26;2026-09-26 04:00:00;04:00:00;0,0;1;SE;Sudeste;MGD;PERFIL
2026-09-25;2026-09-26;2026-09-26 04:30:00;04:30:00;0,0;1;SE;Sudeste;MGD;PERFIL
2026-09-25;2026-09-26;2026-09-26 05:00:00;05:00:00;0,0;1;SE;Sudeste;MGD;PERFIL
2026-09-25;2026-09-26;2026-09-26 05:30:00;05:30:00;3,074;1;SE;Sudeste;MGD;PERFIL
2026-09-25;2026-09-26;2026-09-26 06:00:00;06:00:00;295,879;1;SE;Sudeste;MGD;PERFIL
2026-09-25;2026-09-26;2026-09-26 06:30:00;06:30:00;1089,516;1;SE;Sudeste;MGD;PERFIL
2026-09-25;2026-09-26;2026-09-26 07:00:00;07:00:00;3034,69;1;SE;Sudeste;MGD;PERFIL
2026-09-25;2026-09-26;2026-09-26 07:30:00;07:30:00;4995,914;1;SE;Sudeste;MGD;PERFIL
2026-09-25;2026-09-26;2026-09-26 08:00:00;08:00:00;7287,668;1;SE;Sudeste;MGD;PERFIL
2026-09-25;2026-09-26;2026-09-26 08:30:00;08:30:00;9448,392;1;SE;Sudeste;MGD;PERFIL
2026-09-25;2026-09-26;2026-09-26 09:00:00;09:00:00;11484,546;1;SE;Sudeste;MGD;PERFIL
2026-09-25;2026-09-26;2026-09-26 09:30:00;09:30:00;13310,089;1;SE;Sudeste;MGD;PERFIL
2026-09-25;2026-09-26;2026-09-26 10:00:00;10:00:00;14889,191;1;SE;Sudeste;MGD;PERFIL
2026-09-25;2026-09-26;2026-09-26 10:30:00;10:30:00;16118,366;1;SE;Sudeste;MGD;PERFIL
2026-09-25;2026-09-26;2026-09-26 11:00:00;11:00:00;16969,387;1;SE;Sudeste;MGD;PERFIL
2026-09-25;2026-09-26;2026-09-26 11:30:00;11:30:00;17397,323;1;SE;Sudeste;MGD;PERFIL
2026-09-25;2026-09-26;2026-09-26 12:00:00;12:00:00;17407,674;1;SE;Sudeste;MGD;PERFIL
2026-09-25;2026-09-26;2026-09-26 12:30:00;12:30:00;17083,876;1;SE;Sudeste;MGD;PERFIL
2026-09-25;2026-09-26;2026-09-26 13:00:00;13:00:00;16430,744;1;SE;Sudeste;MGD;PERFIL
2026-09-25;2026-09-26;2026-09-26 13:30:00;13:30:00;15409,45;1;SE;Sudeste;MGD;PERFIL
2026-09-25;2026-09-26;2026-09-26 14:00:00;14:00:00;14045,604;1;SE;Sudeste;MGD;PERFIL
2026-09-25;2026-09-26;2026-09-26 14:30:00;14:30:00;12416,537;1;SE;Sudeste;MGD;PERFIL
2026-09-25;2026-09-26;2026-09-26 15:00:00;15:00:00;10550,094;1;SE;Sudeste;MGD;PERFIL
2026-09-25;2026-09-26;2026-09-26 15:30:00;15:30:00;8586,166;1;SE;Sudeste;MGD;PERFIL
2026-09-25;2026-09-26;2026-09-26 16:00:00;16:00:00;6518,565;1;SE;Sudeste;MGD;PERFIL
2026-09-25;2026-09-26;2026-09-26 16:30:00;16:30:00;4488,355;1;SE;Sudeste;MGD;PERFIL
2026-09-25;2026-09-26;2026-09-26 17:00:00;17:00:00;2376,243;1;SE;Sudeste;MGD;PERFIL
2026-09-25;2026-09-26;2026-09-26 17:30:00;17:30:00;1048,17;1;SE;Sudeste;MGD;PERFIL
2026-09-25;2026-09-26;2026-09-26 18:00:00;18:00:00;212,469;1;SE;Sudeste;MGD;PERFIL
2026-09-25;2026-09-26;2026-09-26 18:30:00;18:30:00;34,534;1;SE;Sudeste;MGD;PERFIL
2026-09-25;2026-09-26;2026-09-26 19:00:00;19:00:00;1,487;1;SE;Sudeste;MGD;PERFIL
2026-09-25;2026-09-26;2026-09-26 19:30:00;19:30:00;0,0;1;SE;Sudeste;MGD;PERFIL
2026-09-25;2026-09-26;2026-09-26 20:00:00;20:00:00;0,0;1;SE;Sudeste;MGD;PERFIL
2026-09-25;2026-09-26;2026-09-26 20:30:00;20:30:00;0,0;1;SE;Sudeste;MGD;PERFIL
2026-09-25;2026-09-26;2026-09-26 21:00:00;21:00:00;0,0;1;SE;Sudeste;MGD;PERFIL
2026-09-25;2026-09-26;2026-09-26 21:30:00;21:30:00;0,0;1;SE;Sudeste;MGD;PERFIL
2026-09-25;2026-09-26;2026-09-26 22:00:00;22:00:00;0,0;1;SE;Sudeste;MGD;PERFIL
2026-09-25;2026-09-26;2026-09-26 22:30:00;22:30:00;0,0;1;SE;Sudeste;MGD;PERFIL
2026-09-25;2026-09-26;2026-09-26 23:00:00;23:00:00;0,0;1;SE;Sudeste;MGD;PERFIL
2026-09-25;2026-09-26;2026-09-26 23:30:00;23:30:00;0,0;1;SE;Sudeste;MGD;PERFIL
2026-09-25;2026-09-27;2026-09-27 00:00:00;00:00:00;0,0;1;SE;Sudeste;MGD;PERFIL
2026-09-25;2026-09-27;2026-09-27 00:30:00;00:30:00;0,0;1;SE;Sudeste;MGD;PERFIL
2026-09-25;2026-09-27;2026-09-27 01:00:00;01:00:00;0,0;1;SE;Sudeste;MGD;PERFIL
2026-09-25;2026-09-27;2026-09-27 01:30:00;01:30:00;0,0;1;SE;Sudeste;MGD;PERFIL
2026-09-25;2026-09-27;2026-09-27 02:00:00;02:00:00;0,0;1;SE;Sudeste;MGD;PERFIL
2026-09-25;2026-09-27;2026-09-27 02:30:00;02:30:00;0,0;1;SE;Sudeste;MGD;PERFIL
2026-09-25;2026-09-27;2026-09-27 03:00:00;03:00:00;0,0;1;SE;Sudeste;MGD;PERFIL
2026-09-25;2026-09-27;2026-09-27 03:30:00;03:30:00;0,0;1;SE;Sudeste;MGD;PERFIL
2026-09-25;2026-09-27;2026-09-27 04:00:00;04:00:00;0,0;1;SE;Sudeste;MGD;PERFIL
2026-09-25;2026-09-27;2026-09-27 04:30:00;04:30:00;0,0;1;SE;Sudeste;MGD;PERFIL
2026-09-25;2026-09-27;2026-09-27 05:00:00;05:00:00;0,0;1;SE;Sudeste;MGD;PERFIL
2026-09-25;2026-09-27;2026-09-27 05:30:00;05:30:00;3,074;1;SE;Sudeste;MGD;PERFIL
2026-09-25;2026-09-27;2026-09-27 06:00:00;06:00:00;295,879;1;SE;Sudeste;MGD;PERFIL
2026-09-25;2026-09-27;2026-09-27 06:30:00;06:30:00;1089,516;1;SE;Sudeste;MGD;PERFIL
2026-09-25;2026-09-27;2026-09-27 07:00:00;07:00:00;3034,69;1;SE;Sudeste;MGD;PERFIL
2026-09-25;2026-09-27;2026-09-27 07:30:00;07:30:00;4995,914;1;SE;Sudeste;MGD;PERFIL
2026-09-25;2026-09-27;2026-09-27 08:00:00;08:00:00;7287,668;1;SE;Sudeste;MGD;PERFIL
2026-09-25;2026-09-27;2026-09-27 08:30:00;08:30:00;9448,392;1;SE;Sudeste;MGD;PERFIL
2026-09-25;2026-09-27;2026-09-27 09:00:00;09:00:00;11484,546;1;SE;Sudeste;MGD;PERFIL
2026-09-25;2026-09-27;2026-09-27 09:30:00;09:30:00;13310,089;1;SE;Sudeste;MGD;PERFIL
2026-09-25;2026-09-27;2026-09-27 10:00:00;10:00:00;14889,191;1;SE;Sudeste;MGD;PERFIL
2026-09-25;2026-09-27;2026-09-27 10:30:00;10:30:00;16118,366;1;SE;Sudeste;MGD;PERFIL
2026-09-25;2026-09-27;2026-09-27 11:00:00;11:00:00;16969,387;1;SE;Sudeste;MGD;PERFIL
2026-09-25;2026-09-27;2026-09-27 11:30:00;11:30:00;17397,323;1;SE;Sudeste;MGD;PERFIL
2026-09-25;2026-09-27;2026-09-27 12:00:00;12:00:00;17407,674;1;SE;Sudeste;MGD;PERFIL
2026-09-25;2026-09-27;2026-09-27 12:30:00;12:30:00;17083,876;1;SE;Sudeste;MGD;PERFIL
2026-09-25;2026-09-27;2026-09-27 13:00:00;13:00:00;16430,744;1;SE;Sudeste;MGD;PERFIL
2026-09-25;2026-09-27;2026-09-27 13:30:00;13:30:00;15409,45;1;SE;Sudeste;MGD;PERFIL
2026-09-25;2026-09-27;2026-09-27 14:00:00;14:00:00;14045,604;1;SE;Sudeste;MGD;PERFIL
2026-09-25;2026-09-27;2026-09-27 14:30:00;14:30:00;12416,537;1;SE;Sudeste;MGD;PERFIL
2026-09-25;2026-09-27;2026-09-27 15:00:00;15:00:00;10550,094;1;SE;Sudeste;MGD;PERFIL
2026-09-25;2026-09-27;2026-09-27 15:30:00;15:30:00;8586,166;1;SE;Sudeste;MGD;PERFIL
2026-09-25;2026-09-27;2026-09-27 16:00:00;16:00:00;6518,565;1;SE;Sudeste;MGD;PERFIL
2026-09-25;2026-09-27;2026-09-27 16:30:00;16:30:00;4488,355;1;SE;Sudeste;MGD;PERFIL
2026-09-25;2026-09-27;2026-09-27 17:00:00;17:00:00;2376,243;1;SE;Sudeste;MGD;PERFIL
2026-09-25;2026-09-27;2026-09-27 17:30:00;17:30:00;1048,17;1;SE;Sudeste;MGD;PERFIL
2026-09-25;2026-09-27;2026-09-27 18:00:00;18:00:00;212,469;1;SE;Sudeste;MGD;PERFIL
2026-09-25;2026-09-27;2026-09-27 18:30:00;18:30:00;34,534;1;SE;Sudeste;MGD;PERFIL
2026-09-25;2026-09-27;2026-09-27 19:00:00;19:00:00;1,487;1;SE;Sudeste;MGD;PERFIL
2026-09-25;2026-09-27;2026-09-27 19:30:00;19:30:00;0,0;1;SE;Sudeste;MGD;PERFIL
2026-09-25;2026-09-27;2026-09-27 20:00:00;20:00:00;0,0;1;SE;Sudeste;MGD;PERFIL
2026-09-25;2026-09-27;2026-09-27 20:30:00;20:30:00;0,0;1;SE;Sudeste;MGD;PERFIL
2026-09-25;2026-09-27;2026-09-27 21:00:00;21:00:00;0,0;1;SE;Sudeste;MGD;PERFIL
2026-09-25;2026-09-27;2026-09-27 21:30:00;21:30:00;0,0;1;SE;Sudeste;MGD;PERFIL
2026-09-25;2026-09-27;2026-09-27 22:00:00;22:00:00;0,0;1;SE;Sudeste;MGD;PERFIL
2026-09-25;2026-09-27;2026-09-27 22:30:00;22:30:00;0,0;1;SE;Sudeste;MGD;PERFIL
2026-09-25;2026-09-27;2026-09-27 23:00:00;23:00:00;0,0;1;SE;Sudeste;MGD;PERFIL
2026-09-25;2026-09-27;2026-09-27 23:30:00;23:30:00;0,0;1;SE;Sudeste;MGD;PERFIL
2026-09-25;2026-09-28;2026-09-28 00:00:00;00:00:00;0,0;1;SE;Sudeste;MGD;PERFIL
2026-09-25;2026-09-28;2026-09-28 00:30:00;00:30:00;0,0;1;SE;Sudeste;MGD;PERFIL
2026-09-25;2026-09-28;2026-09-28 01:00:00;01:00:00;0,0;1;SE;Sudeste;MGD;PERFIL
2026-09-25;2026-09-28;2026-09-28 01:30:00;01:30:00;0,0;1;SE;Sudeste;MGD;PERFIL
2026-09-25;2026-09-28;2026-09-28 02:00:00;02:00:00;0,0;1;SE;Sudeste;MGD;PERFIL
2026-09-25;2026-09-28;2026-09-28 02:30:00;02:30:00;0,0;1;SE;Sudeste;MGD;PERFIL
2026-09-25;2026-09-28;2026-09-28 03:00:00;03:00:00;0,0;1;SE;Sudeste;MGD;PERFIL
2026-09-25;2026-09-28;2026-09-28 03:30:00;03:30:00;0,0;1;SE;Sudeste;MGD;PERFIL
2026-09-25;2026-09-28;2026-09-28 04:00:00;04:00:00;0,0;1;SE;Sudeste;MGD;PERFIL
2026-09-25;2026-09-28;2026-09-28 04:30:00;04:30:00;0,0;1;SE;Sudeste;MGD;PERFIL
2026-09-25;2026-09-28;2026-09-28 05:00:00;05:00:00;0,0;1;SE;Sudeste;MGD;PERFIL
2026-09-25;2026-09-28;2026-09-28 05:30:00;05:30:00;3,074;1;SE;Sudeste;MGD;PERFIL
2026-09-25;2026-09-28;2026-09-28 06:00:00;06:00:00;295,879;1;SE;Sudeste;MGD;PERFIL
2026-09-25;2026-09-28;2026-09-28 06:30:00;06:30:00;1089,516;1;SE;Sudeste;MGD;PERFIL
2026-09-25;2026-09-28;2026-09-28 07:00:00;07:00:00;3034,69;1;SE;Sudeste;MGD;PERFIL
2026-09-25;2026-09-28;2026-09-28 07:30:00;07:30:00;4995,914;1;SE;Sudeste;MGD;PERFIL
2026-09-25;2026-09-28;2026-09-28 08:00:00;08:00:00;7287,668;1;SE;Sudeste;MGD;PERFIL
2026-09-25;2026-09-28;2026-09-28 08:30:00;08:30:00;9448,392;1;SE;Sudeste;MGD;PERFIL
2026-09-25;2026-09-28;2026-09-28 09:00:00;09:00:00;11484,546;1;SE;Sudeste;MGD;PERFIL
2026-09-25;2026-09-28;2026-09-28 09:30:00;09:30:00;13310,089;1;SE;Sudeste;MGD;PERFIL
2026-09-25;2026-09-28;2026-09-28 10:00:00;10:00:00;14889,191;1;SE;Sudeste;MGD;PERFIL
2026-09-25;2026-09-28;2026-09-28 10:30:00;10:30:00;16118,366;1;SE;Sudeste;MGD;PERFIL
2026-09-25;2026-09-28;2026-09-28 11:00:00;11:00:00;16969,387;1;SE;Sudeste;MGD;PERFIL
2026-09-25;2026-09-28;2026-09-28 11:30:00;11:30:00;17397,323;1;SE;Sudeste;MGD;PERFIL
2026-09-25;2026-09-28;2026-09-28 12:00:00;12:00:00;17407,674;1;SE;Sudeste;MGD;PERFIL
2026-09-25;2026-09-28;2026-09-28 12:30:00;12:30:00;17083,876;1;SE;Sudeste;MGD;PERFIL
2026-09-25;2026-09-28;2026-09-28 13:00:00;13:00:00;16430,744;1;SE;Sudeste;MGD;PERFIL
2026-09-25;2026-09-28;2026-09-28 13:30:00;13:30:00;15409,45;1;SE;Sudeste;MGD;PERFIL
2026-09-25;2026-09-28;2026-09-28 14:00:00;14:00:00;14045,604;1;SE;Sudeste;MGD;PERFIL
2026-09-25;2026-09-28;2026-09-28 14:30:00;14:30:00;12416,537;1;SE;Sudeste;MGD;PERFIL
2026-09-25;2026-09-28;2026-09-28 15:00:00;15:00:00;10550,094;1;SE;Sudeste;MGD;PERFIL
2026-09-25;2026-09-28;2026-09-28 15:30:00;15:30:00;8586,166;1;SE;Sudeste;MGD;PERFIL
2026-09-25;2026-09-28;2026-09-28 16:00:00;16:00:00;6518,565;1;SE;Sudeste;MGD;PERFIL
2026-09-25;2026-09-28;2026-09-28 16:30:00;16:30:00;4488,355;1;SE;Sudeste;MGD;PERFIL
2026-09-25;2026-09-28;2026-09-28 17:00:00;17:00:00;2376,243;1;SE;Sudeste;MGD;PERFIL
2026-09-25;2026-09-28;2026-09-28 17:30:00;17:30:00;1048,17;1;SE;Sudeste;MGD;PERFIL
2026-09-25;2026-09-28;2026-09-28 18:00:00;18:00:00;212,469;1;SE;Sudeste;MGD;PERFIL
2026-09-25;2026-09-28;2026-09-28 18:30:00;18:30:00;34,534;1;SE;Sudeste;MGD;PERFIL
2026-09-25;2026-09-28;2026-09-28 19:00:00;19:00:00;1,487;1;SE;Sudeste;MGD;PERFIL
2026-09-25;2026-09-28;2026-09-28 19:30:00;19:30:00;0,0;1;SE;Sudeste;MGD;PERFIL
2026-09-25;2026-09-28;2026-09-28 20:00:00;20:00:00;0,0;1;SE;Sudeste;MGD;PERFIL
2026-09-25;2026-09-28;2026-09-28 20:30:00;20:30:00;0,0;1;SE;Sudeste;MGD;PERFIL
2026-09-25;2026-09-28;2026-09-28 21:00:00;21:00:00;0,0;1;SE;Sudeste;MGD;PERFIL
2026-09-25;2026-09-28;2026-09-28 21:30:00;21:30:00;0,0;1;SE;Sudeste;MGD;PERFIL
2026-09-25;2026-09-28;2026-09-28 22:00:00;22:00:00;0,0;1;SE;Sudeste;MGD;PERFIL
2026-09-25;2026-09-28;2026-09-28 22:30:00;22:30:00;0,0;1;SE;Sudeste;MGD;PERFIL
2026-09-25;2026-09-28;2026-09-28 23:00:00;23:00:00;0,0;1;SE;Sudeste;MGD;PERFIL
2026-09-25;2026-09-28;2026-09-28 23:30:00;23:30:00;0,0;1;SE;Sudeste;MGD;PERFIL
2026-09-25;2026-09-29;2026-09-29 00:00:00;00:00:00;0,0;1;SE;Sudeste;MGD;PERFIL
2026-09-25;2026-09-29;2026-09-29 00:30:00;00:30:00;0,0;1;SE;Sudeste;MGD;PERFIL
2026-09-25;2026-09-29;2026-09-29 01:00:00;01:00:00;0,0;1;SE;Sudeste;MGD;PERFIL
2026-09-25;2026-09-29;2026-09-29 01:30:00;01:30:00;0,0;1;SE;Sudeste;MGD;PERFIL
2026-09-25;2026-09-29;2026-09-29 02:00:00;02:00:00;0,0;1;SE;Sudeste;MGD;PERFIL
2026-09-25;2026-09-29;2026-09-29 02:30:00;02:30:00;0,0;1;SE;Sudeste;MGD;PERFIL
2026-09-25;2026-09-29;2026-09-29 03:00:00;03:00:00;0,0;1;SE;Sudeste;MGD;PERFIL
2026-09-25;2026-09-29;2026-09-29 03:30:00;03:30:00;0,0;1;SE;Sudeste;MGD;PERFIL
2026-09-25;2026-09-29;2026-09-29 04:00:00;04:00:00;0,0;1;SE;Sudeste;MGD;PERFIL
2026-09-25;2026-09-29;2026-09-29 04:30:00;04:30:00;0,0;1;SE;Sudeste;MGD;PERFIL
2026-09-25;2026-09-29;2026-09-29 05:00:00;05:00:00;0,0;1;SE;Sudeste;MGD;PERFIL
2026-09-25;2026-09-29;2026-09-29 05:30:00;05:30:00;3,074;1;SE;Sudeste;MGD;PERFIL
2026-09-25;2026-09-29;2026-09-29 06:00:00;06:00:00;295,879;1;SE;Sudeste;MGD;PERFIL
2026-09-25;2026-09-29;2026-09-29 06:30:00;06:30:00;1089,516;1;SE;Sudeste;MGD;PERFIL
2026-09-25;2026-09-29;2026-09-29 07:00:00;07:00:00;3034,69;1;SE;Sudeste;MGD;PERFIL
2026-09-25;2026-09-29;2026-09-29 07:30:00;07:30:00;4995,914;1;SE;Sudeste;MGD;PERFIL
2026-09-25;2026-09-29;2026-09-29 08:00:00;08:00:00;7287,668;1;SE;Sudeste;MGD;PERFIL
2026-09-25;2026-09-29;2026-09-29 08:30:00;08:30:00;9448,392;1;SE;Sudeste;MGD;PERFIL
2026-09-25;2026-09-29;2026-09-29 09:00:00;09:00:00;11484,546;1;SE;Sudeste;MGD;PERFIL
2026-09-25;2026-09-29;2026-09-29 09:30:00;09:30:00;13310,089;1;SE;Sudeste;MGD;PERFIL
2026-09-25;2026-09-29;2026-09-29 10:00:00;10:00:00;14889,191;1;SE;Sudeste;MGD;PERFIL
2026-09-25;2026-09-29;2026-09-29 10:30:00;10:30:00;16118,366;1;SE;Sudeste;MGD;PERFIL
2026-09-25;2026-09-29;2026-09-29 11:00:00;11:00:00;16969,387;1;SE;Sudeste;MGD;PERFIL
2026-09-25;2026-09-29;2026-09-29 11:30:00;11:30:00;17397,323;1;SE;Sudeste;MGD;PERFIL
2026-09-25;2026-09-29;2026-09-29 12:00:00;12:00:00;17407,674;1;SE;Sudeste;MGD;PERFIL
2026-09-25;2026-09-29;2026-09-29 12:30:00;12:30:00;17083,876;1;SE;Sudeste;MGD;PERFIL
2026-09-25;2026-09-29;2026-09-29 13:00:00;13:00:00;16430,744;1;SE;Sudeste;MGD;PERFIL
2026-09-25;2026-09-29;2026-09-29 13:30:00;13:30:00;15409,45;1;SE;Sudeste;MGD;PERFIL
2026-09-25;2026-09-29;2026-09-29 14:00:00;14:00:00;14045,604;1;SE;Sudeste;MGD;PERFIL
2026-09-25;2026-09-29;2026-09-29 14:30:00;14:30:00;12416,537;1;SE;Sudeste;MGD;PERFIL
2026-09-25;2026-09-29;2026-09-29 15:00:00;15:00:00;10550,094;1;SE;Sudeste;MGD;PERFIL
2026-09-25;2026-09-29;2026-09-29 15:30:00;15:30:00;8586,166;1;SE;Sudeste;MGD;PERFIL
2026-09-25;2026-09-29;2026-09-29 16:00:00;16:00:00;6518,565;1;SE;Sudeste;MGD;PERFIL
2026-09-25;2026-09-29;2026-09-29 16:30:00;16:30:00;4488,355;1;SE;Sudeste;MGD;PERFIL
2026-09-25;2026-09-29;2026-09-29 17:00:00;17:00:00;2376,243;1;SE;Sudeste;MGD;PERFIL
2026-09-25;2026-09-29;2026-09-29 17:30:00;17:30:00;1048,17;1;SE;Sudeste;MGD;PERFIL
2026-09-25;2026-09-29;2026-09-29 18:00:00;18:00:00;212,469;1;SE;Sudeste;MGD;PERFIL
2026-09-25;2026-09-29;2026-09-29 18:30:00;18:30:00;34,534;1;SE;Sudeste;MGD;PERFIL
2026-09-25;2026-09-29;2026-09-29 19:00:00;19:00:00;1,487;1;SE;Sudeste;MGD;PERFIL
2026-09-25;2026-09-29;2026-09-29 19:30:00;19:30:00;0,0;1;SE;Sudeste;MGD;PERFIL
2026-09-25;2026-09-29;2026-09-29 20:00:00;20:00:00;0,0;1;SE;Sudeste;MGD;PERFIL
2026-09-25;2026-09-29;2026-09-29 20:30:00;20:30:00;0,0;1;SE;Sudeste;MGD;PERFIL
2026-09-25;2026-09-29;2026-09-29 21:00:00;21:00:00;0,0;1;SE;Sudeste;MGD;PERFIL
2026-09-25;2026-09-29;2026-09-29 21:30:00;21:30:00;0,0;1;SE;Sudeste;MGD;PERFIL
2026-09-25;2026-09-29;2026-09-29 22:00:00;22:00:00;0,0;1;SE;Sudeste;MGD;PERFIL
2026-09-25;2026-09-29;2026-09-29 22:30:00;22:30:00;0,0;1;SE;Sudeste;MGD;PERFIL
2026-09-25;2026-09-29;2026-09-29 23:00:00;23:00:00;0,0;1;SE;Sudeste;MGD;PERFIL
2026-09-25;2026-09-29;2026-09-29 23:30:00;23:30:00;0,0;1;SE;Sudeste;MGD;PERFIL
2026-09-25;2026-09-30;2026-09-30 00:00:00;00:00:00;0,0;1;SE;Sudeste;MGD;PERFIL
2026-09-25;2026-09-30;2026-09-30 00:30:00;00:30:00;0,0;1;SE;Sudeste;MGD;PERFIL
2026-09-25;2026-09-30;2026-09-30 01:00:00;01:00:00;0,0;1;SE;Sudeste;MGD;PERFIL
2026-09-25;2026-09-30;2026-09-30 01:30:00;01:30:00;0,0;1;SE;Sudeste;MGD;PERFIL
2026-09-25;2026-09-30;2026-09-30 02:00:00;02:00:00;0,0;1;SE;Sudeste;MGD;PERFIL
2026-09-25;2026-09-30;2026-09-30 02:30:00;02:30:00;0,0;1;SE;Sudeste;MGD;PERFIL
2026-09-25;2026-09-30;2026-09-30 03:00:00;03:00:00;0,0;1;SE;Sudeste;MGD;PERFIL
2026-09-25;2026-09-30;2026-09-30 03:30:00;03:30:00;0,0;1;SE;Sudeste;MGD;PERFIL
2026-09-25;2026-09-30;2026-09-30 04:00:00;04:00:00;0,0;1;SE;Sudeste;MGD;PERFIL
2026-09-25;2026-09-30;2026-09-30 04:30:00;04:30:00;0,0;1;SE;Sudeste;MGD;PERFIL
2026-09-25;2026-09-30;2026-09-30 05:00:00;05:00:00;0,0;1;SE;Sudeste;MGD;PERFIL
2026-09-25;2026-09-30;2026-09-30 05:30:00;05:30:00;3,074;1;SE;Sudeste;MGD;PERFIL
2026-09-25;2026-09-30;2026-09-30 06:00:00;06:00:00;295,879;1;SE;Sudeste;MGD;PERFIL
2026-09-25;2026-09-30;2026-09-30 06:30:00;06:30:00;1089,516;1;SE;Sudeste;MGD;PERFIL
2026-09-25;2026-09-30;2026-09-30 07:00:00;07:00:00;3034,69;1;SE;Sudeste;MGD;PERFIL
2026-09-25;2026-09-30;2026-09-30 07:30:00;07:30:00;4995,914;1;SE;Sudeste;MGD;PERFIL
2026-09-25;2026-09-30;2026-09-30 08:00:00;08:00:00;7287,668;1;SE;Sudeste;MGD;PERFIL
2026-09-25;2026-09-30;2026-09-30 08:30:00;08:30:00;9448,392;1;SE;Sudeste;MGD;PERFIL
2026-09-25;2026-09-30;2026-09-30 09:00:00;09:00:00;11484,546;1;SE;Sudeste;MGD;PERFIL
2026-09-25;2026-09-30;2026-09-30 09:30:00;09:30:00;13310,089;1;SE;Sudeste;MGD;PERFIL
2026-09-25;2026-09-30;2026-09-30 10:00:00;10:00:00;14889,191;1;SE;Sudeste;MGD;PERFIL
2026-09-25;2026-09-30;2026-09-30 10:30:00;10:30:00;16118,366;1;SE;Sudeste;MGD;PERFIL
2026-09-25;2026-09-30;2026-09-30 11:00:00;11:00:00;16969,387;1;SE;Sudeste;MGD;PERFIL
2026-09-25;2026-09-30;2026-09-30 11:30:00;11:30:00;17397,323;1;SE;Sudeste;MGD;PERFIL
2026-09-25;2026-09-30;2026-09-30 12:00:00;12:00:00;17407,674;1;SE;Sudeste;MGD;PERFIL
2026-09-25;2026-09-30;2026-09-30 12:30:00;12:30:00;17083,876;1;SE;Sudeste;MGD;PERFIL
2026-09-25;2026-09-30;2026-09-30 13:00:00;13:00:00;16430,744;1;SE;Sudeste;MGD;PERFIL
2026-09-25;2026-09-30;2026-09-30 13:30:00;13:30:00;15409,45;1;SE;Sudeste;MGD;PERFIL
2026-09-25;2026-09-30;2026-09-30 14:00:00;14:00:00;14045,604;1;SE;Sudeste;MGD;PERFIL
2026-09-25;2026-09-30;2026-09-30 14:30:00;14:30:00;12416,537;1;SE;Sudeste;MGD;PERFIL
2026-09-25;2026-09-30;2026-09-30 15:00:00;15:00:00;10550,094;1;SE;Sudeste;MGD;PERFIL
2026-09-25;2026-09-30;2026-09-30 15:30:00;15:30:00;8586,166;1;SE;Sudeste;MGD;PERFIL
2026-09-25;2026-09-30;2026-09-30 16:00:00;16:00:00;6518,565;1;SE;Sudeste;MGD;PERFIL
2026-09-25;2026-09-30;2026-09-30 16:30:00;16:30:00;4488,355;1;SE;Sudeste;MGD;PERFIL
2026-09-25;2026-09-30;2026-09-30 17:00:00;17:00:00;2376,243;1;SE;Sudeste;MGD;PERFIL
2026-09-25;2026-09-30;2026-09-30 17:30:00;17:30:00;1048,17;1;SE;Sudeste;MGD;PERFIL
2026-09-25;2026-09-30;2026-09-30 18:00:00;18:00:00;212,469;1;SE;Sudeste;MGD;PERFIL
2026-09-25;2026-09-30;2026-09-30 18:30:00;18:30:00;34,534;1;SE;Sudeste;MGD;PERFIL
2026-09-25;2026-09-30;2026-09-30 19:00:00;19:00:00;1,487;1;SE;Sudeste;MGD;PERFIL
2026-09-25;2026-09-30;2026-09-30 19:30:00;19:30:00;0,0;1;SE;Sudeste;MGD;PERFIL
2026-09-25;2026-09-30;2026-09-30 20:00:00;20:00:00;0,0;1;SE;Sudeste;MGD;PERFIL
2026-09-25;2026-09-30;2026-09-30 20:30:00;20:30:00;0,0;1;SE;Sudeste;MGD;PERFIL
2026-09-25;2026-09-30;2026-09-30 21:00:00;21:00:00;0,0;1;SE;Sudeste;MGD;PERFIL
2026-09-25;2026-09-30;2026-09-30 21:30:00;21:30:00;0,0;1;SE;Sudeste;MGD;PERFIL
2026-09-25;2026-09-30;2026-09-30 22:00:00;22:00:00;0,0;1;SE;Sudeste;MGD;PERFIL
2026-09-25;2026-09-30;2026-09-30 22:30:00;22:30:00;0,0;1;SE;Sudeste;MGD;PERFIL
2026-09-25;2026-09-30;2026-09-30 23:00:00;23:00:00;0,0;1;SE;Sudeste;MGD;PERFIL
2026-09-25;2026-09-30;2026-09-30 23:30:00;23:30:00;0,0;1;SE;Sudeste;MGD;PERFIL
2026-09-25;2026-10-01;2026-10-01 00:00:00;00:00:00;0,0;1;SE;Sudeste;MGD;PERFIL
2026-09-25;2026-10-01;2026-10-01 00:30:00;00:30:00;0,0;1;SE;Sudeste;MGD;PERFIL
2026-09-25;2026-10-01;2026-10-01 01:00:00;01:00:00;0,0;1;SE;Sudeste;MGD;PERFIL
2026-09-25;2026-10-01;2026-10-01 01:30:00;01:30:00;0,0;1;SE;Sudeste;MGD;PERFIL
2026-09-25;2026-10-01;2026-10-01 02:00:00;02:00:00;0,0;1;SE;Sudeste;MGD;PERFIL
2026-09-25;2026-10-01;2026-10-01 02:30:00;02:30:00;0,0;1;SE;Sudeste;MGD;PERFIL
2026-09-25;2026-10-01;2026-10-01 03:00:00;03:00:00;0,0;1;SE;Sudeste;MGD;PERFIL
2026-09-25;2026-10-01;2026-10-01 03:30:00;03:30:00;0,0;1;SE;Sudeste;MGD;PERFIL
2026-09-25;2026-10-01;2026-10-01 04:00:00;04:00:00;0,0;1;SE;Sudeste;MGD;PERFIL
2026-09-25;2026-10-01;2026-10-01 04:30:00;04:30:00;0,0;1;SE;Sudeste;MGD;PERFIL
2026-09-25;2026-10-01;2026-10-01 05:00:00;05:00:00;0,0;1;SE;Sudeste;MGD;PERFIL
2026-09-25;2026-10-01;2026-10-01 05:30:00;05:30:00;3,074;1;SE;Sudeste;MGD;PERFIL
2026-09-25;2026-10-01;2026-10-01 06:00:00;06:00:00;295,879;1;SE;Sudeste;MGD;PERFIL
2026-09-25;2026-10-01;2026-10-01 06:30:00;06:30:00;1089,516;1;SE;Sudeste;MGD;PERFIL
2026-09-25;2026-10-01;2026-10-01 07:00:00;07:00:00;3034,69;1;SE;Sudeste;MGD;PERFIL
2026-09-25;2026-10-01;2026-10-01 07:30:00;07:30:00;4995,914;1;SE;Sudeste;MGD;PERFIL
2026-09-25;2026-10-01;2026-10-01 08:00:00;08:00:00;7287,668;1;SE;Sudeste;MGD;PERFIL
2026-09-25;2026-10-01;2026-10-01 08:30:00;08:30:00;9448,392;1;SE;Sudeste;MGD;PERFIL
2026-09-25;2026-10-01;2026-10-01 09:00:00;09:00:00;11484,546;1;SE;Sudeste;MGD;PERFIL
2026-09-25;2026-10-01;2026-10-01 09:30:00;09:30:00;13310,089;1;SE;Sudeste;MGD;PERFIL
2026-09-25;2026-10-01;2026-10-01 10:00:00;10:00:00;14889,191;1;SE;Sudeste;MGD;PERFIL
2026-09-25;2026-10-01;2026-10-01 10:30:00;10:30:00;16118,366;1;SE;Sudeste;MGD;PERFIL
2026-09-25;2026-10-01;2026-10-01 11:00:00;11:00:00;16969,387;1;SE;Sudeste;MGD;PERFIL
2026-09-25;2026-10-01;2026-10-01 11:30:00;11:30:00;17397,323;1;SE;Sudeste;MGD;PERFIL
2026-09-25;2026-10-01;2026-10-01 12:00:00;12:00:00;17407,674;1;SE;Sudeste;MGD;PERFIL
2026-09-25;2026-10-01;2026-10-01 12:30:00;12:30:00;17083,876;1;SE;Sudeste;MGD;PERFIL
2026-09-25;2026-10-01;2026-10-01 13:00:00;13:00:00;16430,744;1;SE;Sudeste;MGD;PERFIL
2026-09-25;2026-10-01;2026-10-01 13:30:00;13:30:00;15409,45;1;SE;Sudeste;MGD;PERFIL
2026-09-25;2026-10-01;2026-10-01 14:00:00;14:00:00;14045,604;1;SE;Sudeste;MGD;PERFIL
2026-09-25;2026-10-01;2026-10-01 14:30:00;14:30:00;12416,537;1;SE;Sudeste;MGD;PERFIL
2026-09-25;2026-10-01;2026-10-01 15:00:00;15:00:00;10550,094;1;SE;Sudeste;MGD;PERFIL
2026-09-25;2026-10-01;2026-10-01 15:30:00;15:30:00;8586,166;1;SE;Sudeste;MGD;PERFIL
2026-09-25;2026-10-01;2026-10-01 16:00:00;16:00:00;6518,565;1;SE;Sudeste;MGD;PERFIL
2026-09-25;2026-10-01;2026-10-01 16:30:00;16:30:00;4488,355;1;SE;Sudeste;MGD;PERFIL
2026-09-25;2026-10-01;2026-10-01 17:00:00;17:00:00;2376,243;1;SE;Sudeste;MGD;PERFIL
2026-09-25;2026-10-01;2026-10-01 17:30:00;17:30:00;1048,17;1;SE;Sudeste;MGD;PERFIL
2026-09-25;2026-10-01;2026-10-01 18:00:00;18:00:00;212,469;1;SE;Sudeste;MGD;PERFIL
2026-09-25;2026-10-01;2026-10-01 18:30:00;18:30:00;34,534;1;SE;Sudeste;MGD;PERFIL
2026-09-25;2026-10-01;2026-10-01 19:00:00;19:00:00;1,487;1;SE;Sudeste;MGD;PERFIL
2026-09-25;2026-10-01;2026-10-01 19:30:00;19:30:00;0,0;1;SE;Sudeste;MGD;PERFIL
2026-09-25;2026-10-01;2026-10-01 20:00:00;20:00:00;0,0;1;SE;Sudeste;MGD;PERFIL
2026-09-25;2026-10-01;2026-10-01 20:30:00;20:30:00;0,0;1;SE;Sudeste;MGD;PERFIL
2026-09-25;2026-10-01;2026-10-01 21:00:00;21:00:00;0,0;1;SE;Sudeste;MGD;PERFIL
2026-09-25;2026-10-01;2026-10-01 21:30:00;21:30:00;0,0;1;SE;Sudeste;MGD;PERFIL
2026-09-25;2026-10-01;2026-10-01 22:00:00;22:00:00;0,0;1;SE;Sudeste;MGD;PERFIL
2026-09-25;2026-10-01;2026-10-01 22:30:00;22:30:00;0,0;1;SE;Sudeste;MGD;PERFIL
2026-09-25;2026-10-01;2026-10-01 23:00:00;23:00:00;0,0;1;SE;Sudeste;MGD;PERFIL
2026-09-25;2026-10-01;2026-10-01 23:30:00;23:30:00;0,0;1;SE;Sudeste;MGD;PERFIL
2026-09-25;2026-10-02;2026-10-02 00:00:00;00:00:00;0,0;1;SE;Sudeste;MGD;PERFIL
2026-09-25;2026-10-02;2026-10-02 00:30:00;00:30:00;0,0;1;SE;Sudeste;MGD;PERFIL
2026-09-25;2026-10-02;2026-10-02 01:00:00;01:00:00;0,0;1;SE;Sudeste;MGD;PERFIL
2026-09-25;2026-10-02;2026-10-02 01:30:00;01:30:00;0,0;1;SE;Sudeste;MGD;PERFIL
2026-09-25;2026-10-02;2026-10-02 02:00:00;02:00:00;0,0;1;SE;Sudeste;MGD;PERFIL
2026-09-25;2026-10-02;2026-10-02 02:30:00;02:30:00;0,0;1;SE;Sudeste;MGD;PERFIL
2026-09-25;2026-10-02;2026-10-02 03:00:00;03:00:00;0,0;1;SE;Sudeste;MGD;PERFIL
2026-09-25;2026-10-02;2026-10-02 03:30:00;03:30:00;0,0;1;SE;Sudeste;MGD;PERFIL
2026-09-25;2026-10-02;2026-10-02 04:00:00;04:00:00;0,0;1;SE;Sudeste;MGD;PERFIL
2026-09-25;2026-10-02;2026-10-02 04:30:00;04:30:00;0,0;1;SE;Sudeste;MGD;PERFIL
2026-09-25;2026-10-02;2026-10-02 05:00:00;05:00:00;0,0;1;SE;Sudeste;MGD;PERFIL
2026-09-25;2026-10-02;2026-10-02 05:30:00;05:30:00;3,074;1;SE;Sudeste;MGD;PERFIL
2026-09-25;2026-10-02;2026-10-02 06:00:00;06:00:00;295,879;1;SE;Sudeste;MGD;PERFIL
2026-09-25;2026-10-02;2026-10-02 06:30:00;06:30:00;1089,516;1;SE;Sudeste;MGD;PERFIL
2026-09-25;2026-10-02;2026-10-02 07:00:00;07:00:00;3034,69;1;SE;Sudeste;MGD;PERFIL
2026-09-25;2026-10-02;2026-10-02 07:30:00;07:30:00;4995,914;1;SE;Sudeste;MGD;PERFIL
2026-09-25;2026-10-02;2026-10-02 08:00:00;08:00:00;7287,668;1;SE;Sudeste;MGD;PERFIL
2026-09-25;2026-10-02;2026-10-02 08:30:00;08:30:00;9448,392;1;SE;Sudeste;MGD;PERFIL
2026-09-25;2026-10-02;2026-10-02 09:00:00;09:00:00;11484,546;1;SE;Sudeste;MGD;PERFIL
2026-09-25;2026-10-02;2026-10-02 09:30:00;09:30:00;13310,089;1;SE;Sudeste;MGD;PERFIL
2026-09-25;2026-10-02;2026-10-02 10:00:00;10:00:00;14889,191;1;SE;Sudeste;MGD;PERFIL
2026-09-25;2026-10-02;2026-10-02 10:30:00;10:30:00;16118,366;1;SE;Sudeste;MGD;PERFIL
2026-09-25;2026-10-02;2026-10-02 11:00:00;11:00:00;16969,387;1;SE;Sudeste;MGD;PERFIL
2026-09-25;2026-10-02;2026-10-02 11:30:00;11:30:00;17397,323;1;SE;Sudeste;MGD;PERFIL
2026-09-25;2026-10-02;2026-10-02 12:00:00;12:00:00;17407,674;1;SE;Sudeste;MGD;PERFIL
2026-09-25;2026-10-02;2026-10-02 12:30:00;12:30:00;17083,876;1;SE;Sudeste;MGD;PERFIL
2026-09-25;2026-10-02;2026-10-02 13:00:00;13:00:00;16430,744;1;SE;Sudeste;MGD;PERFIL
2026-09-25;2026-10-02;2026-10-02 13:30:00;13:30:00;15409,45;1;SE;Sudeste;MGD;PERFIL
2026-09-25;2026-10-02;2026-10-02 14:00:00;14:00:00;14045,604;1;SE;Sudeste;MGD;PERFIL
2026-09-25;2026-10-02;2026-10-02 14:30:00;14:30:00;12416,537;1;SE;Sudeste;MGD;PERFIL
2026-09-25;2026-10-02;2026-10-02 15:00:00;15:00:00;10550,094;1;SE;Sudeste;MGD;PERFIL
2026-09-25;2026-10-02;2026-10-02 15:30:00;15:30:00;8586,166;1;SE;Sudeste;MGD;PERFIL
2026-09-25;2026-10-02;2026-10-02 16:00:00;16:00:00;6518,565;1;SE;Sudeste;MGD;PERFIL
2026-09-25;2026-10-02;2026-10-02 16:30:00;16:30:00;4488,355;1;SE;Sudeste;MGD;PERFIL
2026-09-25;2026-10-02;2026-10-02 17:00:00;17:00:00;2376,243;1;SE;Sudeste;MGD;PERFIL
2026-09-25;2026-10-02;2026-10-02 17:30:00;17:30:00;1048,17;1;SE;Sudeste;MGD;PERFIL
2026-09-25;2026-10-02;2026-10-02 18:00:00;18:00:00;212,469;1;SE;Sudeste;MGD;PERFIL
2026-09-25;2026-10-02;2026-10-02 18:30:00;18:30:00;34,534;1;SE;Sudeste;MGD;PERFIL
2026-09-25;2026-10-02;2026-10-02 19:00:00;19:00:00;1,487;1;SE;Sudeste;MGD;PERFIL
2026-09-25;2026-10-02;2026-10-02 19:30:00;19:30:00;0,0;1;SE;Sudeste;MGD;PERFIL
2026-09-25;2026-10-02;2026-10-02 20:00:00;20:00:00;0,0;1;SE;Sudeste;MGD;PERFIL
2026-09-25;2026-10-02;2026-10-02 20:30:00;20:30:00;0,0;1;SE;Sudeste;MGD;PERFIL
2026-09-25;2026-10-02;2026-10-02 21:00:00;21:00:00;0,0;1;SE;Sudeste;MGD;PERFIL
2026-09-25;2026-10-02;2026-10-02 21:30:00;21:30:00;0,0;1;SE;Sudeste;MGD;PERFIL
2026-09-25;2026-10-02;2026-10-02 22:00:00;22:00:00;0,0;1;SE;Sudeste;MGD;PERFIL
2026-09-25;2026-10-02;2026-10-02 22:30:00;22:30:00;0,0;1;SE;Sudeste;MGD;PERFIL
2026-09-25;2026-10-02;2026-10-02 23:00:00;23:00:00;0,0;1;SE;Sudeste;MGD;PERFIL
2026-09-25;2026-10-02;2026-10-02 23:30:00;23:30:00;0,0;1;SE;Sudeste;MGD;PERFIL
2026-09-25;2026-09-25;2026-09-25 00:00:00;00:00:00;9,0;4;N;Norte;PCH;DESSEM
2026-09-25;2026-09-25;2026-09-25 00:30:00;00:30:00;9,0;4;N;Norte;PCH;DESSEM
2026-09-25;2026-09-25;2026-09-25 01:00:00;01:00:00;9,0;4;N;Norte;PCH;DESSEM
2026-09-25;2026-09-25;2026-09-25 01:30:00;01:30:00;9,0;4;N;Norte;PCH;DESSEM
2026-09-25;2026-09-25;2026-09-25 02:00:00;02:00:00;9,0;4;N;Norte;PCH;DESSEM
2026-09-25;2026-09-25;2026-09-25 02:30:00;02:30:00;9,0;4;N;Norte;PCH;DESSEM
2026-09-25;2026-09-25;2026-09-25 03:00:00;03:00:00;9,0;4;N;Norte;PCH;DESSEM
2026-09-25;2026-09-25;2026-09-25 03:30:00;03:30:00;9,0;4;N;Norte;PCH;DESSEM
2026-09-25;2026-09-25;2026-09-25 04:00:00;04:00:00;9,0;4;N;Norte;PCH;DESSEM
2026-09-25;2026-09-25;2026-09-25 04:30:00;04:30:00;9,0;4;N;Norte;PCH;DESSEM
2026-09-25;2026-09-25;2026-09-25 05:00:00;05:00:00;9,0;4;N;Norte;PCH;DESSEM
2026-09-25;2026-09-25;2026-09-25 05:30:00;05:30:00;9,0;4;N;Norte;PCH;DESSEM
2026-09-25;2026-09-25;2026-09-25 06:00:00;06:00:00;9,0;4;N;Norte;PCH;DESSEM
2026-09-25;2026-09-25;2026-09-25 06:30:00;06:30:00;9,0;4;N;Norte;PCH;DESSEM
2026-09-25;2026-09-25;2026-09-25 07:00:00;07:00:00;9,0;4;N;Norte;PCH;DESSEM
2026-09-25;2026-09-25;2026-09-25 07:30:00;07:30:00;9,0;4;N;Norte;PCH;DESSEM
2026-09-25;2026-09-25;2026-09-25 08:00:00;08:00:00;9,0;4;N;Norte;PCH;DESSEM
2026-09-25;2026-09-25;2026-09-25 08:30:00;08:30:00;9,0;4;N;Norte;PCH;DESSEM
2026-09-25;2026-09-25;2026-09-25 09:00:00;09:00:00;9,0;4;N;Norte;PCH;DESSEM
2026-09-25;2026-09-25;2026-09-25 09:30:00;09:30:00;9,0;4;N;Norte;PCH;DESSEM
2026-09-25;2026-09-25;2026-09-25 10:00:00;10:00:00;9,0;4;N;Norte;PCH;DESSEM
2026-09-25;2026-09-25;2026-09-25 10:30:00;10:30:00;9,0;4;N;Norte;PCH;DESSEM
2026-09-25;2026-09-25;2026-09-25 11:00:00;11:00:00;9,0;4;N;Norte;PCH;DESSEM
2026-09-25;2026-09-25;2026-09-25 11:30:00;11:30:00;9,0;4;N;Norte;PCH;DESSEM
2026-09-25;2026-09-25;2026-09-25 12:00:00;12:00:00;9,0;4;N;Norte;PCH;DESSEM
2026-09-25;2026-09-25;2026-09-25 12:30:00;12:30:00;9,0;4;N;Norte;PCH;DESSEM
2026-09-25;2026-09-25;2026-09-25 13:00:00;13:00:00;9,0;4;N;Norte;PCH;DESSEM
2026-09-25;2026-09-25;2026-09-25 13:30:00;13:30:00;9,0;4;N;Norte;PCH;DESSEM
2026-09-25;2026-09-25;2026-09-25 14:00:00;14:00:00;9,0;4;N;Norte;PCH;DESSEM
2026-09-25;2026-09-25;2026-09-25 14:30:00;14:30:00;9,0;4;N;Norte;PCH;DESSEM
2026-09-25;2026-09-25;2026-09-25 15:00:00;15:00:00;9,0;4;N;Norte;PCH;DESSEM
2026-09-25;2026-09-25;2026-09-25 15:30:00;15:30:00;9,0;4;N;Norte;PCH;DESSEM
2026-09-25;2026-09-25;2026-09-25 16:00:00;16:00:00;9,0;4;N;Norte;PCH;DESSEM
2026-09-25;2026-09-25;2026-09-25 16:30:00;16:30:00;9,0;4;N;Norte;PCH;DESSEM
2026-09-25;2026-09-25;2026-09-25 17:00:00;17:00:00;9,0;4;N;Norte;PCH;DESSEM
2026-09-25;2026-09-25;2026-09-25 17:30:00;17:30:00;9,0;4;N;Norte;PCH;DESSEM
2026-09-25;2026-09-25;2026-09-25 18:00:00;18:00:00;10,0;4;N;Norte;PCH;DESSEM
2026-09-25;2026-09-25;2026-09-25 18:30:00;18:30:00;10,0;4;N;Norte;PCH;DESSEM
2026-09-25;2026-09-25;2026-09-25 19:00:00;19:00:00;10,0;4;N;Norte;PCH;DESSEM
2026-09-25;2026-09-25;2026-09-25 19:30:00;19:30:00;10,0;4;N;Norte;PCH;DESSEM
2026-09-25;2026-09-25;2026-09-25 20:00:00;20:00:00;10,0;4;N;Norte;PCH;DESSEM
2026-09-25;2026-09-25;2026-09-25 20:30:00;20:30:00;10,0;4;N;Norte;PCH;DESSEM
2026-09-25;2026-09-25;2026-09-25 21:00:00;21:00:00;10,0;4;N;Norte;PCH;DESSEM
2026-09-25;2026-09-25;2026-09-25 21:30:00;21:30:00;10,0;4;N;Norte;PCH;DESSEM
2026-09-25;2026-09-25;2026-09-25 22:00:00;22:00:00;10,0;4;N;Norte;PCH;DESSEM
2026-09-25;2026-09-25;2026-09-25 22:30:00;22:30:00;9,0;4;N;Norte;PCH;DESSEM
2026-09-25;2026-09-25;2026-09-25 23:00:00;23:00:00;9,0;4;N;Norte;PCH;DESSEM
2026-09-25;2026-09-25;2026-09-25 23:30:00;23:30:00;9,0;4;N;Norte;PCH;DESSEM
2026-09-25;2026-09-26;2026-09-26 00:00:00;00:00:00;9,563;4;N;Norte;PCH;PERFIL
2026-09-25;2026-09-26;2026-09-26 00:30:00;00:30:00;9,457;4;N;Norte;PCH;PERFIL
2026-09-25;2026-09-26;2026-09-26 01:00:00;01:00:00;9,246;4;N;Norte;PCH;PERFIL
2026-09-25;2026-09-26;2026-09-26 01:30:00;01:30:00;9,246;4;N;Norte;PCH;PERFIL
2026-09-25;2026-09-26;2026-09-26 02:00:00;02:00:00;9,246;4;N;Norte;PCH;PERFIL
2026-09-25;2026-09-26;2026-09-26 02:30:00;02:30:00;9,099;4;N;Norte;PCH;PERFIL
2026-09-25;2026-09-26;2026-09-26 03:00:00;03:00:00;9,099;4;N;Norte;PCH;PERFIL
2026-09-25;2026-09-26;2026-09-26 03:30:00;03:30:00;9,099;4;N;Norte;PCH;PERFIL
2026-09-25;2026-09-26;2026-09-26 04:00:00;04:00:00;9,099;4;N;Norte;PCH;PERFIL
2026-09-25;2026-09-26;2026-09-26 04:30:00;04:30:00;9,099;4;N;Norte;PCH;PERFIL
2026-09-25;2026-09-26;2026-09-26 05:00:00;05:00:00;9,099;4;N;Norte;PCH;PERFIL
2026-09-25;2026-09-26;2026-09-26 05:30:00;05:30:00;9,099;4;N;Norte;PCH;PERFIL
2026-09-25;2026-09-26;2026-09-26 06:00:00;06:00:00;9,099;4;N;Norte;PCH;PERFIL
2026-09-25;2026-09-26;2026-09-26 06:30:00;06:30:00;9,099;4;N;Norte;PCH;PERFIL
2026-09-25;2026-09-26;2026-09-26 07:00:00;07:00:00;9,068;4;N;Norte;PCH;PERFIL
2026-09-25;2026-09-26;2026-09-26 07:30:00;07:30:00;9,068;4;N;Norte;PCH;PERFIL
2026-09-25;2026-09-26;2026-09-26 08:00:00;08:00:00;8,899;4;N;Norte;PCH;PERFIL
2026-09-25;2026-09-26;2026-09-26 08:30:00;08:30:00;8,899;4;N;Norte;PCH;PERFIL
2026-09-25;2026-09-26;2026-09-26 09:00:00;09:00:00;8,752;4;N;Norte;PCH;PERFIL
2026-09-25;2026-09-26;2026-09-26 09:30:00;09:30:00;8,752;4;N;Norte;PCH;PERFIL
2026-09-25;2026-09-26;2026-09-26 10:00:00;10:00:00;8,752;4;N;Norte;PCH;PERFIL
2026-09-25;2026-09-26;2026-09-26 10:30:00;10:30:00;8,752;4;N;Norte;PCH;PERFIL
2026-09-25;2026-09-26;2026-09-26 11:00:00;11:00:00;8,752;4;N;Norte;PCH;PERFIL
2026-09-25;2026-09-26;2026-09-26 11:30:00;11:30:00;8,752;4;N;Norte;PCH;PERFIL
2026-09-25;2026-09-26;2026-09-26 12:00:00;12:00:00;8,752;4;N;Norte;PCH;PERFIL
2026-09-25;2026-09-26;2026-09-26 12:30:00;12:30:00;8,752;4;N;Norte;PCH;PERFIL
2026-09-25;2026-09-26;2026-09-26 13:00:00;13:00:00;8,752;4;N;Norte;PCH;PERFIL
2026-09-25;2026-09-26;2026-09-26 13:30:00;13:30:00;8,752;4;N;Norte;PCH;PERFIL
2026-09-25;2026-09-26;2026-09-26 14:00:00;14:00:00;8,752;4;N;Norte;PCH;PERFIL
2026-09-25;2026-09-26;2026-09-26 14:30:00;14:30:00;8,752;4;N;Norte;PCH;PERFIL
2026-09-25;2026-09-26;2026-09-26 15:00:00;15:00:00;9,068;4;N;Norte;PCH;PERFIL
2026-09-25;2026-09-26;2026-09-26 15:30:00;15:30:00;9,068;4;N;Norte;PCH;PERFIL
2026-09-25;2026-09-26;2026-09-26 16:00:00;16:00:00;9,099;4;N;Norte;PCH;PERFIL
2026-09-25;2026-09-26;2026-09-26 16:30:00;16:30:00;9,246;4;N;Norte;PCH;PERFIL
2026-09-25;2026-09-26;2026-09-26 17:00:00;17:00:00;9,563;4;N;Norte;PCH;PERFIL
2026-09-25;2026-09-26;2026-09-26 17:30:00;17:30:00;9,563;4;N;Norte;PCH;PERFIL
2026-09-25;2026-09-26;2026-09-26 18:00:00;18:00:00;9,67;4;N;Norte;PCH;PERFIL
2026-09-25;2026-09-26;2026-09-26 18:30:00;18:30:00;9,67;4;N;Norte;PCH;PERFIL
2026-09-25;2026-09-26;2026-09-26 19:00:00;19:00:00;9,67;4;N;Norte;PCH;PERFIL
2026-09-25;2026-09-26;2026-09-26 19:30:00;19:30:00;9,67;4;N;Norte;PCH;PERFIL
2026-09-25;2026-09-26;2026-09-26 20:00:00;20:00:00;9,701;4;N;Norte;PCH;PERFIL
2026-09-25;2026-09-26;2026-09-26 20:30:00;20:30:00;9,701;4;N;Norte;PCH;PERFIL
2026-09-25;2026-09-26;2026-09-26 21:00:00;21:00:00;9,67;4;N;Norte;PCH;PERFIL
2026-09-25;2026-09-26;2026-09-26 21:30:00;21:30:00;9,67;4;N;Norte;PCH;PERFIL
2026-09-25;2026-09-26;2026-09-26 22:00:00;22:00:00;9,67;4;N;Norte;PCH;PERFIL
2026-09-25;2026-09-26;2026-09-26 22:30:00;22:30:00;9,563;4;N;Norte;PCH;PERFIL
2026-09-25;2026-09-26;2026-09-26 23:00:00;23:00:00;9,563;4;N;Norte;PCH;PERFIL
2026-09-25;2026-09-26;2026-09-26 23:30:00;23:30:00;9,563;4;N;Norte;PCH;PERFIL
2026-09-25;2026-09-27;2026-09-27 00:00:00;00:00:00;9,563;4;N;Norte;PCH;PERFIL
2026-09-25;2026-09-27;2026-09-27 00:30:00;00:30:00;9,457;4;N;Norte;PCH;PERFIL
2026-09-25;2026-09-27;2026-09-27 01:00:00;01:00:00;9,246;4;N;Norte;PCH;PERFIL
2026-09-25;2026-09-27;2026-09-27 01:30:00;01:30:00;9,246;4;N;Norte;PCH;PERFIL
2026-09-25;2026-09-27;2026-09-27 02:00:00;02:00:00;9,246;4;N;Norte;PCH;PERFIL
2026-09-25;2026-09-27;2026-09-27 02:30:00;02:30:00;9,099;4;N;Norte;PCH;PERFIL
2026-09-25;2026-09-27;2026-09-27 03:00:00;03:00:00;9,099;4;N;Norte;PCH;PERFIL
2026-09-25;2026-09-27;2026-09-27 03:30:00;03:30:00;9,099;4;N;Norte;PCH;PERFIL
2026-09-25;2026-09-27;2026-09-27 04:00:00;04:00:00;9,099;4;N;Norte;PCH;PERFIL
2026-09-25;2026-09-27;2026-09-27 04:30:00;04:30:00;9,099;4;N;Norte;PCH;PERFIL
2026-09-25;2026-09-27;2026-09-27 05:00:00;05:00:00;9,099;4;N;Norte;PCH;PERFIL
2026-09-25;2026-09-27;2026-09-27 05:30:00;05:30:00;9,099;4;N;Norte;PCH;PERFIL
2026-09-25;2026-09-27;2026-09-27 06:00:00;06:00:00;9,099;4;N;Norte;PCH;PERFIL
2026-09-25;2026-09-27;2026-09-27 06:30:00;06:30:00;9,099;4;N;Norte;PCH;PERFIL
2026-09-25;2026-09-27;2026-09-27 07:00:00;07:00:00;9,068;4;N;Norte;PCH;PERFIL
2026-09-25;2026-09-27;2026-09-27 07:30:00;07:30:00;9,068;4;N;Norte;PCH;PERFIL
2026-09-25;2026-09-27;2026-09-27 08:00:00;08:00:00;8,899;4;N;Norte;PCH;PERFIL
2026-09-25;2026-09-27;2026-09-27 08:30:00;08:30:00;8,899;4;N;Norte;PCH;PERFIL
2026-09-25;2026-09-27;2026-09-27 09:00:00;09:00:00;8,752;4;N;Norte;PCH;PERFIL
2026-09-25;2026-09-27;2026-09-27 09:30:00;09:30:00;8,752;4;N;Norte;PCH;PERFIL
2026-09-25;2026-09-27;2026-09-27 10:00:00;10:00:00;8,752;4;N;Norte;PCH;PERFIL
2026-09-25;2026-09-27;2026-09-27 10:30:00;10:30:00;8,752;4;N;Norte;PCH;PERFIL
2026-09-25;2026-09-27;2026-09-27 11:00:00;11:00:00;8,752;4;N;Norte;PCH;PERFIL
2026-09-25;2026-09-27;2026-09-27 11:30:00;11:30:00;8,752;4;N;Norte;PCH;PERFIL
2026-09-25;2026-09-27;2026-09-27 12:00:00;12:00:00;8,752;4;N;Norte;PCH;PERFIL
2026-09-25;2026-09-27;2026-09-27 12:30:00;12:30:00;8,752;4;N;Norte;PCH;PERFIL
2026-09-25;2026-09-27;2026-09-27 13:00:00;13:00:00;8,752;4;N;Norte;PCH;PERFIL
2026-09-25;2026-09-27;2026-09-27 13:30:00;13:30:00;8,752;4;N;Norte;PCH;PERFIL
2026-09-25;2026-09-27;2026-09-27 14:00:00;14:00:00;8,752;4;N;Norte;PCH;PERFIL
2026-09-25;2026-09-27;2026-09-27 14:30:00;14:30:00;8,752;4;N;Norte;PCH;PERFIL
2026-09-25;2026-09-27;2026-09-27 15:00:00;15:00:00;9,068;4;N;Norte;PCH;PERFIL
2026-09-25;2026-09-27;2026-09-27 15:30:00;15:30:00;9,068;4;N;Norte;PCH;PERFIL
2026-09-25;2026-09-27;2026-09-27 16:00:00;16:00:00;9,099;4;N;Norte;PCH;PERFIL
2026-09-25;2026-09-27;2026-09-27 16:30:00;16:30:00;9,246;4;N;Norte;PCH;PERFIL
2026-09-25;2026-09-27;2026-09-27 17:00:00;17:00:00;9,563;4;N;Norte;PCH;PERFIL
2026-09-25;2026-09-27;2026-09-27 17:30:00;17:30:00;9,563;4;N;Norte;PCH;PERFIL
2026-09-25;2026-09-27;2026-09-27 18:00:00;18:00:00;9,67;4;N;Norte;PCH;PERFIL
2026-09-25;2026-09-27;2026-09-27 18:30:00;18:30:00;9,67;4;N;Norte;PCH;PERFIL
2026-09-25;2026-09-27;2026-09-27 19:00:00;19:00:00;9,67;4;N;Norte;PCH;PERFIL
2026-09-25;2026-09-27;2026-09-27 19:30:00;19:30:00;9,67;4;N;Norte;PCH;PERFIL
2026-09-25;2026-09-27;2026-09-27 20:00:00;20:00:00;9,701;4;N;Norte;PCH;PERFIL
2026-09-25;2026-09-27;2026-09-27 20:30:00;20:30:00;9,701;4;N;Norte;PCH;PERFIL
2026-09-25;2026-09-27;2026-09-27 21:00:00;21:00:00;9,67;4;N;Norte;PCH;PERFIL
2026-09-25;2026-09-27;2026-09-27 21:30:00;21:30:00;9,67;4;N;Norte;PCH;PERFIL
2026-09-25;2026-09-27;2026-09-27 22:00:00;22:00:00;9,67;4;N;Norte;PCH;PERFIL
2026-09-25;2026-09-27;2026-09-27 22:30:00;22:30:00;9,563;4;N;Norte;PCH;PERFIL
2026-09-25;2026-09-27;2026-09-27 23:00:00;23:00:00;9,563;4;N;Norte;PCH;PERFIL
2026-09-25;2026-09-27;2026-09-27 23:30:00;23:30:00;9,563;4;N;Norte;PCH;PERFIL
2026-09-25;2026-09-28;2026-09-28 00:00:00;00:00:00;9,563;4;N;Norte;PCH;PERFIL
2026-09-25;2026-09-28;2026-09-28 00:30:00;00:30:00;9,457;4;N;Norte;PCH;PERFIL
2026-09-25;2026-09-28;2026-09-28 01:00:00;01:00:00;9,246;4;N;Norte;PCH;PERFIL
2026-09-25;2026-09-28;2026-09-28 01:30:00;01:30:00;9,246;4;N;Norte;PCH;PERFIL
2026-09-25;2026-09-28;2026-09-28 02:00:00;02:00:00;9,246;4;N;Norte;PCH;PERFIL
2026-09-25;2026-09-28;2026-09-28 02:30:00;02:30:00;9,099;4;N;Norte;PCH;PERFIL
2026-09-25;2026-09-28;2026-09-28 03:00:00;03:00:00;9,099;4;N;Norte;PCH;PERFIL
2026-09-25;2026-09-28;2026-09-28 03:30:00;03:30:00;9,099;4;N;Norte;PCH;PERFIL
2026-09-25;2026-09-28;2026-09-28 04:00:00;04:00:00;9,099;4;N;Norte;PCH;PERFIL
2026-09-25;2026-09-28;2026-09-28 04:30:00;04:30:00;9,099;4;N;Norte;PCH;PERFIL
2026-09-25;2026-09-28;2026-09-28 05:00:00;05:00:00;9,099;4;N;Norte;PCH;PERFIL
2026-09-25;2026-09-28;2026-09-28 05:30:00;05:30:00;9,099;4;N;Norte;PCH;PERFIL
2026-09-25;2026-09-28;2026-09-28 06:00:00;06:00:00;9,099;4;N;Norte;PCH;PERFIL
2026-09-25;2026-09-28;2026-09-28 06:30:00;06:30:00;9,099;4;N;Norte;PCH;PERFIL
2026-09-25;2026-09-28;2026-09-28 07:00:00;07:00:00;9,068;4;N;Norte;PCH;PERFIL
2026-09-25;2026-09-28;2026-09-28 07:30:00;07:30:00;9,068;4;N;Norte;PCH;PERFIL
2026-09-25;2026-09-28;2026-09-28 08:00:00;08:00:00;8,899;4;N;Norte;PCH;PERFIL
2026-09-25;2026-09-28;2026-09-28 08:30:00;08:30:00;8,899;4;N;Norte;PCH;PERFIL
2026-09-25;2026-09-28;2026-09-28 09:00:00;09:00:00;8,752;4;N;Norte;PCH;PERFIL
2026-09-25;2026-09-28;2026-09-28 09:30:00;09:30:00;8,752;4;N;Norte;PCH;PERFIL
2026-09-25;2026-09-28;2026-09-28 10:00:00;10:00:00;8,752;4;N;Norte;PCH;PERFIL
2026-09-25;2026-09-28;2026-09-28 10:30:00;10:30:00;8,752;4;N;Norte;PCH;PERFIL
2026-09-25;2026-09-28;2026-09-28 11:00:00;11:00:00;8,752;4;N;Norte;PCH;PERFIL
2026-09-25;2026-09-28;2026-09-28 11:30:00;11:30:00;8,752;4;N;Norte;PCH;PERFIL
2026-09-25;2026-09-28;2026-09-28 12:00:00;12:00:00;8,752;4;N;Norte;PCH;PERFIL
2026-09-25;2026-09-28;2026-09-28 12:30:00;12:30:00;8,752;4;N;Norte;PCH;PERFIL
2026-09-25;2026-09-28;2026-09-28 13:00:00;13:00:00;8,752;4;N;Norte;PCH;PERFIL
2026-09-25;2026-09-28;2026-09-28 13:30:00;13:30:00;8,752;4;N;Norte;PCH;PERFIL
2026-09-25;2026-09-28;2026-09-28 14:00:00;14:00:00;8,752;4;N;Norte;PCH;PERFIL
2026-09-25;2026-09-28;2026-09-28 14:30:00;14:30:00;8,752;4;N;Norte;PCH;PERFIL
2026-09-25;2026-09-28;2026-09-28 15:00:00;15:00:00;9,068;4;N;Norte;PCH;PERFIL
2026-09-25;2026-09-28;2026-09-28 15:30:00;15:30:00;9,068;4;N;Norte;PCH;PERFIL
2026-09-25;2026-09-28;2026-09-28 16:00:00;16:00:00;9,099;4;N;Norte;PCH;PERFIL
2026-09-25;2026-09-28;2026-09-28 16:30:00;16:30:00;9,246;4;N;Norte;PCH;PERFIL
2026-09-25;2026-09-28;2026-09-28 17:00:00;17:00:00;9,563;4;N;Norte;PCH;PERFIL
2026-09-25;2026-09-28;2026-09-28 17:30:00;17:30:00;9,563;4;N;Norte;PCH;PERFIL
2026-09-25;2026-09-28;2026-09-28 18:00:00;18:00:00;9,67;4;N;Norte;PCH;PERFIL
2026-09-25;2026-09-28;2026-09-28 18:30:00;18:30:00;9,67;4;N;Norte;PCH;PERFIL
2026-09-25;2026-09-28;2026-09-28 19:00:00;19:00:00;9,67;4;N;Norte;PCH;PERFIL
2026-09-25;2026-09-28;2026-09-28 19:30:00;19:30:00;9,67;4;N;Norte;PCH;PERFIL
2026-09-25;2026-09-28;2026-09-28 20:00:00;20:00:00;9,701;4;N;Norte;PCH;PERFIL
2026-09-25;2026-09-28;2026-09-28 20:30:00;20:30:00;9,701;4;N;Norte;PCH;PERFIL
2026-09-25;2026-09-28;2026-09-28 21:00:00;21:00:00;9,67;4;N;Norte;PCH;PERFIL
2026-09-25;2026-09-28;2026-09-28 21:30:00;21:30:00;9,67;4;N;Norte;PCH;PERFIL
2026-09-25;2026-09-28;2026-09-28 22:00:00;22:00:00;9,67;4;N;Norte;PCH;PERFIL
2026-09-25;2026-09-28;2026-09-28 22:30:00;22:30:00;9,563;4;N;Norte;PCH;PERFIL
2026-09-25;2026-09-28;2026-09-28 23:00:00;23:00:00;9,563;4;N;Norte;PCH;PERFIL
2026-09-25;2026-09-28;2026-09-28 23:30:00;23:30:00;9,563;4;N;Norte;PCH;PERFIL
2026-09-25;2026-09-29;2026-09-29 00:00:00;00:00:00;9,563;4;N;Norte;PCH;PERFIL
2026-09-25;2026-09-29;2026-09-29 00:30:00;00:30:00;9,457;4;N;Norte;PCH;PERFIL
2026-09-25;2026-09-29;2026-09-29 01:00:00;01:00:00;9,246;4;N;Norte;PCH;PERFIL
2026-09-25;2026-09-29;2026-09-29 01:30:00;01:30:00;9,246;4;N;Norte;PCH;PERFIL
2026-09-25;2026-09-29;2026-09-29 02:00:00;02:00:00;9,246;4;N;Norte;PCH;PERFIL
2026-09-25;2026-09-29;2026-09-29 02:30:00;02:30:00;9,099;4;N;Norte;PCH;PERFIL
2026-09-25;2026-09-29;2026-09-29 03:00:00;03:00:00;9,099;4;N;Norte;PCH;PERFIL
2026-09-25;2026-09-29;2026-09-29 03:30:00;03:30:00;9,099;4;N;Norte;PCH;PERFIL
2026-09-25;2026-09-29;2026-09-29 04:00:00;04:00:00;9,099;4;N;Norte;PCH;PERFIL
2026-09-25;2026-09-29;2026-09-29 04:30:00;04:30:00;9,099;4;N;Norte;PCH;PERFIL
2026-09-25;2026-09-29;2026-09-29 05:00:00;05:00:00;9,099;4;N;Norte;PCH;PERFIL
2026-09-25;2026-09-29;2026-09-29 05:30:00;05:30:00;9,099;4;N;Norte;PCH;PERFIL
2026-09-25;2026-09-29;2026-09-29 06:00:00;06:00:00;9,099;4;N;Norte;PCH;PERFIL
2026-09-25;2026-09-29;2026-09-29 06:30:00;06:30:00;9,099;4;N;Norte;PCH;PERFIL
2026-09-25;2026-09-29;2026-09-29 07:00:00;07:00:00;9,068;4;N;Norte;PCH;PERFIL
2026-09-25;2026-09-29;2026-09-29 07:30:00;07:30:00;9,068;4;N;Norte;PCH;PERFIL
2026-09-25;2026-09-29;2026-09-29 08:00:00;08:00:00;8,899;4;N;Norte;PCH;PERFIL
2026-09-25;2026-09-29;2026-09-29 08:30:00;08:30:00;8,899;4;N;Norte;PCH;PERFIL
2026-09-25;2026-09-29;2026-09-29 09:00:00;09:00:00;8,752;4;N;Norte;PCH;PERFIL
2026-09-25;2026-09-29;2026-09-29 09:30:00;09:30:00;8,752;4;N;Norte;PCH;PERFIL
2026-09-25;2026-09-29;2026-09-29 10:00:00;10:00:00;8,752;4;N;Norte;PCH;PERFIL
2026-09-25;2026-09-29;2026-09-29 10:30:00;10:30:00;8,752;4;N;Norte;PCH;PERFIL
2026-09-25;2026-09-29;2026-09-29 11:00:00;11:00:00;8,752;4;N;Norte;PCH;PERFIL
2026-09-25;2026-09-29;2026-09-29 11:30:00;11:30:00;8,752;4;N;Norte;PCH;PERFIL
2026-09-25;2026-09-29;2026-09-29 12:00:00;12:00:00;8,752;4;N;Norte;PCH;PERFIL
2026-09-25;2026-09-29;2026-09-29 12:30:00;12:30:00;8,752;4;N;Norte;PCH;PERFIL
2026-09-25;2026-09-29;2026-09-29 13:00:00;13:00:00;8,752;4;N;Norte;PCH;PERFIL
2026-09-25;2026-09-29;2026-09-29 13:30:00;13:30:00;8,752;4;N;Norte;PCH;PERFIL
2026-09-25;2026-09-29;2026-09-29 14:00:00;14:00:00;8,752;4;N;Norte;PCH;PERFIL
2026-09-25;2026-09-29;2026-09-29 14:30:00;14:30:00;8,752;4;N;Norte;PCH;PERFIL
2026-09-25;2026-09-29;2026-09-29 15:00:00;15:00:00;9,068;4;N;Norte;PCH;PERFIL
2026-09-25;2026-09-29;2026-09-29 15:30:00;15:30:00;9,068;4;N;Norte;PCH;PERFIL
2026-09-25;2026-09-29;2026-09-29 16:00:00;16:00:00;9,099;4;N;Norte;PCH;PERFIL
2026-09-25;2026-09-29;2026-09-29 16:30:00;16:30:00;9,246;4;N;Norte;PCH;PERFIL
2026-09-25;2026-09-29;2026-09-29 17:00:00;17:00:00;9,563;4;N;Norte;PCH;PERFIL
2026-09-25;2026-09-29;2026-09-29 17:30:00;17:30:00;9,563;4;N;Norte;PCH;PERFIL
2026-09-25;2026-09-29;2026-09-29 18:00:00;18:00:00;9,67;4;N;Norte;PCH;PERFIL
2026-09-25;2026-09-29;2026-09-29 18:30:00;18:30:00;9,67;4;N;Norte;PCH;PERFIL
2026-09-25;2026-09-29;2026-09-29 19:00:00;19:00:00;9,67;4;N;Norte;PCH;PERFIL
2026-09-25;2026-09-29;2026-09-29 19:30:00;19:30:00;9,67;4;N;Norte;PCH;PERFIL
2026-09-25;2026-09-29;2026-09-29 20:00:00;20:00:00;9,701;4;N;Norte;PCH;PERFIL
2026-09-25;2026-09-29;2026-09-29 20:30:00;20:30:00;9,701;4;N;Norte;PCH;PERFIL
2026-09-25;2026-09-29;2026-09-29 21:00:00;21:00:00;9,67;4;N;Norte;PCH;PERFIL
2026-09-25;2026-09-29;2026-09-29 21:30:00;21:30:00;9,67;4;N;Norte;PCH;PERFIL
2026-09-25;2026-09-29;2026-09-29 22:00:00;22:00:00;9,67;4;N;Norte;PCH;PERFIL
2026-09-25;2026-09-29;2026-09-29 22:30:00;22:30:00;9,563;4;N;Norte;PCH;PERFIL
2026-09-25;2026-09-29;2026-09-29 23:00:00;23:00:00;9,563;4;N;Norte;PCH;PERFIL
2026-09-25;2026-09-29;2026-09-29 23:30:00;23:30:00;9,563;4;N;Norte;PCH;PERFIL
2026-09-25;2026-09-30;2026-09-30 00:00:00;00:00:00;9,563;4;N;Norte;PCH;PERFIL
2026-09-25;2026-09-30;2026-09-30 00:30:00;00:30:00;9,457;4;N;Norte;PCH;PERFIL
2026-09-25;2026-09-30;2026-09-30 01:00:00;01:00:00;9,246;4;N;Norte;PCH;PERFIL
2026-09-25;2026-09-30;2026-09-30 01:30:00;01:30:00;9,246;4;N;Norte;PCH;PERFIL
2026-09-25;2026-09-30;2026-09-30 02:00:00;02:00:00;9,246;4;N;Norte;PCH;PERFIL
2026-09-25;2026-09-30;2026-09-30 02:30:00;02:30:00;9,099;4;N;Norte;PCH;PERFIL
2026-09-25;2026-09-30;2026-09-30 03:00:00;03:00:00;9,099;4;N;Norte;PCH;PERFIL
2026-09-25;2026-09-30;2026-09-30 03:30:00;03:30:00;9,099;4;N;Norte;PCH;PERFIL
2026-09-25;2026-09-30;2026-09-30 04:00:00;04:00:00;9,099;4;N;Norte;PCH;PERFIL
2026-09-25;2026-09-30;2026-09-30 04:30:00;04:30:00;9,099;4;N;Norte;PCH;PERFIL
2026-09-25;2026-09-30;2026-09-30 05:00:00;05:00:00;9,099;4;N;Norte;PCH;PERFIL
2026-09-25;2026-09-30;2026-09-30 05:30:00;05:30:00;9,099;4;N;Norte;PCH;PERFIL
2026-09-25;2026-09-30;2026-09-30 06:00:00;06:00:00;9,099;4;N;Norte;PCH;PERFIL
2026-09-25;2026-09-30;2026-09-30 06:30:00;06:30:00;9,099;4;N;Norte;PCH;PERFIL
2026-09-25;2026-09-30;2026-09-30 07:00:00;07:00:00;9,068;4;N;Norte;PCH;PERFIL
2026-09-25;2026-09-30;2026-09-30 07:30:00;07:30:00;9,068;4;N;Norte;PCH;PERFIL
2026-09-25;2026-09-30;2026-09-30 08:00:00;08:00:00;8,899;4;N;Norte;PCH;PERFIL
2026-09-25;2026-09-30;2026-09-30 08:30:00;08:30:00;8,899;4;N;Norte;PCH;PERFIL
2026-09-25;2026-09-30;2026-09-30 09:00:00;09:00:00;8,752;4;N;Norte;PCH;PERFIL
2026-09-25;2026-09-30;2026-09-30 09:30:00;09:30:00;8,752;4;N;Norte;PCH;PERFIL
2026-09-25;2026-09-30;2026-09-30 10:00:00;10:00:00;8,752;4;N;Norte;PCH;PERFIL
2026-09-25;2026-09-30;2026-09-30 10:30:00;10:30:00;8,752;4;N;Norte;PCH;PERFIL
2026-09-25;2026-09-30;2026-09-30 11:00:00;11:00:00;8,752;4;N;Norte;PCH;PERFIL
2026-09-25;2026-09-30;2026-09-30 11:30:00;11:30:00;8,752;4;N;Norte;PCH;PERFIL
2026-09-25;2026-09-30;2026-09-30 12:00:00;12:00:00;8,752;4;N;Norte;PCH;PERFIL
2026-09-25;2026-09-30;2026-09-30 12:30:00;12:30:00;8,752;4;N;Norte;PCH;PERFIL
2026-09-25;2026-09-30;2026-09-30 13:00:00;13:00:00;8,752;4;N;Norte;PCH;PERFIL
2026-09-25;2026-09-30;2026-09-30 13:30:00;13:30:00;8,752;4;N;Norte;PCH;PERFIL
2026-09-25;2026-09-30;2026-09-30 14:00:00;14:00:00;8,752;4;N;Norte;PCH;PERFIL
2026-09-25;2026-09-30;2026-09-30 14:30:00;14:30:00;8,752;4;N;Norte;PCH;PERFIL
2026-09-25;2026-09-30;2026-09-30 15:00:00;15:00:00;9,068;4;N;Norte;PCH;PERFIL
2026-09-25;2026-09-30;2026-09-30 15:30:00;15:30:00;9,068;4;N;Norte;PCH;PERFIL
2026-09-25;2026-09-30;2026-09-30 16:00:00;16:00:00;9,099;4;N;Norte;PCH;PERFIL
2026-09-25;2026-09-30;2026-09-30 16:30:00;16:30:00;9,246;4;N;Norte;PCH;PERFIL
2026-09-25;2026-09-30;2026-09-30 17:00:00;17:00:00;9,563;4;N;Norte;PCH;PERFIL
2026-09-25;2026-09-30;2026-09-30 17:30:00;17:30:00;9,563;4;N;Norte;PCH;PERFIL
2026-09-25;2026-09-30;2026-09-30 18:00:00;18:00:00;9,67;4;N;Norte;PCH;PERFIL
2026-09-25;2026-09-30;2026-09-30 18:30:00;18:30:00;9,67;4;N;Norte;PCH;PERFIL
2026-09-25;2026-09-30;2026-09-30 19:00:00;19:00:00;9,67;4;N;Norte;PCH;PERFIL
2026-09-25;2026-09-30;2026-09-30 19:30:00;19:30:00;9,67;4;N;Norte;PCH;PERFIL
2026-09-25;2026-09-30;2026-09-30 20:00:00;20:00:00;9,701;4;N;Norte;PCH;PERFIL
2026-09-25;2026-09-30;2026-09-30 20:30:00;20:30:00;9,701;4;N;Norte;PCH;PERFIL
2026-09-25;2026-09-30;2026-09-30 21:00:00;21:00:00;9,67;4;N;Norte;PCH;PERFIL
2026-09-25;2026-09-30;2026-09-30 21:30:00;21:30:00;9,67;4;N;Norte;PCH;PERFIL
2026-09-25;2026-09-30;2026-09-30 22:00:00;22:00:00;9,67;4;N;Norte;PCH;PERFIL
2026-09-25;2026-09-30;2026-09-30 22:30:00;22:30:00;9,563;4;N;Norte;PCH;PERFIL
2026-09-25;2026-09-30;2026-09-30 23:00:00;23:00:00;9,563;4;N;Norte;PCH;PERFIL
2026-09-25;2026-09-30;2026-09-30 23:30:00;23:30:00;9,563;4;N;Norte;PCH;PERFIL
2026-09-25;2026-10-01;2026-10-01 00:00:00;00:00:00;9,563;4;N;Norte;PCH;PERFIL
2026-09-25;2026-10-01;2026-10-01 00:30:00;00:30:00;9,457;4;N;Norte;PCH;PERFIL
2026-09-25;2026-10-01;2026-10-01 01:00:00;01:00:00;9,246;4;N;Norte;PCH;PERFIL
2026-09-25;2026-10-01;2026-10-01 01:30:00;01:30:00;9,246;4;N;Norte;PCH;PERFIL
2026-09-25;2026-10-01;2026-10-01 02:00:00;02:00:00;9,246;4;N;Norte;PCH;PERFIL
2026-09-25;2026-10-01;2026-10-01 02:30:00;02:30:00;9,099;4;N;Norte;PCH;PERFIL
2026-09-25;2026-10-01;2026-10-01 03:00:00;03:00:00;9,099;4;N;Norte;PCH;PERFIL
2026-09-25;2026-10-01;2026-10-01 03:30:00;03:30:00;9,099;4;N;Norte;PCH;PERFIL
2026-09-25;2026-10-01;2026-10-01 04:00:00;04:00:00;9,099;4;N;Norte;PCH;PERFIL
2026-09-25;2026-10-01;2026-10-01 04:30:00;04:30:00;9,099;4;N;Norte;PCH;PERFIL
2026-09-25;2026-10-01;2026-10-01 05:00:00;05:00:00;9,099;4;N;Norte;PCH;PERFIL
2026-09-25;2026-10-01;2026-10-01 05:30:00;05:30:00;9,099;4;N;Norte;PCH;PERFIL
2026-09-25;2026-10-01;2026-10-01 06:00:00;06:00:00;9,099;4;N;Norte;PCH;PERFIL
2026-09-25;2026-10-01;2026-10-01 06:30:00;06:30:00;9,099;4;N;Norte;PCH;PERFIL
2026-09-25;2026-10-01;2026-10-01 07:00:00;07:00:00;9,068;4;N;Norte;PCH;PERFIL
2026-09-25;2026-10-01;2026-10-01 07:30:00;07:30:00;9,068;4;N;Norte;PCH;PERFIL
2026-09-25;2026-10-01;2026-10-01 08:00:00;08:00:00;8,899;4;N;Norte;PCH;PERFIL
2026-09-25;2026-10-01;2026-10-01 08:30:00;08:30:00;8,899;4;N;Norte;PCH;PERFIL
2026-09-25;2026-10-01;2026-10-01 09:00:00;09:00:00;8,752;4;N;Norte;PCH;PERFIL
2026-09-25;2026-10-01;2026-10-01 09:30:00;09:30:00;8,752;4;N;Norte;PCH;PERFIL
2026-09-25;2026-10-01;2026-10-01 10:00:00;10:00:00;8,752;4;N;Norte;PCH;PERFIL
2026-09-25;2026-10-01;2026-10-01 10:30:00;10:30:00;8,752;4;N;Norte;PCH;PERFIL
2026-09-25;2026-10-01;2026-10-01 11:00:00;11:00:00;8,752;4;N;Norte;PCH;PERFIL
2026-09-25;2026-10-01;2026-10-01 11:30:00;11:30:00;8,752;4;N;Norte;PCH;PERFIL
2026-09-25;2026-10-01;2026-10-01 12:00:00;12:00:00;8,752;4;N;Norte;PCH;PERFIL
2026-09-25;2026-10-01;2026-10-01 12:30:00;12:30:00;8,752;4;N;Norte;PCH;PERFIL
2026-09-25;2026-10-01;2026-10-01 13:00:00;13:00:00;8,752;4;N;Norte;PCH;PERFIL
2026-09-25;2026-10-01;2026-10-01 13:30:00;13:30:00;8,752;4;N;Norte;PCH;PERFIL
2026-09-25;2026-10-01;2026-10-01 14:00:00;14:00:00;8,752;4;N;Norte;PCH;PERFIL
2026-09-25;2026-10-01;2026-10-01 14:30:00;14:30:00;8,752;4;N;Norte;PCH;PERFIL
2026-09-25;2026-10-01;2026-10-01 15:00:00;15:00:00;9,068;4;N;Norte;PCH;PERFIL
2026-09-25;2026-10-01;2026-10-01 15:30:00;15:30:00;9,068;4;N;Norte;PCH;PERFIL
2026-09-25;2026-10-01;2026-10-01 16:00:00;16:00:00;9,099;4;N;Norte;PCH;PERFIL
2026-09-25;2026-10-01;2026-10-01 16:30:00;16:30:00;9,246;4;N;Norte;PCH;PERFIL
2026-09-25;2026-10-01;2026-10-01 17:00:00;17:00:00;9,563;4;N;Norte;PCH;PERFIL
2026-09-25;2026-10-01;2026-10-01 17:30:00;17:30:00;9,563;4;N;Norte;PCH;PERFIL
2026-09-25;2026-10-01;2026-10-01 18:00:00;18:00:00;9,67;4;N;Norte;PCH;PERFIL
2026-09-25;2026-10-01;2026-10-01 18:30:00;18:30:00;9,67;4;N;Norte;PCH;PERFIL
2026-09-25;2026-10-01;2026-10-01 19:00:00;19:00:00;9,67;4;N;Norte;PCH;PERFIL
2026-09-25;2026-10-01;2026-10-01 19:30:00;19:30:00;9,67;4;N;Norte;PCH;PERFIL
2026-09-25;2026-10-01;2026-10-01 20:00:00;20:00:00;9,701;4;N;Norte;PCH;PERFIL
2026-09-25;2026-10-01;2026-10-01 20:30:00;20:30:00;9,701;4;N;Norte;PCH;PERFIL
2026-09-25;2026-10-01;2026-10-01 21:00:00;21:00:00;9,67;4;N;Norte;PCH;PERFIL
2026-09-25;2026-10-01;2026-10-01 21:30:00;21:30:00;9,67;4;N;Norte;PCH;PERFIL
2026-09-25;2026-10-01;2026-10-01 22:00:00;22:00:00;9,67;4;N;Norte;PCH;PERFIL
2026-09-25;2026-10-01;2026-10-01 22:30:00;22:30:00;9,563;4;N;Norte;PCH;PERFIL
2026-09-25;2026-10-01;2026-10-01 23:00:00;23:00:00;9,563;4;N;Norte;PCH;PERFIL
2026-09-25;2026-10-01;2026-10-01 23:30:00;23:30:00;9,563;4;N;Norte;PCH;PERFIL
2026-09-25;2026-10-02;2026-10-02 00:00:00;00:00:00;9,563;4;N;Norte;PCH;PERFIL
2026-09-25;2026-10-02;2026-10-02 00:30:00;00:30:00;9,457;4;N;Norte;PCH;PERFIL
2026-09-25;2026-10-02;2026-10-02 01:00:00;01:00:00;9,246;4;N;Norte;PCH;PERFIL
2026-09-25;2026-10-02;2026-10-02 01:30:00;01:30:00;9,246;4;N;Norte;PCH;PERFIL
2026-09-25;2026-10-02;2026-10-02 02:00:00;02:00:00;9,246;4;N;Norte;PCH;PERFIL
2026-09-25;2026-10-02;2026-10-02 02:30:00;02:30:00;9,099;4;N;Norte;PCH;PERFIL
2026-09-25;2026-10-02;2026-10-02 03:00:00;03:00:00;9,099;4;N;Norte;PCH;PERFIL
2026-09-25;2026-10-02;2026-10-02 03:30:00;03:30:00;9,099;4;N;Norte;PCH;PERFIL
2026-09-25;2026-10-02;2026-10-02 04:00:00;04:00:00;9,099;4;N;Norte;PCH;PERFIL
2026-09-25;2026-10-02;2026-10-02 04:30:00;04:30:00;9,099;4;N;Norte;PCH;PERFIL
2026-09-25;2026-10-02;2026-10-02 05:00:00;05:00:00;9,099;4;N;Norte;PCH;PERFIL
2026-09-25;2026-10-02;2026-10-02 05:30:00;05:30:00;9,099;4;N;Norte;PCH;PERFIL
2026-09-25;2026-10-02;2026-10-02 06:00:00;06:00:00;9,099;4;N;Norte;PCH;PERFIL
2026-09-25;2026-10-02;2026-10-02 06:30:00;06:30:00;9,099;4;N;Norte;PCH;PERFIL
2026-09-25;2026-10-02;2026-10-02 07:00:00;07:00:00;9,068;4;N;Norte;PCH;PERFIL
2026-09-25;2026-10-02;2026-10-02 07:30:00;07:30:00;9,068;4;N;Norte;PCH;PERFIL
2026-09-25;2026-10-02;2026-10-02 08:00:00;08:00:00;8,899;4;N;Norte;PCH;PERFIL
2026-09-25;2026-10-02;2026-10-02 08:30:00;08:30:00;8,899;4;N;Norte;PCH;PERFIL
2026-09-25;2026-10-02;2026-10-02 09:00:00;09:00:00;8,752;4;N;Norte;PCH;PERFIL
2026-09-25;2026-10-02;2026-10-02 09:30:00;09:30:00;8,752;4;N;Norte;PCH;PERFIL
2026-09-25;2026-10-02;2026-10-02 10:00:00;10:00:00;8,752;4;N;Norte;PCH;PERFIL
2026-09-25;2026-10-02;2026-10-02 10:30:00;10:30:00;8,752;4;N;Norte;PCH;PERFIL
2026-09-25;2026-10-02;2026-10-02 11:00:00;11:00:00;8,752;4;N;Norte;PCH;PERFIL
2026-09-25;2026-10-02;2026-10-02 11:30:00;11:30:00;8,752;4;N;Norte;PCH;PERFIL
2026-09-25;2026-10-02;2026-10-02 12:00:00;12:00:00;8,752;4;N;Norte;PCH;PERFIL
2026-09-25;2026-10-02;2026-10-02 12:30:00;12:30:00;8,752;4;N;Norte;PCH;PERFIL
2026-09-25;2026-10-02;2026-10-02 13:00:00;13:00:00;8,752;4;N;Norte;PCH;PERFIL
2026-09-25;2026-10-02;2026-10-02 13:30:00;13:30:00;8,752;4;N;Norte;PCH;PERFIL
2026-09-25;2026-10-02;2026-10-02 14:00:00;14:00:00;8,752;4;N;Norte;PCH;PERFIL
2026-09-25;2026-10-02;2026-10-02 14:30:00;14:30:00;8,752;4;N;Norte;PCH;PERFIL
2026-09-25;2026-10-02;2026-10-02 15:00:00;15:00:00;9,068;4;N;Norte;PCH;PERFIL
2026-09-25;2026-10-02;2026-10-02 15:30:00;15:30:00;9,068;4;N;Norte;PCH;PERFIL
2026-09-25;2026-10-02;2026-10-02 16:00:00;16:00:00;9,099;4;N;Norte;PCH;PERFIL
2026-09-25;2026-10-02;2026-10-02 16:30:00;16:30:00;9,246;4;N;Norte;PCH;PERFIL
2026-09-25;2026-10-02;2026-10-02 17:00:00;17:00:00;9,563;4;N;Norte;PCH;PERFIL
2026-09-25;2026-10-02;2026-10-02 17:30:00;17:30:00;9,563;4;N;Norte;PCH;PERFIL
2026-09-25;2026-10-02;2026-10-02 18:00:00;18:00:00;9,67;4;N;Norte;PCH;PERFIL
2026-09-25;2026-10-02;2026-10-02 18:30:00;18:30:00;9,67;4;N;Norte;PCH;PERFIL
2026-09-25;2026-10-02;2026-10-02 19:00:00;19:00:00;9,67;4;N;Norte;PCH;PERFIL
2026-09-25;2026-10-02;2026-10-02 19:30:00;19:30:00;9,67;4;N;Norte;PCH;PERFIL
2026-09-25;2026-10-02;2026-10-02 20:00:00;20:00:00;9,701;4;N;Norte;PCH;PERFIL
2026-09-25;2026-10-02;2026-10-02 20:30:00;20:30:00;9,701;4;N;Norte;PCH;PERFIL
2026-09-25;2026-10-02;2026-10-02 21:00:00;21:00:00;9,67;4;N;Norte;PCH;PERFIL
2026-09-25;2026-10-02;2026-10-02 21:30:00;21:30:00;9,67;4;N;Norte;PCH;PERFIL
2026-09-25;2026-10-02;2026-10-02 22:00:00;22:00:00;9,67;4;N;Norte;PCH;PERFIL
2026-09-25;2026-10-02;2026-10-02 22:30:00;22:30:00;9,563;4;N;Norte;PCH;PERFIL
2026-09-25;2026-10-02;2026-10-02 23:00:00;23:00:00;9,563;4;N;Norte;PCH;PERFIL
2026-09-25;2026-10-02;2026-10-02 23:30:00;23:30:00;9,563;4;N;Norte;PCH;PERFIL
2026-09-25;2026-09-25;2026-09-25 00:00:00;00:00:00;71,0;3;NE;Nordeste;PCH;DESSEM
2026-09-25;2026-09-25;2026-09-25 00:30:00;00:30:00;71,0;3;NE;Nordeste;PCH;DESSEM
2026-09-25;2026-09-25;2026-09-25 01:00:00;01:00:00;70,0;3;NE;Nordeste;PCH;DESSEM
2026-09-25;2026-09-25;2026-09-25 01:30:00;01:30:00;70,0;3;NE;Nordeste;PCH;DESSEM
2026-09-25;2026-09-25;2026-09-25 02:00:00;02:00:00;68,0;3;NE;Nordeste;PCH;DESSEM
2026-09-25;2026-09-25;2026-09-25 02:30:00;02:30:00;68,0;3;NE;Nordeste;PCH;DESSEM
2026-09-25;2026-09-25;2026-09-25 03:00:00;03:00:00;68,0;3;NE;Nordeste;PCH;DESSEM
2026-09-25;2026-09-25;2026-09-25 03:30:00;03:30:00;68,0;3;NE;Nordeste;PCH;DESSEM
2026-09-25;2026-09-25;2026-09-25 04:00:00;04:00:00;67,0;3;NE;Nordeste;PCH;DESSEM
2026-09-25;2026-09-25;2026-09-25 04:30:00;04:30:00;67,0;3;NE;Nordeste;PCH;DESSEM
2026-09-25;2026-09-25;2026-09-25 05:00:00;05:00:00;66,0;3;NE;Nordeste;PCH;DESSEM
2026-09-25;2026-09-25;2026-09-25 05:30:00;05:30:00;66,0;3;NE;Nordeste;PCH;DESSEM
2026-09-25;2026-09-25;2026-09-25 06:00:00;06:00:00;66,0;3;NE;Nordeste;PCH;DESSEM
2026-09-25;2026-09-25;2026-09-25 06:30:00;06:30:00;66,0;3;NE;Nordeste;PCH;DESSEM
2026-09-25;2026-09-25;2026-09-25 07:00:00;07:00:00;66,0;3;NE;Nordeste;PCH;DESSEM
2026-09-25;2026-09-25;2026-09-25 07:30:00;07:30:00;65,0;3;NE;Nordeste;PCH;DESSEM
2026-09-25;2026-09-25;2026-09-25 08:00:00;08:00:00;65,0;3;NE;Nordeste;PCH;DESSEM
2026-09-25;2026-09-25;2026-09-25 08:30:00;08:30:00;64,0;3;NE;Nordeste;PCH;DESSEM
2026-09-25;2026-09-25;2026-09-25 09:00:00;09:00:00;64,0;3;NE;Nordeste;PCH;DESSEM
2026-09-25;2026-09-25;2026-09-25 09:30:00;09:30:00;64,0;3;NE;Nordeste;PCH;DESSEM
2026-09-25;2026-09-25;2026-09-25 10:00:00;10:00:00;64,0;3;NE;Nordeste;PCH;DESSEM
2026-09-25;2026-09-25;2026-09-25 10:30:00;10:30:00;64,0;3;NE;Nordeste;PCH;DESSEM
2026-09-25;2026-09-25;2026-09-25 11:00:00;11:00:00;64,0;3;NE;Nordeste;PCH;DESSEM
2026-09-25;2026-09-25;2026-09-25 11:30:00;11:30:00;64,0;3;NE;Nordeste;PCH;DESSEM
2026-09-25;2026-09-25;2026-09-25 12:00:00;12:00:00;64,0;3;NE;Nordeste;PCH;DESSEM
2026-09-25;2026-09-25;2026-09-25 12:30:00;12:30:00;64,0;3;NE;Nordeste;PCH;DESSEM
2026-09-25;2026-09-25;2026-09-25 13:00:00;13:00:00;64,0;3;NE;Nordeste;PCH;DESSEM
2026-09-25;2026-09-25;2026-09-25 13:30:00;13:30:00;64,0;3;NE;Nordeste;PCH;DESSEM
2026-09-25;2026-09-25;2026-09-25 14:00:00;14:00:00;64,0;3;NE;Nordeste;PCH;DESSEM
2026-09-25;2026-09-25;2026-09-25 14:30:00;14:30:00;65,0;3;NE;Nordeste;PCH;DESSEM
2026-09-25;2026-09-25;2026-09-25 15:00:00;15:00:00;65,0;3;NE;Nordeste;PCH;DESSEM
2026-09-25;2026-09-25;2026-09-25 15:30:00;15:30:00;66,0;3;NE;Nordeste;PCH;DESSEM
2026-09-25;2026-09-25;2026-09-25 16:00:00;16:00:00;66,0;3;NE;Nordeste;PCH;DESSEM
2026-09-25;2026-09-25;2026-09-25 16:30:00;16:30:00;70,0;3;NE;Nordeste;PCH;DESSEM
2026-09-25;2026-09-25;2026-09-25 17:00:00;17:00:00;71,0;3;NE;Nordeste;PCH;DESSEM
2026-09-25;2026-09-25;2026-09-25 17:30:00;17:30:00;71,0;3;NE;Nordeste;PCH;DESSEM
2026-09-25;2026-09-25;2026-09-25 18:00:00;18:00:00;72,0;3;NE;Nordeste;PCH;DESSEM
2026-09-25;2026-09-25;2026-09-25 18:30:00;18:30:00;72,0;3;NE;Nordeste;PCH;DESSEM
2026-09-25;2026-09-25;2026-09-25 19:00:00;19:00:00;72,0;3;NE;Nordeste;PCH;DESSEM
2026-09-25;2026-09-25;2026-09-25 19:30:00;19:30:00;72,0;3;NE;Nordeste;PCH;DESSEM
2026-09-25;2026-09-25;2026-09-25 20:00:00;20:00:00;72,0;3;NE;Nordeste;PCH;DESSEM
2026-09-25;2026-09-25;2026-09-25 20:30:00;20:30:00;72,0;3;NE;Nordeste;PCH;DESSEM
2026-09-25;2026-09-25;2026-09-25 21:00:00;21:00:00;72,0;3;NE;Nordeste;PCH;DESSEM
2026-09-25;2026-09-25;2026-09-25 21:30:00;21:30:00;72,0;3;NE;Nordeste;PCH;DESSEM
2026-09-25;2026-09-25;2026-09-25 22:00:00;22:00:00;72,0;3;NE;Nordeste;PCH;DESSEM
2026-09-25;2026-09-25;2026-09-25 22:30:00;22:30:00;72,0;3;NE;Nordeste;PCH;DESSEM
2026-09-25;2026-09-25;2026-09-25 23:00:00;23:00:00;71,0;3;NE;Nordeste;PCH;DESSEM
2026-09-25;2026-09-25;2026-09-25 23:30:00;23:30:00;71,0;3;NE;Nordeste;PCH;DESSEM
2026-09-25;2026-09-26;2026-09-26 00:00:00;00:00:00;68,37;3;NE;Nordeste;PCH;PERFIL
2026-09-25;2026-09-26;2026-09-26 00:30:00;00:30:00;68,37;3;NE;Nordeste;PCH;PERFIL
2026-09-25;2026-09-26;2026-09-26 01:00:00;01:00:00;68,223;3;NE;Nordeste;PCH;PERFIL
2026-09-25;2026-09-26;2026-09-26 01:30:00;01:30:00;68,058;3;NE;Nordeste;PCH;PERFIL
2026-09-25;2026-09-26;2026-09-26 02:00:00;02:00:00;67,844;3;NE;Nordeste;PCH;PERFIL
2026-09-25;2026-09-26;2026-09-26 02:30:00;02:30:00;67,844;3;NE;Nordeste;PCH;PERFIL
2026-09-25;2026-09-26;2026-09-26 03:00:00;03:00:00;67,668;3;NE;Nordeste;PCH;PERFIL
2026-09-25;2026-09-26;2026-09-26 03:30:00;03:30:00;67,668;3;NE;Nordeste;PCH;PERFIL
2026-09-25;2026-09-26;2026-09-26 04:00:00;04:00:00;67,56;3;NE;Nordeste;PCH;PERFIL
2026-09-25;2026-09-26;2026-09-26 04:30:00;04:30:00;67,526;3;NE;Nordeste;PCH;PERFIL
2026-09-25;2026-09-26;2026-09-26 05:00:00;05:00:00;67,317;3;NE;Nordeste;PCH;PERFIL
2026-09-25;2026-09-26;2026-09-26 05:30:00;05:30:00;67,125;3;NE;Nordeste;PCH;PERFIL
2026-09-25;2026-09-26;2026-09-26 06:00:00;06:00:00;67,019;3;NE;Nordeste;PCH;PERFIL
2026-09-25;2026-09-26;2026-09-26 06:30:00;06:30:00;67,019;3;NE;Nordeste;PCH;PERFIL
2026-09-25;2026-09-26;2026-09-26 07:00:00;07:00:00;66,913;3;NE;Nordeste;PCH;PERFIL
2026-09-25;2026-09-26;2026-09-26 07:30:00;07:30:00;66,494;3;NE;Nordeste;PCH;PERFIL
2026-09-25;2026-09-26;2026-09-26 08:00:00;08:00:00;65,926;3;NE;Nordeste;PCH;PERFIL
2026-09-25;2026-09-26;2026-09-26 08:30:00;08:30:00;65,654;3;NE;Nordeste;PCH;PERFIL
2026-09-25;2026-09-26;2026-09-26 09:00:00;09:00:00;65,218;3;NE;Nordeste;PCH;PERFIL
2026-09-25;2026-09-26;2026-09-26 09:30:00;09:30:00;65,066;3;NE;Nordeste;PCH;PERFIL
2026-09-25;2026-09-26;2026-09-26 10:00:00;10:00:00;65,066;3;NE;Nordeste;PCH;PERFIL
2026-09-25;2026-09-26;2026-09-26 10:30:00;10:30:00;65,026;3;NE;Nordeste;PCH;PERFIL
2026-09-25;2026-09-26;2026-09-26 11:00:00;11:00:00;64,922;3;NE;Nordeste;PCH;PERFIL
2026-09-25;2026-09-26;2026-09-26 11:30:00;11:30:00;64,986;3;NE;Nordeste;PCH;PERFIL
2026-09-25;2026-09-26;2026-09-26 12:00:00;12:00:00;64,986;3;NE;Nordeste;PCH;PERFIL
2026-09-25;2026-09-26;2026-09-26 12:30:00;12:30:00;65,099;3;NE;Nordeste;PCH;PERFIL
2026-09-25;2026-09-26;2026-09-26 13:00:00;13:00:00;65,168;3;NE;Nordeste;PCH;PERFIL
2026-09-25;2026-09-26;2026-09-26 13:30:00;13:30:00;65,242;3;NE;Nordeste;PCH;PERFIL
2026-09-25;2026-09-26;2026-09-26 14:00:00;14:00:00;65,41;3;NE;Nordeste;PCH;PERFIL
2026-09-25;2026-09-26;2026-09-26 14:30:00;14:30:00;65,596;3;NE;Nordeste;PCH;PERFIL
2026-09-25;2026-09-26;2026-09-26 15:00:00;15:00:00;66,329;3;NE;Nordeste;PCH;PERFIL
2026-09-25;2026-09-26;2026-09-26 15:30:00;15:30:00;66,913;3;NE;Nordeste;PCH;PERFIL
2026-09-25;2026-09-26;2026-09-26 16:00:00;16:00:00;67,317;3;NE;Nordeste;PCH;PERFIL
2026-09-25;2026-09-26;2026-09-26 16:30:00;16:30:00;68,263;3;NE;Nordeste;PCH;PERFIL
2026-09-25;2026-09-26;2026-09-26 17:00:00;17:00:00;68,637;3;NE;Nordeste;PCH;PERFIL
2026-09-25;2026-09-26;2026-09-26 17:30:00;17:30:00;69,687;3;NE;Nordeste;PCH;PERFIL
2026-09-25;2026-09-26;2026-09-26 18:00:00;18:00:00;70,776;3;NE;Nordeste;PCH;PERFIL
2026-09-25;2026-09-26;2026-09-26 18:30:00;18:30:00;71,239;3;NE;Nordeste;PCH;PERFIL
2026-09-25;2026-09-26;2026-09-26 19:00:00;19:00:00;71,303;3;NE;Nordeste;PCH;PERFIL
2026-09-25;2026-09-26;2026-09-26 19:30:00;19:30:00;71,337;3;NE;Nordeste;PCH;PERFIL
2026-09-25;2026-09-26;2026-09-26 20:00:00;20:00:00;71,337;3;NE;Nordeste;PCH;PERFIL
2026-09-25;2026-09-26;2026-09-26 20:30:00;20:30:00;71,337;3;NE;Nordeste;PCH;PERFIL
2026-09-25;2026-09-26;2026-09-26 21:00:00;21:00:00;71,303;3;NE;Nordeste;PCH;PERFIL
2026-09-25;2026-09-26;2026-09-26 21:30:00;21:30:00;71,239;3;NE;Nordeste;PCH;PERFIL
2026-09-25;2026-09-26;2026-09-26 22:00:00;22:00:00;70,984;3;NE;Nordeste;PCH;PERFIL
2026-09-25;2026-09-26;2026-09-26 22:30:00;22:30:00;70,594;3;NE;Nordeste;PCH;PERFIL
2026-09-25;2026-09-26;2026-09-26 23:00:00;23:00:00;69,687;3;NE;Nordeste;PCH;PERFIL
2026-09-25;2026-09-26;2026-09-26 23:30:00;23:30:00;69,334;3;NE;Nordeste;PCH;PERFIL
2026-09-25;2026-09-27;2026-09-27 00:00:00;00:00:00;68,37;3;NE;Nordeste;PCH;PERFIL
2026-09-25;2026-09-27;2026-09-27 00:30:00;00:30:00;68,37;3;NE;Nordeste;PCH;PERFIL
2026-09-25;2026-09-27;2026-09-27 01:00:00;01:00:00;68,223;3;NE;Nordeste;PCH;PERFIL
2026-09-25;2026-09-27;2026-09-27 01:30:00;01:30:00;68,058;3;NE;Nordeste;PCH;PERFIL
2026-09-25;2026-09-27;2026-09-27 02:00:00;02:00:00;67,844;3;NE;Nordeste;PCH;PERFIL
2026-09-25;2026-09-27;2026-09-27 02:30:00;02:30:00;67,844;3;NE;Nordeste;PCH;PERFIL
2026-09-25;2026-09-27;2026-09-27 03:00:00;03:00:00;67,668;3;NE;Nordeste;PCH;PERFIL
2026-09-25;2026-09-27;2026-09-27 03:30:00;03:30:00;67,668;3;NE;Nordeste;PCH;PERFIL
2026-09-25;2026-09-27;2026-09-27 04:00:00;04:00:00;67,56;3;NE;Nordeste;PCH;PERFIL
2026-09-25;2026-09-27;2026-09-27 04:30:00;04:30:00;67,526;3;NE;Nordeste;PCH;PERFIL
2026-09-25;2026-09-27;2026-09-27 05:00:00;05:00:00;67,317;3;NE;Nordeste;PCH;PERFIL
2026-09-25;2026-09-27;2026-09-27 05:30:00;05:30:00;67,125;3;NE;Nordeste;PCH;PERFIL
2026-09-25;2026-09-27;2026-09-27 06:00:00;06:00:00;67,019;3;NE;Nordeste;PCH;PERFIL
2026-09-25;2026-09-27;2026-09-27 06:30:00;06:30:00;67,019;3;NE;Nordeste;PCH;PERFIL
2026-09-25;2026-09-27;2026-09-27 07:00:00;07:00:00;66,913;3;NE;Nordeste;PCH;PERFIL
2026-09-25;2026-09-27;2026-09-27 07:30:00;07:30:00;66,494;3;NE;Nordeste;PCH;PERFIL
2026-09-25;2026-09-27;2026-09-27 08:00:00;08:00:00;65,926;3;NE;Nordeste;PCH;PERFIL
2026-09-25;2026-09-27;2026-09-27 08:30:00;08:30:00;65,654;3;NE;Nordeste;PCH;PERFIL
2026-09-25;2026-09-27;2026-09-27 09:00:00;09:00:00;65,218;3;NE;Nordeste;PCH;PERFIL
2026-09-25;2026-09-27;2026-09-27 09:30:00;09:30:00;65,066;3;NE;Nordeste;PCH;PERFIL
2026-09-25;2026-09-27;2026-09-27 10:00:00;10:00:00;65,066;3;NE;Nordeste;PCH;PERFIL
2026-09-25;2026-09-27;2026-09-27 10:30:00;10:30:00;65,026;3;NE;Nordeste;PCH;PERFIL
2026-09-25;2026-09-27;2026-09-27 11:00:00;11:00:00;64,922;3;NE;Nordeste;PCH;PERFIL
2026-09-25;2026-09-27;2026-09-27 11:30:00;11:30:00;64,986;3;NE;Nordeste;PCH;PERFIL
2026-09-25;2026-09-27;2026-09-27 12:00:00;12:00:00;64,986;3;NE;Nordeste;PCH;PERFIL
2026-09-25;2026-09-27;2026-09-27 12:30:00;12:30:00;65,099;3;NE;Nordeste;PCH;PERFIL
2026-09-25;2026-09-27;2026-09-27 13:00:00;13:00:00;65,168;3;NE;Nordeste;PCH;PERFIL
2026-09-25;2026-09-27;2026-09-27 13:30:00;13:30:00;65,242;3;NE;Nordeste;PCH;PERFIL
2026-09-25;2026-09-27;2026-09-27 14:00:00;14:00:00;65,41;3;NE;Nordeste;PCH;PERFIL
2026-09-25;2026-09-27;2026-09-27 14:30:00;14:30:00;65,596;3;NE;Nordeste;PCH;PERFIL
2026-09-25;2026-09-27;2026-09-27 15:00:00;15:00:00;66,329;3;NE;Nordeste;PCH;PERFIL
2026-09-25;2026-09-27;2026-09-27 15:30:00;15:30:00;66,913;3;NE;Nordeste;PCH;PERFIL
2026-09-25;2026-09-27;2026-09-27 16:00:00;16:00:00;67,317;3;NE;Nordeste;PCH;PERFIL
2026-09-25;2026-09-27;2026-09-27 16:30:00;16:30:00;68,263;3;NE;Nordeste;PCH;PERFIL
2026-09-25;2026-09-27;2026-09-27 17:00:00;17:00:00;68,637;3;NE;Nordeste;PCH;PERFIL
2026-09-25;2026-09-27;2026-09-27 17:30:00;17:30:00;69,687;3;NE;Nordeste;PCH;PERFIL
2026-09-25;2026-09-27;2026-09-27 18:00:00;18:00:00;70,776;3;NE;Nordeste;PCH;PERFIL
2026-09-25;2026-09-27;2026-09-27 18:30:00;18:30:00;71,239;3;NE;Nordeste;PCH;PERFIL
2026-09-25;2026-09-27;2026-09-27 19:00:00;19:00:00;71,303;3;NE;Nordeste;PCH;PERFIL
2026-09-25;2026-09-27;2026-09-27 19:30:00;19:30:00;71,337;3;NE;Nordeste;PCH;PERFIL
2026-09-25;2026-09-27;2026-09-27 20:00:00;20:00:00;71,337;3;NE;Nordeste;PCH;PERFIL
2026-09-25;2026-09-27;2026-09-27 20:30:00;20:30:00;71,337;3;NE;Nordeste;PCH;PERFIL
2026-09-25;2026-09-27;2026-09-27 21:00:00;21:00:00;71,303;3;NE;Nordeste;PCH;PERFIL
2026-09-25;2026-09-27;2026-09-27 21:30:00;21:30:00;71,239;3;NE;Nordeste;PCH;PERFIL
2026-09-25;2026-09-27;2026-09-27 22:00:00;22:00:00;70,984;3;NE;Nordeste;PCH;PERFIL
2026-09-25;2026-09-27;2026-09-27 22:30:00;22:30:00;70,594;3;NE;Nordeste;PCH;PERFIL
2026-09-25;2026-09-27;2026-09-27 23:00:00;23:00:00;69,687;3;NE;Nordeste;PCH;PERFIL
2026-09-25;2026-09-27;2026-09-27 23:30:00;23:30:00;69,334;3;NE;Nordeste;PCH;PERFIL
2026-09-25;2026-09-28;2026-09-28 00:00:00;00:00:00;68,37;3;NE;Nordeste;PCH;PERFIL
2026-09-25;2026-09-28;2026-09-28 00:30:00;00:30:00;68,37;3;NE;Nordeste;PCH;PERFIL
2026-09-25;2026-09-28;2026-09-28 01:00:00;01:00:00;68,223;3;NE;Nordeste;PCH;PERFIL
2026-09-25;2026-09-28;2026-09-28 01:30:00;01:30:00;68,058;3;NE;Nordeste;PCH;PERFIL
2026-09-25;2026-09-28;2026-09-28 02:00:00;02:00:00;67,844;3;NE;Nordeste;PCH;PERFIL
2026-09-25;2026-09-28;2026-09-28 02:30:00;02:30:00;67,844;3;NE;Nordeste;PCH;PERFIL
2026-09-25;2026-09-28;2026-09-28 03:00:00;03:00:00;67,668;3;NE;Nordeste;PCH;PERFIL
2026-09-25;2026-09-28;2026-09-28 03:30:00;03:30:00;67,668;3;NE;Nordeste;PCH;PERFIL
2026-09-25;2026-09-28;2026-09-28 04:00:00;04:00:00;67,56;3;NE;Nordeste;PCH;PERFIL
2026-09-25;2026-09-28;2026-09-28 04:30:00;04:30:00;67,526;3;NE;Nordeste;PCH;PERFIL
2026-09-25;2026-09-28;2026-09-28 05:00:00;05:00:00;67,317;3;NE;Nordeste;PCH;PERFIL
2026-09-25;2026-09-28;2026-09-28 05:30:00;05:30:00;67,125;3;NE;Nordeste;PCH;PERFIL
2026-09-25;2026-09-28;2026-09-28 06:00:00;06:00:00;67,019;3;NE;Nordeste;PCH;PERFIL
2026-09-25;2026-09-28;2026-09-28 06:30:00;06:30:00;67,019;3;NE;Nordeste;PCH;PERFIL
2026-09-25;2026-09-28;2026-09-28 07:00:00;07:00:00;66,913;3;NE;Nordeste;PCH;PERFIL
2026-09-25;2026-09-28;2026-09-28 07:30:00;07:30:00;66,494;3;NE;Nordeste;PCH;PERFIL
2026-09-25;2026-09-28;2026-09-28 08:00:00;08:00:00;65,926;3;NE;Nordeste;PCH;PERFIL
2026-09-25;2026-09-28;2026-09-28 08:30:00;08:30:00;65,654;3;NE;Nordeste;PCH;PERFIL
2026-09-25;2026-09-28;2026-09-28 09:00:00;09:00:00;65,218;3;NE;Nordeste;PCH;PERFIL
2026-09-25;2026-09-28;2026-09-28 09:30:00;09:30:00;65,066;3;NE;Nordeste;PCH;PERFIL
2026-09-25;2026-09-28;2026-09-28 10:00:00;10:00:00;65,066;3;NE;Nordeste;PCH;PERFIL
2026-09-25;2026-09-28;2026-09-28 10:30:00;10:30:00;65,026;3;NE;Nordeste;PCH;PERFIL
2026-09-25;2026-09-28;2026-09-28 11:00:00;11:00:00;64,922;3;NE;Nordeste;PCH;PERFIL
2026-09-25;2026-09-28;2026-09-28 11:30:00;11:30:00;64,986;3;NE;Nordeste;PCH;PERFIL
2026-09-25;2026-09-28;2026-09-28 12:00:00;12:00:00;64,986;3;NE;Nordeste;PCH;PERFIL
2026-09-25;2026-09-28;2026-09-28 12:30:00;12:30:00;65,099;3;NE;Nordeste;PCH;PERFIL
2026-09-25;2026-09-28;2026-09-28 13:00:00;13:00:00;65,168;3;NE;Nordeste;PCH;PERFIL
2026-09-25;2026-09-28;2026-09-28 13:30:00;13:30:00;65,242;3;NE;Nordeste;PCH;PERFIL
2026-09-25;2026-09-28;2026-09-28 14:00:00;14:00:00;65,41;3;NE;Nordeste;PCH;PERFIL
2026-09-25;2026-09-28;2026-09-28 14:30:00;14:30:00;65,596;3;NE;Nordeste;PCH;PERFIL
2026-09-25;2026-09-28;2026-09-28 15:00:00;15:00:00;66,329;3;NE;Nordeste;PCH;PERFIL
2026-09-25;2026-09-28;2026-09-28 15:30:00;15:30:00;66,913;3;NE;Nordeste;PCH;PERFIL
2026-09-25;2026-09-28;2026-09-28 16:00:00;16:00:00;67,317;3;NE;Nordeste;PCH;PERFIL
2026-09-25;2026-09-28;2026-09-28 16:30:00;16:30:00;68,263;3;NE;Nordeste;PCH;PERFIL
2026-09-25;2026-09-28;2026-09-28 17:00:00;17:00:00;68,637;3;NE;Nordeste;PCH;PERFIL
2026-09-25;2026-09-28;2026-09-28 17:30:00;17:30:00;69,687;3;NE;Nordeste;PCH;PERFIL
2026-09-25;2026-09-28;2026-09-28 18:00:00;18:00:00;70,776;3;NE;Nordeste;PCH;PERFIL
2026-09-25;2026-09-28;2026-09-28 18:30:00;18:30:00;71,239;3;NE;Nordeste;PCH;PERFIL
2026-09-25;2026-09-28;2026-09-28 19:00:00;19:00:00;71,303;3;NE;Nordeste;PCH;PERFIL
2026-09-25;2026-09-28;2026-09-28 19:30:00;19:30:00;71,337;3;NE;Nordeste;PCH;PERFIL
2026-09-25;2026-09-28;2026-09-28 20:00:00;20:00:00;71,337;3;NE;Nordeste;PCH;PERFIL
2026-09-25;2026-09-28;2026-09-28 20:30:00;20:30:00;71,337;3;NE;Nordeste;PCH;PERFIL
2026-09-25;2026-09-28;2026-09-28 21:00:00;21:00:00;71,303;3;NE;Nordeste;PCH;PERFIL
2026-09-25;2026-09-28;2026-09-28 21:30:00;21:30:00;71,239;3;NE;Nordeste;PCH;PERFIL
2026-09-25;2026-09-28;2026-09-28 22:00:00;22:00:00;70,984;3;NE;Nordeste;PCH;PERFIL
2026-09-25;2026-09-28;2026-09-28 22:30:00;22:30:00;70,594;3;NE;Nordeste;PCH;PERFIL
2026-09-25;2026-09-28;2026-09-28 23:00:00;23:00:00;69,687;3;NE;Nordeste;PCH;PERFIL
2026-09-25;2026-09-28;2026-09-28 23:30:00;23:30:00;69,334;3;NE;Nordeste;PCH;PERFIL
2026-09-25;2026-09-29;2026-09-29 00:00:00;00:00:00;68,37;3;NE;Nordeste;PCH;PERFIL
2026-09-25;2026-09-29;2026-09-29 00:30:00;00:30:00;68,37;3;NE;Nordeste;PCH;PERFIL
2026-09-25;2026-09-29;2026-09-29 01:00:00;01:00:00;68,223;3;NE;Nordeste;PCH;PERFIL
2026-09-25;2026-09-29;2026-09-29 01:30:00;01:30:00;68,058;3;NE;Nordeste;PCH;PERFIL
2026-09-25;2026-09-29;2026-09-29 02:00:00;02:00:00;67,844;3;NE;Nordeste;PCH;PERFIL
2026-09-25;2026-09-29;2026-09-29 02:30:00;02:30:00;67,844;3;NE;Nordeste;PCH;PERFIL
2026-09-25;2026-09-29;2026-09-29 03:00:00;03:00:00;67,668;3;NE;Nordeste;PCH;PERFIL
2026-09-25;2026-09-29;2026-09-29 03:30:00;03:30:00;67,668;3;NE;Nordeste;PCH;PERFIL
2026-09-25;2026-09-29;2026-09-29 04:00:00;04:00:00;67,56;3;NE;Nordeste;PCH;PERFIL
2026-09-25;2026-09-29;2026-09-29 04:30:00;04:30:00;67,526;3;NE;Nordeste;PCH;PERFIL
2026-09-25;2026-09-29;2026-09-29 05:00:00;05:00:00;67,317;3;NE;Nordeste;PCH;PERFIL
2026-09-25;2026-09-29;2026-09-29 05:30:00;05:30:00;67,125;3;NE;Nordeste;PCH;PERFIL
2026-09-25;2026-09-29;2026-09-29 06:00:00;06:00:00;67,019;3;NE;Nordeste;PCH;PERFIL
2026-09-25;2026-09-29;2026-09-29 06:30:00;06:30:00;67,019;3;NE;Nordeste;PCH;PERFIL
2026-09-25;2026-09-29;2026-09-29 07:00:00;07:00:00;66,913;3;NE;Nordeste;PCH;PERFIL
2026-09-25;2026-09-29;2026-09-29 07:30:00;07:30:00;66,494;3;NE;Nordeste;PCH;PERFIL
2026-09-25;2026-09-29;2026-09-29 08:00:00;08:00:00;65,926;3;NE;Nordeste;PCH;PERFIL
2026-09-25;2026-09-29;2026-09-29 08:30:00;08:30:00;65,654;3;NE;Nordeste;PCH;PERFIL
2026-09-25;2026-09-29;2026-09-29 09:00:00;09:00:00;65,218;3;NE;Nordeste;PCH;PERFIL
2026-09-25;2026-09-29;2026-09-29 09:30:00;09:30:00;65,066;3;NE;Nordeste;PCH;PERFIL
2026-09-25;2026-09-29;2026-09-29 10:00:00;10:00:00;65,066;3;NE;Nordeste;PCH;PERFIL
2026-09-25;2026-09-29;2026-09-29 10:30:00;10:30:00;65,026;3;NE;Nordeste;PCH;PERFIL
2026-09-25;2026-09-29;2026-09-29 11:00:00;11:00:00;64,922;3;NE;Nordeste;PCH;PERFIL
2026-09-25;2026-09-29;2026-09-29 11:30:00;11:30:00;64,986;3;NE;Nordeste;PCH;PERFIL
2026-09-25;2026-09-29;2026-09-29 12:00:00;12:00:00;64,986;3;NE;Nordeste;PCH;PERFIL
2026-09-25;2026-09-29;2026-09-29 12:30:00;12:30:00;65,099;3;NE;Nordeste;PCH;PERFIL
2026-09-25;2026-09-29;2026-09-29 13:00:00;13:00:00;65,168;3;NE;Nordeste;PCH;PERFIL
2026-09-25;2026-09-29;2026-09-29 13:30:00;13:30:00;65,242;3;NE;Nordeste;PCH;PERFIL
2026-09-25;2026-09-29;2026-09-29 14:00:00;14:00:00;65,41;3;NE;Nordeste;PCH;PERFIL
2026-09-25;2026-09-29;2026-09-29 14:30:00;14:30:00;65,596;3;NE;Nordeste;PCH;PERFIL
2026-09-25;2026-09-29;2026-09-29 15:00:00;15:00:00;66,329;3;NE;Nordeste;PCH;PERFIL
2026-09-25;2026-09-29;2026-09-29 15:30:00;15:30:00;66,913;3;NE;Nordeste;PCH;PERFIL
2026-09-25;2026-09-29;2026-09-29 16:00:00;16:00:00;67,317;3;NE;Nordeste;PCH;PERFIL
2026-09-25;2026-09-29;2026-09-29 16:30:00;16:30:00;68,263;3;NE;Nordeste;PCH;PERFIL
2026-09-25;2026-09-29;2026-09-29 17:00:00;17:00:00;68,637;3;NE;Nordeste;PCH;PERFIL
2026-09-25;2026-09-29;2026-09-29 17:30:00;17:30:00;69,687;3;NE;Nordeste;PCH;PERFIL
2026-09-25;2026-09-29;2026-09-29 18:00:00;18:00:00;70,776;3;NE;Nordeste;PCH;PERFIL
2026-09-25;2026-09-29;2026-09-29 18:30:00;18:30:00;71,239;3;NE;Nordeste;PCH;PERFIL
2026-09-25;2026-09-29;2026-09-29 19:00:00;19:00:00;71,303;3;NE;Nordeste;PCH;PERFIL
2026-09-25;2026-09-29;2026-09-29 19:30:00;19:30:00;71,337;3;NE;Nordeste;PCH;PERFIL
2026-09-25;2026-09-29;2026-09-29 20:00:00;20:00:00;71,337;3;NE;Nordeste;PCH;PERFIL
2026-09-25;2026-09-29;2026-09-29 20:30:00;20:30:00;71,337;3;NE;Nordeste;PCH;PERFIL
2026-09-25;2026-09-29;2026-09-29 21:00:00;21:00:00;71,303;3;NE;Nordeste;PCH;PERFIL
2026-09-25;2026-09-29;2026-09-29 21:30:00;21:30:00;71,239;3;NE;Nordeste;PCH;PERFIL
2026-09-25;2026-09-29;2026-09-29 22:00:00;22:00:00;70,984;3;NE;Nordeste;PCH;PERFIL
2026-09-25;2026-09-29;2026-09-29 22:30:00;22:30:00;70,594;3;NE;Nordeste;PCH;PERFIL
2026-09-25;2026-09-29;2026-09-29 23:00:00;23:00:00;69,687;3;NE;Nordeste;PCH;PERFIL
2026-09-25;2026-09-29;2026-09-29 23:30:00;23:30:00;69,334;3;NE;Nordeste;PCH;PERFIL
2026-09-25;2026-09-30;2026-09-30 00:00:00;00:00:00;68,37;3;NE;Nordeste;PCH;PERFIL
2026-09-25;2026-09-30;2026-09-30 00:30:00;00:30:00;68,37;3;NE;Nordeste;PCH;PERFIL
2026-09-25;2026-09-30;2026-09-30 01:00:00;01:00:00;68,223;3;NE;Nordeste;PCH;PERFIL
2026-09-25;2026-09-30;2026-09-30 01:30:00;01:30:00;68,058;3;NE;Nordeste;PCH;PERFIL
2026-09-25;2026-09-30;2026-09-30 02:00:00;02:00:00;67,844;3;NE;Nordeste;PCH;PERFIL
2026-09-25;2026-09-30;2026-09-30 02:30:00;02:30:00;67,844;3;NE;Nordeste;PCH;PERFIL
2026-09-25;2026-09-30;2026-09-30 03:00:00;03:00:00;67,668;3;NE;Nordeste;PCH;PERFIL
2026-09-25;2026-09-30;2026-09-30 03:30:00;03:30:00;67,668;3;NE;Nordeste;PCH;PERFIL
2026-09-25;2026-09-30;2026-09-30 04:00:00;04:00:00;67,56;3;NE;Nordeste;PCH;PERFIL
2026-09-25;2026-09-30;2026-09-30 04:30:00;04:30:00;67,526;3;NE;Nordeste;PCH;PERFIL
2026-09-25;2026-09-30;2026-09-30 05:00:00;05:00:00;67,317;3;NE;Nordeste;PCH;PERFIL
2026-09-25;2026-09-30;2026-09-30 05:30:00;05:30:00;67,125;3;NE;Nordeste;PCH;PERFIL
2026-09-25;2026-09-30;2026-09-30 06:00:00;06:00:00;67,019;3;NE;Nordeste;PCH;PERFIL
2026-09-25;2026-09-30;2026-09-30 06:30:00;06:30:00;67,019;3;NE;Nordeste;PCH;PERFIL
2026-09-25;2026-09-30;2026-09-30 07:00:00;07:00:00;66,913;3;NE;Nordeste;PCH;PERFIL
2026-09-25;2026-09-30;2026-09-30 07:30:00;07:30:00;66,494;3;NE;Nordeste;PCH;PERFIL
2026-09-25;2026-09-30;2026-09-30 08:00:00;08:00:00;65,926;3;NE;Nordeste;PCH;PERFIL
2026-09-25;2026-09-30;2026-09-30 08:30:00;08:30:00;65,654;3;NE;Nordeste;PCH;PERFIL
2026-09-25;2026-09-30;2026-09-30 09:00:00;09:00:00;65,218;3;NE;Nordeste;PCH;PERFIL
2026-09-25;2026-09-30;2026-09-30 09:30:00;09:30:00;65,066;3;NE;Nordeste;PCH;PERFIL
2026-09-25;2026-09-30;2026-09-30 10:00:00;10:00:00;65,066;3;NE;Nordeste;PCH;PERFIL
2026-09-25;2026-09-30;2026-09-30 10:30:00;10:30:00;65,026;3;NE;Nordeste;PCH;PERFIL
2026-09-25;2026-09-30;2026-09-30 11:00:00;11:00:00;64,922;3;NE;Nordeste;PCH;PERFIL
2026-09-25;2026-09-30;2026-09-30 11:30:00;11:30:00;64,986;3;NE;Nordeste;PCH;PERFIL
2026-09-25;2026-09-30;2026-09-30 12:00:00;12:00:00;64,986;3;NE;Nordeste;PCH;PERFIL
2026-09-25;2026-09-30;2026-09-30 12:30:00;12:30:00;65,099;3;NE;Nordeste;PCH;PERFIL
2026-09-25;2026-09-30;2026-09-30 13:00:00;13:00:00;65,168;3;NE;Nordeste;PCH;PERFIL
2026-09-25;2026-09-30;2026-09-30 13:30:00;13:30:00;65,242;3;NE;Nordeste;PCH;PERFIL
2026-09-25;2026-09-30;2026-09-30 14:00:00;14:00:00;65,41;3;NE;Nordeste;PCH;PERFIL
2026-09-25;2026-09-30;2026-09-30 14:30:00;14:30:00;65,596;3;NE;Nordeste;PCH;PERFIL
2026-09-25;2026-09-30;2026-09-30 15:00:00;15:00:00;66,329;3;NE;Nordeste;PCH;PERFIL
2026-09-25;2026-09-30;2026-09-30 15:30:00;15:30:00;66,913;3;NE;Nordeste;PCH;PERFIL
2026-09-25;2026-09-30;2026-09-30 16:00:00;16:00:00;67,317;3;NE;Nordeste;PCH;PERFIL
2026-09-25;2026-09-30;2026-09-30 16:30:00;16:30:00;68,263;3;NE;Nordeste;PCH;PERFIL
2026-09-25;2026-09-30;2026-09-30 17:00:00;17:00:00;68,637;3;NE;Nordeste;PCH;PERFIL
2026-09-25;2026-09-30;2026-09-30 17:30:00;17:30:00;69,687;3;NE;Nordeste;PCH;PERFIL
2026-09-25;2026-09-30;2026-09-30 18:00:00;18:00:00;70,776;3;NE;Nordeste;PCH;PERFIL
2026-09-25;2026-09-30;2026-09-30 18:30:00;18:30:00;71,239;3;NE;Nordeste;PCH;PERFIL
2026-09-25;2026-09-30;2026-09-30 19:00:00;19:00:00;71,303;3;NE;Nordeste;PCH;PERFIL
2026-09-25;2026-09-30;2026-09-30 19:30:00;19:30:00;71,337;3;NE;Nordeste;PCH;PERFIL
2026-09-25;2026-09-30;2026-09-30 20:00:00;20:00:00;71,337;3;NE;Nordeste;PCH;PERFIL
2026-09-25;2026-09-30;2026-09-30 20:30:00;20:30:00;71,337;3;NE;Nordeste;PCH;PERFIL
2026-09-25;2026-09-30;2026-09-30 21:00:00;21:00:00;71,303;3;NE;Nordeste;PCH;PERFIL
2026-09-25;2026-09-30;2026-09-30 21:30:00;21:30:00;71,239;3;NE;Nordeste;PCH;PERFIL
2026-09-25;2026-09-30;2026-09-30 22:00:00;22:00:00;70,984;3;NE;Nordeste;PCH;PERFIL
2026-09-25;2026-09-30;2026-09-30 22:30:00;22:30:00;70,594;3;NE;Nordeste;PCH;PERFIL
2026-09-25;2026-09-30;2026-09-30 23:00:00;23:00:00;69,687;3;NE;Nordeste;PCH;PERFIL
2026-09-25;2026-09-30;2026-09-30 23:30:00;23:30:00;69,334;3;NE;Nordeste;PCH;PERFIL
2026-09-25;2026-10-01;2026-10-01 00:00:00;00:00:00;68,37;3;NE;Nordeste;PCH;PERFIL
2026-09-25;2026-10-01;2026-10-01 00:30:00;00:30:00;68,37;3;NE;Nordeste;PCH;PERFIL
2026-09-25;2026-10-01;2026-10-01 01:00:00;01:00:00;68,223;3;NE;Nordeste;PCH;PERFIL
2026-09-25;2026-10-01;2026-10-01 01:30:00;01:30:00;68,058;3;NE;Nordeste;PCH;PERFIL
2026-09-25;2026-10-01;2026-10-01 02:00:00;02:00:00;67,844;3;NE;Nordeste;PCH;PERFIL
2026-09-25;2026-10-01;2026-10-01 02:30:00;02:30:00;67,844;3;NE;Nordeste;PCH;PERFIL
2026-09-25;2026-10-01;2026-10-01 03:00:00;03:00:00;67,668;3;NE;Nordeste;PCH;PERFIL
2026-09-25;2026-10-01;2026-10-01 03:30:00;03:30:00;67,668;3;NE;Nordeste;PCH;PERFIL
2026-09-25;2026-10-01;2026-10-01 04:00:00;04:00:00;67,56;3;NE;Nordeste;PCH;PERFIL
2026-09-25;2026-10-01;2026-10-01 04:30:00;04:30:00;67,526;3;NE;Nordeste;PCH;PERFIL
2026-09-25;2026-10-01;2026-10-01 05:00:00;05:00:00;67,317;3;NE;Nordeste;PCH;PERFIL
2026-09-25;2026-10-01;2026-10-01 05:30:00;05:30:00;67,125;3;NE;Nordeste;PCH;PERFIL
2026-09-25;2026-10-01;2026-10-01 06:00:00;06:00:00;67,019;3;NE;Nordeste;PCH;PERFIL
2026-09-25;2026-10-01;2026-10-01 06:30:00;06:30:00;67,019;3;NE;Nordeste;PCH;PERFIL
2026-09-25;2026-10-01;2026-10-01 07:00:00;07:00:00;66,913;3;NE;Nordeste;PCH;PERFIL
2026-09-25;2026-10-01;2026-10-01 07:30:00;07:30:00;66,494;3;NE;Nordeste;PCH;PERFIL
2026-09-25;2026-10-01;2026-10-01 08:00:00;08:00:00;65,926;3;NE;Nordeste;PCH;PERFIL
2026-09-25;2026-10-01;2026-10-01 08:30:00;08:30:00;65,654;3;NE;Nordeste;PCH;PERFIL
2026-09-25;2026-10-01;2026-10-01 09:00:00;09:00:00;65,218;3;NE;Nordeste;PCH;PERFIL
2026-09-25;2026-10-01;2026-10-01 09:30:00;09:30:00;65,066;3;NE;Nordeste;PCH;PERFIL
2026-09-25;2026-10-01;2026-10-01 10:00:00;10:00:00;65,066;3;NE;Nordeste;PCH;PERFIL
2026-09-25;2026-10-01;2026-10-01 10:30:00;10:30:00;65,026;3;NE;Nordeste;PCH;PERFIL
2026-09-25;2026-10-01;2026-10-01 11:00:00;11:00:00;64,922;3;NE;Nordeste;PCH;PERFIL
2026-09-25;2026-10-01;2026-10-01 11:30:00;11:30:00;64,986;3;NE;Nordeste;PCH;PERFIL
2026-09-25;2026-10-01;2026-10-01 12:00:00;12:00:00;64,986;3;NE;Nordeste;PCH;PERFIL
2026-09-25;2026-10-01;2026-10-01 12:30:00;12:30:00;65,099;3;NE;Nordeste;PCH;PERFIL
2026-09-25;2026-10-01;2026-10-01 13:00:00;13:00:00;65,168;3;NE;Nordeste;PCH;PERFIL
2026-09-25;2026-10-01;2026-10-01 13:30:00;13:30:00;65,242;3;NE;Nordeste;PCH;PERFIL
2026-09-25;2026-10-01;2026-10-01 14:00:00;14:00:00;65,41;3;NE;Nordeste;PCH;PERFIL
2026-09-25;2026-10-01;2026-10-01 14:30:00;14:30:00;65,596;3;NE;Nordeste;PCH;PERFIL
2026-09-25;2026-10-01;2026-10-01 15:00:00;15:00:00;66,329;3;NE;Nordeste;PCH;PERFIL
2026-09-25;2026-10-01;2026-10-01 15:30:00;15:30:00;66,913;3;NE;Nordeste;PCH;PERFIL
2026-09-25;2026-10-01;2026-10-01 16:00:00;16:00:00;67,317;3;NE;Nordeste;PCH;PERFIL
2026-09-25;2026-10-01;2026-10-01 16:30:00;16:30:00;68,263;3;NE;Nordeste;PCH;PERFIL
2026-09-25;2026-10-01;2026-10-01 17:00:00;17:00:00;68,637;3;NE;Nordeste;PCH;PERFIL
2026-09-25;2026-10-01;2026-10-01 17:30:00;17:30:00;69,687;3;NE;Nordeste;PCH;PERFIL
2026-09-25;2026-10-01;2026-10-01 18:00:00;18:00:00;70,776;3;NE;Nordeste;PCH;PERFIL
2026-09-25;2026-10-01;2026-10-01 18:30:00;18:30:00;71,239;3;NE;Nordeste;PCH;PERFIL
2026-09-25;2026-10-01;2026-10-01 19:00:00;19:00:00;71,303;3;NE;Nordeste;PCH;PERFIL
2026-09-25;2026-10-01;2026-10-01 19:30:00;19:30:00;71,337;3;NE;Nordeste;PCH;PERFIL
2026-09-25;2026-10-01;2026-10-01 20:00:00;20:00:00;71,337;3;NE;Nordeste;PCH;PERFIL
2026-09-25;2026-10-01;2026-10-01 20:30:00;20:30:00;71,337;3;NE;Nordeste;PCH;PERFIL
2026-09-25;2026-10-01;2026-10-01 21:00:00;21:00:00;71,303;3;NE;Nordeste;PCH;PERFIL
2026-09-25;2026-10-01;2026-10-01 21:30:00;21:30:00;71,239;3;NE;Nordeste;PCH;PERFIL
2026-09-25;2026-10-01;2026-10-01 22:00:00;22:00:00;70,984;3;NE;Nordeste;PCH;PERFIL
2026-09-25;2026-10-01;2026-10-01 22:30:00;22:30:00;70,594;3;NE;Nordeste;PCH;PERFIL
2026-09-25;2026-10-01;2026-10-01 23:00:00;23:00:00;69,687;3;NE;Nordeste;PCH;PERFIL
2026-09-25;2026-10-01;2026-10-01 23:30:00;23:30:00;69,334;3;NE;Nordeste;PCH;PERFIL
2026-09-25;2026-10-02;2026-10-02 00:00:00;00:00:00;68,37;3;NE;Nordeste;PCH;PERFIL
2026-09-25;2026-10-02;2026-10-02 00:30:00;00:30:00;68,37;3;NE;Nordeste;PCH;PERFIL
2026-09-25;2026-10-02;2026-10-02 01:00:00;01:00:00;68,223;3;NE;Nordeste;PCH;PERFIL
2026-09-25;2026-10-02;2026-10-02 01:30:00;01:30:00;68,058;3;NE;Nordeste;PCH;PERFIL
2026-09-25;2026-10-02;2026-10-02 02:00:00;02:00:00;67,844;3;NE;Nordeste;PCH;PERFIL
2026-09-25;2026-10-02;2026-10-02 02:30:00;02:30:00;67,844;3;NE;Nordeste;PCH;PERFIL
2026-09-25;2026-10-02;2026-10-02 03:00:00;03:00:00;67,668;3;NE;Nordeste;PCH;PERFIL
2026-09-25;2026-10-02;2026-10-02 03:30:00;03:30:00;67,668;3;NE;Nordeste;PCH;PERFIL
2026-09-25;2026-10-02;2026-10-02 04:00:00;04:00:00;67,56;3;NE;Nordeste;PCH;PERFIL
2026-09-25;2026-10-02;2026-10-02 04:30:00;04:30:00;67,526;3;NE;Nordeste;PCH;PERFIL
2026-09-25;2026-10-02;2026-10-02 05:00:00;05:00:00;67,317;3;NE;Nordeste;PCH;PERFIL
2026-09-25;2026-10-02;2026-10-02 05:30:00;05:30:00;67,125;3;NE;Nordeste;PCH;PERFIL
2026-09-25;2026-10-02;2026-10-02 06:00:00;06:00:00;67,019;3;NE;Nordeste;PCH;PERFIL
2026-09-25;2026-10-02;2026-10-02 06:30:00;06:30:00;67,019;3;NE;Nordeste;PCH;PERFIL
2026-09-25;2026-10-02;2026-10-02 07:00:00;07:00:00;66,913;3;NE;Nordeste;PCH;PERFIL
2026-09-25;2026-10-02;2026-10-02 07:30:00;07:30:00;66,494;3;NE;Nordeste;PCH;PERFIL
2026-09-25;2026-10-02;2026-10-02 08:00:00;08:00:00;65,926;3;NE;Nordeste;PCH;PERFIL
2026-09-25;2026-10-02;2026-10-02 08:30:00;08:30:00;65,654;3;NE;Nordeste;PCH;PERFIL
2026-09-25;2026-10-02;2026-10-02 09:00:00;09:00:00;65,218;3;NE;Nordeste;PCH;PERFIL
2026-09-25;2026-10-02;2026-10-02 09:30:00;09:30:00;65,066;3;NE;Nordeste;PCH;PERFIL
2026-09-25;2026-10-02;2026-10-02 10:00:00;10:00:00;65,066;3;NE;Nordeste;PCH;PERFIL
2026-09-25;2026-10-02;2026-10-02 10:30:00;10:30:00;65,026;3;NE;Nordeste;PCH;PERFIL
2026-09-25;2026-10-02;2026-10-02 11:00:00;11:00:00;64,922;3;NE;Nordeste;PCH;PERFIL
2026-09-25;2026-10-02;2026-10-02 11:30:00;11:30:00;64,986;3;NE;Nordeste;PCH;PERFIL
2026-09-25;2026-10-02;2026-10-02 12:00:00;12:00:00;64,986;3;NE;Nordeste;PCH;PERFIL
2026-09-25;2026-10-02;2026-10-02 12:30:00;12:30:00;65,099;3;NE;Nordeste;PCH;PERFIL
2026-09-25;2026-10-02;2026-10-02 13:00:00;13:00:00;65,168;3;NE;Nordeste;PCH;PERFIL
2026-09-25;2026-10-02;2026-10-02 13:30:00;13:30:00;65,242;3;NE;Nordeste;PCH;PERFIL
2026-09-25;2026-10-02;2026-10-02 14:00:00;14:00:00;65,41;3;NE;Nordeste;PCH;PERFIL
2026-09-25;2026-10-02;2026-10-02 14:30:00;14:30:00;65,596;3;NE;Nordeste;PCH;PERFIL
2026-09-25;2026-10-02;2026-10-02 15:00:00;15:00:00;66,329;3;NE;Nordeste;PCH;PERFIL
2026-09-25;2026-10-02;2026-10-02 15:30:00;15:30:00;66,913;3;NE;Nordeste;PCH;PERFIL
2026-09-25;2026-10-02;2026-10-02 16:00:00;16:00:00;67,317;3;NE;Nordeste;PCH;PERFIL
2026-09-25;2026-10-02;2026-10-02 16:30:00;16:30:00;68,263;3;NE;Nordeste;PCH;PERFIL
2026-09-25;2026-10-02;2026-10-02 17:00:00;17:00:00;68,637;3;NE;Nordeste;PCH;PERFIL
2026-09-25;2026-10-02;2026-10-02 17:30:00;17:30:00;69,687;3;NE;Nordeste;PCH;PERFIL
2026-09-25;2026-10-02;2026-10-02 18:00:00;18:00:00;70,776;3;NE;Nordeste;PCH;PERFIL
2026-09-25;2026-10-02;2026-10-02 18:30:00;18:30:00;71,239;3;NE;Nordeste;PCH;PERFIL
2026-09-25;2026-10-02;2026-10-02 19:00:00;19:00:00;71,303;3;NE;Nordeste;PCH;PERFIL
2026-09-25;2026-10-02;2026-10-02 19:30:00;19:30:00;71,337;3;NE;Nordeste;PCH;PERFIL
2026-09-25;2026-10-02;2026-10-02 20:00:00;20:00:00;71,337;3;NE;Nordeste;PCH;PERFIL
2026-09-25;2026-10-02;2026-10-02 20:30:00;20:30:00;71,337;3;NE;Nordeste;PCH;PERFIL
2026-09-25;2026-10-02;2026-10-02 21:00:00;21:00:00;71,303;3;NE;Nordeste;PCH;PERFIL
2026-09-25;2026-10-02;2026-10-02 21:30:00;21:30:00;71,239;3;NE;Nordeste;PCH;PERFIL
2026-09-25;2026-10-02;2026-10-02 22:00:00;22:00:00;70,984;3;NE;Nordeste;PCH;PERFIL
2026-09-25;2026-10-02;2026-10-02 22:30:00;22:30:00;70,594;3;NE;Nordeste;PCH;PERFIL
2026-09-25;2026-10-02;2026-10-02 23:00:00;23:00:00;69,687;3;NE;Nordeste;PCH;PERFIL
2026-09-25;2026-10-02;2026-10-02 23:30:00;23:30:00;69,334;3;NE;Nordeste;PCH;PERFIL
2026-09-25;2026-09-25;2026-09-25 00:00:00;00:00:00;1381,0;2;S;Sul;PCH;DESSEM
2026-09-25;2026-09-25;2026-09-25 00:30:00;00:30:00;1376,0;2;S;Sul;PCH;DESSEM
2026-09-25;2026-09-25;2026-09-25 01:00:00;01:00:00;1372,0;2;S;Sul;PCH;DESSEM
2026-09-25;2026-09-25;2026-09-25 01:30:00;01:30:00;1369,0;2;S;Sul;PCH;DESSEM
2026-09-25;2026-09-25;2026-09-25 02:00:00;02:00:00;1369,0;2;S;Sul;PCH;DESSEM
2026-09-25;2026-09-25;2026-09-25 02:30:00;02:30:00;1366,0;2;S;Sul;PCH;DESSEM
2026-09-25;2026-09-25;2026-09-25 03:00:00;03:00:00;1365,0;2;S;Sul;PCH;DESSEM
2026-09-25;2026-09-25;2026-09-25 03:30:00;03:30:00;1360,0;2;S;Sul;PCH;DESSEM
2026-09-25;2026-09-25;2026-09-25 04:00:00;04:00:00;1355,0;2;S;Sul;PCH;DESSEM
2026-09-25;2026-09-25;2026-09-25 04:30:00;04:30:00;1353,0;2;S;Sul;PCH;DESSEM
2026-09-25;2026-09-25;2026-09-25 05:00:00;05:00:00;1350,0;2;S;Sul;PCH;DESSEM
2026-09-25;2026-09-25;2026-09-25 05:30:00;05:30:00;1348,0;2;S;Sul;PCH;DESSEM
2026-09-25;2026-09-25;2026-09-25 06:00:00;06:00:00;1344,0;2;S;Sul;PCH;DESSEM
2026-09-25;2026-09-25;2026-09-25 06:30:00;06:30:00;1343,0;2;S;Sul;PCH;DESSEM
2026-09-25;2026-09-25;2026-09-25 07:00:00;07:00:00;1335,0;2;S;Sul;PCH;DESSEM
2026-09-25;2026-09-25;2026-09-25 07:30:00;07:30:00;1330,0;2;S;Sul;PCH;DESSEM
2026-09-25;2026-09-25;2026-09-25 08:00:00;08:00:00;1324,0;2;S;Sul;PCH;DESSEM
2026-09-25;2026-09-25;2026-09-25 08:30:00;08:30:00;1317,0;2;S;Sul;PCH;DESSEM
2026-09-25;2026-09-25;2026-09-25 09:00:00;09:00:00;1306,0;2;S;Sul;PCH;DESSEM
2026-09-25;2026-09-25;2026-09-25 09:30:00;09:30:00;1304,0;2;S;Sul;PCH;DESSEM
2026-09-25;2026-09-25;2026-09-25 10:00:00;10:00:00;1302,0;2;S;Sul;PCH;DESSEM
2026-09-25;2026-09-25;2026-09-25 10:30:00;10:30:00;1300,0;2;S;Sul;PCH;DESSEM
2026-09-25;2026-09-25;2026-09-25 11:00:00;11:00:00;1299,0;2;S;Sul;PCH;DESSEM
2026-09-25;2026-09-25;2026-09-25 11:30:00;11:30:00;1302,0;2;S;Sul;PCH;DESSEM
2026-09-25;2026-09-25;2026-09-25 12:00:00;12:00:00;1303,0;2;S;Sul;PCH;DESSEM
2026-09-25;2026-09-25;2026-09-25 12:30:00;12:30:00;1303,0;2;S;Sul;PCH;DESSEM
2026-09-25;2026-09-25;2026-09-25 13:00:00;13:00:00;1309,0;2;S;Sul;PCH;DESSEM
2026-09-25;2026-09-25;2026-09-25 13:30:00;13:30:00;1313,0;2;S;Sul;PCH;DESSEM
2026-09-25;2026-09-25;2026-09-25 14:00:00;14:00:00;1315,0;2;S;Sul;PCH;DESSEM
2026-09-25;2026-09-25;2026-09-25 14:30:00;14:30:00;1321,0;2;S;Sul;PCH;DESSEM
2026-09-25;2026-09-25;2026-09-25 15:00:00;15:00:00;1329,0;2;S;Sul;PCH;DESSEM
2026-09-25;2026-09-25;2026-09-25 15:30:00;15:30:00;1343,0;2;S;Sul;PCH;DESSEM
2026-09-25;2026-09-25;2026-09-25 16:00:00;16:00:00;1351,0;2;S;Sul;PCH;DESSEM
2026-09-25;2026-09-25;2026-09-25 16:30:00;16:30:00;1372,0;2;S;Sul;PCH;DESSEM
2026-09-25;2026-09-25;2026-09-25 17:00:00;17:00:00;1383,0;2;S;Sul;PCH;DESSEM
2026-09-25;2026-09-25;2026-09-25 17:30:00;17:30:00;1403,0;2;S;Sul;PCH;DESSEM
2026-09-25;2026-09-25;2026-09-25 18:00:00;18:00:00;1420,0;2;S;Sul;PCH;DESSEM
2026-09-25;2026-09-25;2026-09-25 18:30:00;18:30:00;1424,0;2;S;Sul;PCH;DESSEM
2026-09-25;2026-09-25;2026-09-25 19:00:00;19:00:00;1428,0;2;S;Sul;PCH;DESSEM
2026-09-25;2026-09-25;2026-09-25 19:30:00;19:30:00;1431,0;2;S;Sul;PCH;DESSEM
2026-09-25;2026-09-25;2026-09-25 20:00:00;20:00:00;1430,0;2;S;Sul;PCH;DESSEM
2026-09-25;2026-09-25;2026-09-25 20:30:00;20:30:00;1428,0;2;S;Sul;PCH;DESSEM
2026-09-25;2026-09-25;2026-09-25 21:00:00;21:00:00;1426,0;2;S;Sul;PCH;DESSEM
2026-09-25;2026-09-25;2026-09-25 21:30:00;21:30:00;1424,0;2;S;Sul;PCH;DESSEM
2026-09-25;2026-09-25;2026-09-25 22:00:00;22:00:00;1422,0;2;S;Sul;PCH;DESSEM
2026-09-25;2026-09-25;2026-09-25 22:30:00;22:30:00;1412,0;2;S;Sul;PCH;DESSEM
2026-09-25;2026-09-25;2026-09-25 23:00:00;23:00:00;1404,0;2;S;Sul;PCH;DESSEM
2026-09-25;2026-09-25;2026-09-25 23:30:00;23:30:00;1392,0;2;S;Sul;PCH;DESSEM
2026-09-25;2026-09-26;2026-09-26 00:00:00;00:00:00;1385,685;2;S;Sul;PCH;PERFIL
2026-09-25;2026-09-26;2026-09-26 00:30:00;00:30:00;1380,54;2;S;Sul;PCH;PERFIL
2026-09-25;2026-09-26;2026-09-26 01:00:00;01:00:00;1374,554;2;S;Sul;PCH;PERFIL
2026-09-25;2026-09-26;2026-09-26 01:30:00;01:30:00;1370,429;2;S;Sul;PCH;PERFIL
2026-09-25;2026-09-26;2026-09-26 02:00:00;02:00:00;1366,78;2;S;Sul;PCH;PERFIL
2026-09-25;2026-09-26;2026-09-26 02:30:00;02:30:00;1364,886;2;S;Sul;PCH;PERFIL
2026-09-25;2026-09-26;2026-09-26 03:00:00;03:00:00;1363,402;2;S;Sul;PCH;PERFIL
2026-09-25;2026-09-26;2026-09-26 03:30:00;03:30:00;1361,099;2;S;Sul;PCH;PERFIL
2026-09-25;2026-09-26;2026-09-26 04:00:00;04:00:00;1357,706;2;S;Sul;PCH;PERFIL
2026-09-25;2026-09-26;2026-09-26 04:30:00;04:30:00;1356,109;2;S;Sul;PCH;PERFIL
2026-09-25;2026-09-26;2026-09-26 05:00:00;05:00:00;1354,243;2;S;Sul;PCH;PERFIL
2026-09-25;2026-09-26;2026-09-26 05:30:00;05:30:00;1352,083;2;S;Sul;PCH;PERFIL
2026-09-25;2026-09-26;2026-09-26 06:00:00;06:00:00;1348,785;2;S;Sul;PCH;PERFIL
2026-09-25;2026-09-26;2026-09-26 06:30:00;06:30:00;1345,95;2;S;Sul;PCH;PERFIL
2026-09-25;2026-09-26;2026-09-26 07:00:00;07:00:00;1340,356;2;S;Sul;PCH;PERFIL
2026-09-25;2026-09-26;2026-09-26 07:30:00;07:30:00;1333,602;2;S;Sul;PCH;PERFIL
2026-09-25;2026-09-26;2026-09-26 08:00:00;08:00:00;1325,758;2;S;Sul;PCH;PERFIL
2026-09-25;2026-09-26;2026-09-26 08:30:00;08:30:00;1315,824;2;S;Sul;PCH;PERFIL
2026-09-25;2026-09-26;2026-09-26 09:00:00;09:00:00;1306,509;2;S;Sul;PCH;PERFIL
2026-09-25;2026-09-26;2026-09-26 09:30:00;09:30:00;1301,046;2;S;Sul;PCH;PERFIL
2026-09-25;2026-09-26;2026-09-26 10:00:00;10:00:00;1298,99;2;S;Sul;PCH;PERFIL
2026-09-25;2026-09-26;2026-09-26 10:30:00;10:30:00;1296,509;2;S;Sul;PCH;PERFIL
2026-09-25;2026-09-26;2026-09-26 11:00:00;11:00:00;1294,679;2;S;Sul;PCH;PERFIL
2026-09-25;2026-09-26;2026-09-26 11:30:00;11:30:00;1295,861;2;S;Sul;PCH;PERFIL
2026-09-25;2026-09-26;2026-09-26 12:00:00;12:00:00;1296,611;2;S;Sul;PCH;PERFIL
2026-09-25;2026-09-26;2026-09-26 12:30:00;12:30:00;1299,672;2;S;Sul;PCH;PERFIL
2026-09-25;2026-09-26;2026-09-26 13:00:00;13:00:00;1303,01;2;S;Sul;PCH;PERFIL
2026-09-25;2026-09-26;2026-09-26 13:30:00;13:30:00;1306,833;2;S;Sul;PCH;PERFIL
2026-09-25;2026-09-26;2026-09-26 14:00:00;14:00:00;1311,985;2;S;Sul;PCH;PERFIL
2026-09-25;2026-09-26;2026-09-26 14:30:00;14:30:00;1319,847;2;S;Sul;PCH;PERFIL
2026-09-25;2026-09-26;2026-09-26 15:00:00;15:00:00;1328,83;2;S;Sul;PCH;PERFIL
2026-09-25;2026-09-26;2026-09-26 15:30:00;15:30:00;1340,231;2;S;Sul;PCH;PERFIL
2026-09-25;2026-09-26;2026-09-26 16:00:00;16:00:00;1353,733;2;S;Sul;PCH;PERFIL
2026-09-25;2026-09-26;2026-09-26 16:30:00;16:30:00;1373,755;2;S;Sul;PCH;PERFIL
2026-09-25;2026-09-26;2026-09-26 17:00:00;17:00:00;1390,636;2;S;Sul;PCH;PERFIL
2026-09-25;2026-09-26;2026-09-26 17:30:00;17:30:00;1403,399;2;S;Sul;PCH;PERFIL
2026-09-25;2026-09-26;2026-09-26 18:00:00;18:00:00;1416,141;2;S;Sul;PCH;PERFIL
2026-09-25;2026-09-26;2026-09-26 18:30:00;18:30:00;1423,233;2;S;Sul;PCH;PERFIL
2026-09-25;2026-09-26;2026-09-26 19:00:00;19:00:00;1426,607;2;S;Sul;PCH;PERFIL
2026-09-25;2026-09-26;2026-09-26 19:30:00;19:30:00;1429,441;2;S;Sul;PCH;PERFIL
2026-09-25;2026-09-26;2026-09-26 20:00:00;20:00:00;1430,065;2;S;Sul;PCH;PERFIL
2026-09-25;2026-09-26;2026-09-26 20:30:00;20:30:00;1428,471;2;S;Sul;PCH;PERFIL
2026-09-25;2026-09-26;2026-09-26 21:00:00;21:00:00;1426,285;2;S;Sul;PCH;PERFIL
2026-09-25;2026-09-26;2026-09-26 21:30:00;21:30:00;1424,067;2;S;Sul;PCH;PERFIL
2026-09-25;2026-09-26;2026-09-26 22:00:00;22:00:00;1419,969;2;S;Sul;PCH;PERFIL
2026-09-25;2026-09-26;2026-09-26 22:30:00;22:30:00;1412,674;2;S;Sul;PCH;PERFIL
2026-09-25;2026-09-26;2026-09-26 23:00:00;23:00:00;1403,582;2;S;Sul;PCH;PERFIL
2026-09-25;2026-09-26;2026-09-26 23:30:00;23:30:00;1395,537;2;S;Sul;PCH;PERFIL
2026-09-25;2026-09-27;2026-09-27 00:00:00;00:00:00;1385,685;2;S;Sul;PCH;PERFIL
2026-09-25;2026-09-27;2026-09-27 00:30:00;00:30:00;1380,54;2;S;Sul;PCH;PERFIL
2026-09-25;2026-09-27;2026-09-27 01:00:00;01:00:00;1374,554;2;S;Sul;PCH;PERFIL
2026-09-25;2026-09-27;2026-09-27 01:30:00;01:30:00;1370,429;2;S;Sul;PCH;PERFIL
2026-09-25;2026-09-27;2026-09-27 02:00:00;02:00:00;1366,78;2;S;Sul;PCH;PERFIL
2026-09-25;2026-09-27;2026-09-27 02:30:00;02:30:00;1364,886;2;S;Sul;PCH;PERFIL
2026-09-25;2026-09-27;2026-09-27 03:00:00;03:00:00;1363,402;2;S;Sul;PCH;PERFIL
2026-09-25;2026-09-27;2026-09-27 03:30:00;03:30:00;1361,099;2;S;Sul;PCH;PERFIL
2026-09-25;2026-09-27;2026-09-27 04:00:00;04:00:00;1357,706;2;S;Sul;PCH;PERFIL
2026-09-25;2026-09-27;2026-09-27 04:30:00;04:30:00;1356,109;2;S;Sul;PCH;PERFIL
2026-09-25;2026-09-27;2026-09-27 05:00:00;05:00:00;1354,243;2;S;Sul;PCH;PERFIL
2026-09-25;2026-09-27;2026-09-27 05:30:00;05:30:00;1352,083;2;S;Sul;PCH;PERFIL
2026-09-25;2026-09-27;2026-09-27 06:00:00;06:00:00;1348,785;2;S;Sul;PCH;PERFIL
2026-09-25;2026-09-27;2026-09-27 06:30:00;06:30:00;1345,95;2;S;Sul;PCH;PERFIL
2026-09-25;2026-09-27;2026-09-27 07:00:00;07:00:00;1340,356;2;S;Sul;PCH;PERFIL
2026-09-25;2026-09-27;2026-09-27 07:30:00;07:30:00;1333,602;2;S;Sul;PCH;PERFIL
2026-09-25;2026-09-27;2026-09-27 08:00:00;08:00:00;1325,758;2;S;Sul;PCH;PERFIL
2026-09-25;2026-09-27;2026-09-27 08:30:00;08:30:00;1315,824;2;S;Sul;PCH;PERFIL
2026-09-25;2026-09-27;2026-09-27 09:00:00;09:00:00;1306,509;2;S;Sul;PCH;PERFIL
2026-09-25;2026-09-27;2026-09-27 09:30:00;09:30:00;1301,046;2;S;Sul;PCH;PERFIL
2026-09-25;2026-09-27;2026-09-27 10:00:00;10:00:00;1298,99;2;S;Sul;PCH;PERFIL
2026-09-25;2026-09-27;2026-09-27 10:30:00;10:30:00;1296,509;2;S;Sul;PCH;PERFIL
2026-09-25;2026-09-27;2026-09-27 11:00:00;11:00:00;1294,679;2;S;Sul;PCH;PERFIL
2026-09-25;2026-09-27;2026-09-27 11:30:00;11:30:00;1295,861;2;S;Sul;PCH;PERFIL
2026-09-25;2026-09-27;2026-09-27 12:00:00;12:00:00;1296,611;2;S;Sul;PCH;PERFIL
2026-09-25;2026-09-27;2026-09-27 12:30:00;12:30:00;1299,672;2;S;Sul;PCH;PERFIL
2026-09-25;2026-09-27;2026-09-27 13:00:00;13:00:00;1303,01;2;S;Sul;PCH;PERFIL
2026-09-25;2026-09-27;2026-09-27 13:30:00;13:30:00;1306,833;2;S;Sul;PCH;PERFIL
2026-09-25;2026-09-27;2026-09-27 14:00:00;14:00:00;1311,985;2;S;Sul;PCH;PERFIL
2026-09-25;2026-09-27;2026-09-27 14:30:00;14:30:00;1319,847;2;S;Sul;PCH;PERFIL
2026-09-25;2026-09-27;2026-09-27 15:00:00;15:00:00;1328,83;2;S;Sul;PCH;PERFIL
2026-09-25;2026-09-27;2026-09-27 15:30:00;15:30:00;1340,231;2;S;Sul;PCH;PERFIL
2026-09-25;2026-09-27;2026-09-27 16:00:00;16:00:00;1353,733;2;S;Sul;PCH;PERFIL
2026-09-25;2026-09-27;2026-09-27 16:30:00;16:30:00;1373,755;2;S;Sul;PCH;PERFIL
2026-09-25;2026-09-27;2026-09-27 17:00:00;17:00:00;1390,636;2;S;Sul;PCH;PERFIL
2026-09-25;2026-09-27;2026-09-27 17:30:00;17:30:00;1403,399;2;S;Sul;PCH;PERFIL
2026-09-25;2026-09-27;2026-09-27 18:00:00;18:00:00;1416,141;2;S;Sul;PCH;PERFIL
2026-09-25;2026-09-27;2026-09-27 18:30:00;18:30:00;1423,233;2;S;Sul;PCH;PERFIL
2026-09-25;2026-09-27;2026-09-27 19:00:00;19:00:00;1426,607;2;S;Sul;PCH;PERFIL
2026-09-25;2026-09-27;2026-09-27 19:30:00;19:30:00;1429,441;2;S;Sul;PCH;PERFIL
2026-09-25;2026-09-27;2026-09-27 20:00:00;20:00:00;1430,065;2;S;Sul;PCH;PERFIL
2026-09-25;2026-09-27;2026-09-27 20:30:00;20:30:00;1428,471;2;S;Sul;PCH;PERFIL
2026-09-25;2026-09-27;2026-09-27 21:00:00;21:00:00;1426,285;2;S;Sul;PCH;PERFIL
2026-09-25;2026-09-27;2026-09-27 21:30:00;21:30:00;1424,067;2;S;Sul;PCH;PERFIL
2026-09-25;2026-09-27;2026-09-27 22:00:00;22:00:00;1419,969;2;S;Sul;PCH;PERFIL
2026-09-25;2026-09-27;2026-09-27 22:30:00;22:30:00;1412,674;2;S;Sul;PCH;PERFIL
2026-09-25;2026-09-27;2026-09-27 23:00:00;23:00:00;1403,582;2;S;Sul;PCH;PERFIL
2026-09-25;2026-09-27;2026-09-27 23:30:00;23:30:00;1395,537;2;S;Sul;PCH;PERFIL
2026-09-25;2026-09-28;2026-09-28 00:00:00;00:00:00;1385,685;2;S;Sul;PCH;PERFIL
2026-09-25;2026-09-28;2026-09-28 00:30:00;00:30:00;1380,54;2;S;Sul;PCH;PERFIL
2026-09-25;2026-09-28;2026-09-28 01:00:00;01:00:00;1374,554;2;S;Sul;PCH;PERFIL
2026-09-25;2026-09-28;2026-09-28 01:30:00;01:30:00;1370,429;2;S;Sul;PCH;PERFIL
2026-09-25;2026-09-28;2026-09-28 02:00:00;02:00:00;1366,78;2;S;Sul;PCH;PERFIL
2026-09-25;2026-09-28;2026-09-28 02:30:00;02:30:00;1364,886;2;S;Sul;PCH;PERFIL
2026-09-25;2026-09-28;2026-09-28 03:00:00;03:00:00;1363,402;2;S;Sul;PCH;PERFIL
2026-09-25;2026-09-28;2026-09-28 03:30:00;03:30:00;1361,099;2;S;Sul;PCH;PERFIL
2026-09-25;2026-09-28;2026-09-28 04:00:00;04:00:00;1357,706;2;S;Sul;PCH;PERFIL
2026-09-25;2026-09-28;2026-09-28 04:30:00;04:30:00;1356,109;2;S;Sul;PCH;PERFIL
2026-09-25;2026-09-28;2026-09-28 05:00:00;05:00:00;1354,243;2;S;Sul;PCH;PERFIL
2026-09-25;2026-09-28;2026-09-28 05:30:00;05:30:00;1352,083;2;S;Sul;PCH;PERFIL
2026-09-25;2026-09-28;2026-09-28 06:00:00;06:00:00;1348,785;2;S;Sul;PCH;PERFIL
2026-09-25;2026-09-28;2026-09-28 06:30:00;06:30:00;1345,95;2;S;Sul;PCH;PERFIL
2026-09-25;2026-09-28;2026-09-28 07:00:00;07:00:00;1340,356;2;S;Sul;PCH;PERFIL
2026-09-25;2026-09-28;2026-09-28 07:30:00;07:30:00;1333,602;2;S;Sul;PCH;PERFIL
2026-09-25;2026-09-28;2026-09-28 08:00:00;08:00:00;1325,758;2;S;Sul;PCH;PERFIL
2026-09-25;2026-09-28;2026-09-28 08:30:00;08:30:00;1315,824;2;S;Sul;PCH;PERFIL
2026-09-25;2026-09-28;2026-09-28 09:00:00;09:00:00;1306,509;2;S;Sul;PCH;PERFIL
2026-09-25;2026-09-28;2026-09-28 09:30:00;09:30:00;1301,046;2;S;Sul;PCH;PERFIL
2026-09-25;2026-09-28;2026-09-28 10:00:00;10:00:00;1298,99;2;S;Sul;PCH;PERFIL
2026-09-25;2026-09-28;2026-09-28 10:30:00;10:30:00;1296,509;2;S;Sul;PCH;PERFIL
2026-09-25;2026-09-28;2026-09-28 11:00:00;11:00:00;1294,679;2;S;Sul;PCH;PERFIL
2026-09-25;2026-09-28;2026-09-28 11:30:00;11:30:00;1295,861;2;S;Sul;PCH;PERFIL
2026-09-25;2026-09-28;2026-09-28 12:00:00;12:00:00;1296,611;2;S;Sul;PCH;PERFIL
2026-09-25;2026-09-28;2026-09-28 12:30:00;12:30:00;1299,672;2;S;Sul;PCH;PERFIL
2026-09-25;2026-09-28;2026-09-28 13:00:00;13:00:00;1303,01;2;S;Sul;PCH;PERFIL
2026-09-25;2026-09-28;2026-09-28 13:30:00;13:30:00;1306,833;2;S;Sul;PCH;PERFIL
2026-09-25;2026-09-28;2026-09-28 14:00:00;14:00:00;1311,985;2;S;Sul;PCH;PERFIL
2026-09-25;2026-09-28;2026-09-28 14:30:00;14:30:00;1319,847;2;S;Sul;PCH;PERFIL
2026-09-25;2026-09-28;2026-09-28 15:00:00;15:00:00;1328,83;2;S;Sul;PCH;PERFIL
2026-09-25;2026-09-28;2026-09-28 15:30:00;15:30:00;1340,231;2;S;Sul;PCH;PERFIL
2026-09-25;2026-09-28;2026-09-28 16:00:00;16:00:00;1353,733;2;S;Sul;PCH;PERFIL
2026-09-25;2026-09-28;2026-09-28 16:30:00;16:30:00;1373,755;2;S;Sul;PCH;PERFIL
2026-09-25;2026-09-28;2026-09-28 17:00:00;17:00:00;1390,636;2;S;Sul;PCH;PERFIL
2026-09-25;2026-09-28;2026-09-28 17:30:00;17:30:00;1403,399;2;S;Sul;PCH;PERFIL
2026-09-25;2026-09-28;2026-09-28 18:00:00;18:00:00;1416,141;2;S;Sul;PCH;PERFIL
2026-09-25;2026-09-28;2026-09-28 18:30:00;18:30:00;1423,233;2;S;Sul;PCH;PERFIL
2026-09-25;2026-09-28;2026-09-28 19:00:00;19:00:00;1426,607;2;S;Sul;PCH;PERFIL
2026-09-25;2026-09-28;2026-09-28 19:30:00;19:30:00;1429,441;2;S;Sul;PCH;PERFIL
2026-09-25;2026-09-28;2026-09-28 20:00:00;20:00:00;1430,065;2;S;Sul;PCH;PERFIL
2026-09-25;2026-09-28;2026-09-28 20:30:00;20:30:00;1428,471;2;S;Sul;PCH;PERFIL
2026-09-25;2026-09-28;2026-09-28 21:00:00;21:00:00;1426,285;2;S;Sul;PCH;PERFIL
2026-09-25;2026-09-28;2026-09-28 21:30:00;21:30:00;1424,067;2;S;Sul;PCH;PERFIL
2026-09-25;2026-09-28;2026-09-28 22:00:00;22:00:00;1419,969;2;S;Sul;PCH;PERFIL
2026-09-25;2026-09-28;2026-09-28 22:30:00;22:30:00;1412,674;2;S;Sul;PCH;PERFIL
2026-09-25;2026-09-28;2026-09-28 23:00:00;23:00:00;1403,582;2;S;Sul;PCH;PERFIL
2026-09-25;2026-09-28;2026-09-28 23:30:00;23:30:00;1395,537;2;S;Sul;PCH;PERFIL
2026-09-25;2026-09-29;2026-09-29 00:00:00;00:00:00;1385,685;2;S;Sul;PCH;PERFIL
2026-09-25;2026-09-29;2026-09-29 00:30:00;00:30:00;1380,54;2;S;Sul;PCH;PERFIL
2026-09-25;2026-09-29;2026-09-29 01:00:00;01:00:00;1374,554;2;S;Sul;PCH;PERFIL
2026-09-25;2026-09-29;2026-09-29 01:30:00;01:30:00;1370,429;2;S;Sul;PCH;PERFIL
2026-09-25;2026-09-29;2026-09-29 02:00:00;02:00:00;1366,78;2;S;Sul;PCH;PERFIL
2026-09-25;2026-09-29;2026-09-29 02:30:00;02:30:00;1364,886;2;S;Sul;PCH;PERFIL
2026-09-25;2026-09-29;2026-09-29 03:00:00;03:00:00;1363,402;2;S;Sul;PCH;PERFIL
2026-09-25;2026-09-29;2026-09-29 03:30:00;03:30:00;1361,099;2;S;Sul;PCH;PERFIL
2026-09-25;2026-09-29;2026-09-29 04:00:00;04:00:00;1357,706;2;S;Sul;PCH;PERFIL
2026-09-25;2026-09-29;2026-09-29 04:30:00;04:30:00;1356,109;2;S;Sul;PCH;PERFIL
2026-09-25;2026-09-29;2026-09-29 05:00:00;05:00:00;1354,243;2;S;Sul;PCH;PERFIL
2026-09-25;2026-09-29;2026-09-29 05:30:00;05:30:00;1352,083;2;S;Sul;PCH;PERFIL
2026-09-25;2026-09-29;2026-09-29 06:00:00;06:00:00;1348,785;2;S;Sul;PCH;PERFIL
2026-09-25;2026-09-29;2026-09-29 06:30:00;06:30:00;1345,95;2;S;Sul;PCH;PERFIL
2026-09-25;2026-09-29;2026-09-29 07:00:00;07:00:00;1340,356;2;S;Sul;PCH;PERFIL
2026-09-25;2026-09-29;2026-09-29 07:30:00;07:30:00;1333,602;2;S;Sul;PCH;PERFIL
2026-09-25;2026-09-29;2026-09-29 08:00:00;08:00:00;1325,758;2;S;Sul;PCH;PERFIL
2026-09-25;2026-09-29;2026-09-29 08:30:00;08:30:00;1315,824;2;S;Sul;PCH;PERFIL
2026-09-25;2026-09-29;2026-09-29 09:00:00;09:00:00;1306,509;2;S;Sul;PCH;PERFIL
2026-09-25;2026-09-29;2026-09-29 09:30:00;09:30:00;1301,046;2;S;Sul;PCH;PERFIL
2026-09-25;2026-09-29;2026-09-29 10:00:00;10:00:00;1298,99;2;S;Sul;PCH;PERFIL
2026-09-25;2026-09-29;2026-09-29 10:30:00;10:30:00;1296,509;2;S;Sul;PCH;PERFIL
2026-09-25;2026-09-29;2026-09-29 11:00:00;11:00:00;1294,679;2;S;Sul;PCH;PERFIL
2026-09-25;2026-09-29;2026-09-29 11:30:00;11:30:00;1295,861;2;S;Sul;PCH;PERFIL
2026-09-25;2026-09-29;2026-09-29 12:00:00;12:00:00;1296,611;2;S;Sul;PCH;PERFIL
2026-09-25;2026-09-29;2026-09-29 12:30:00;12:30:00;1299,672;2;S;Sul;PCH;PERFIL
2026-09-25;2026-09-29;2026-09-29 13:00:00;13:00:00;1303,01;2;S;Sul;PCH;PERFIL
2026-09-25;2026-09-29;2026-09-29 13:30:00;13:30:00;1306,833;2;S;Sul;PCH;PERFIL
2026-09-25;2026-09-29;2026-09-29 14:00:00;14:00:00;1311,985;2;S;Sul;PCH;PERFIL
2026-09-25;2026-09-29;2026-09-29 14:30:00;14:30:00;1319,847;2;S;Sul;PCH;PERFIL
2026-09-25;2026-09-29;2026-09-29 15:00:00;15:00:00;1328,83;2;S;Sul;PCH;PERFIL
2026-09-25;2026-09-29;2026-09-29 15:30:00;15:30:00;1340,231;2;S;Sul;PCH;PERFIL
2026-09-25;2026-09-29;2026-09-29 16:00:00;16:00:00;1353,733;2;S;Sul;PCH;PERFIL
2026-09-25;2026-09-29;2026-09-29 16:30:00;16:30:00;1373,755;2;S;Sul;PCH;PERFIL
2026-09-25;2026-09-29;2026-09-29 17:00:00;17:00:00;1390,636;2;S;Sul;PCH;PERFIL
2026-09-25;2026-09-29;2026-09-29 17:30:00;17:30:00;1403,399;2;S;Sul;PCH;PERFIL
2026-09-25;2026-09-29;2026-09-29 18:00:00;18:00:00;1416,141;2;S;Sul;PCH;PERFIL
2026-09-25;2026-09-29;2026-09-29 18:30:00;18:30:00;1423,233;2;S;Sul;PCH;PERFIL
2026-09-25;2026-09-29;2026-09-29 19:00:00;19:00:00;1426,607;2;S;Sul;PCH;PERFIL
2026-09-25;2026-09-29;2026-09-29 19:30:00;19:30:00;1429,441;2;S;Sul;PCH;PERFIL
2026-09-25;2026-09-29;2026-09-29 20:00:00;20:00:00;1430,065;2;S;Sul;PCH;PERFIL
2026-09-25;2026-09-29;2026-09-29 20:30:00;20:30:00;1428,471;2;S;Sul;PCH;PERFIL
2026-09-25;2026-09-29;2026-09-29 21:00:00;21:00:00;1426,285;2;S;Sul;PCH;PERFIL
2026-09-25;2026-09-29;2026-09-29 21:30:00;21:30:00;1424,067;2;S;Sul;PCH;PERFIL
2026-09-25;2026-09-29;2026-09-29 22:00:00;22:00:00;1419,969;2;S;Sul;PCH;PERFIL
2026-09-25;2026-09-29;2026-09-29 22:30:00;22:30:00;1412,674;2;S;Sul;PCH;PERFIL
2026-09-25;2026-09-29;2026-09-29 23:00:00;23:00:00;1403,582;2;S;Sul;PCH;PERFIL
2026-09-25;2026-09-29;2026-09-29 23:30:00;23:30:00;1395,537;2;S;Sul;PCH;PERFIL
2026-09-25;2026-09-30;2026-09-30 00:00:00;00:00:00;1385,685;2;S;Sul;PCH;PERFIL
2026-09-25;2026-09-30;2026-09-30 00:30:00;00:30:00;1380,54;2;S;Sul;PCH;PERFIL
2026-09-25;2026-09-30;2026-09-30 01:00:00;01:00:00;1374,554;2;S;Sul;PCH;PERFIL
2026-09-25;2026-09-30;2026-09-30 01:30:00;01:30:00;1370,429;2;S;Sul;PCH;PERFIL
2026-09-25;2026-09-30;2026-09-30 02:00:00;02:00:00;1366,78;2;S;Sul;PCH;PERFIL
2026-09-25;2026-09-30;2026-09-30 02:30:00;02:30:00;1364,886;2;S;Sul;PCH;PERFIL
2026-09-25;2026-09-30;2026-09-30 03:00:00;03:00:00;1363,402;2;S;Sul;PCH;PERFIL
2026-09-25;2026-09-30;2026-09-30 03:30:00;03:30:00;1361,099;2;S;Sul;PCH;PERFIL
2026-09-25;2026-09-30;2026-09-30 04:00:00;04:00:00;1357,706;2;S;Sul;PCH;PERFIL
2026-09-25;2026-09-30;2026-09-30 04:30:00;04:30:00;1356,109;2;S;Sul;PCH;PERFIL
2026-09-25;2026-09-30;2026-09-30 05:00:00;05:00:00;1354,243;2;S;Sul;PCH;PERFIL
2026-09-25;2026-09-30;2026-09-30 05:30:00;05:30:00;1352,083;2;S;Sul;PCH;PERFIL
2026-09-25;2026-09-30;2026-09-30 06:00:00;06:00:00;1348,785;2;S;Sul;PCH;PERFIL
2026-09-25;2026-09-30;2026-09-30 06:30:00;06:30:00;1345,95;2;S;Sul;PCH;PERFIL
2026-09-25;2026-09-30;2026-09-30 07:00:00;07:00:00;1340,356;2;S;Sul;PCH;PERFIL
2026-09-25;2026-09-30;2026-09-30 07:30:00;07:30:00;1333,602;2;S;Sul;PCH;PERFIL
2026-09-25;2026-09-30;2026-09-30 08:00:00;08:00:00;1325,758;2;S;Sul;PCH;PERFIL
2026-09-25;2026-09-30;2026-09-30 08:30:00;08:30:00;1315,824;2;S;Sul;PCH;PERFIL
2026-09-25;2026-09-30;2026-09-30 09:00:00;09:00:00;1306,509;2;S;Sul;PCH;PERFIL
2026-09-25;2026-09-30;2026-09-30 09:30:00;09:30:00;1301,046;2;S;Sul;PCH;PERFIL
2026-09-25;2026-09-30;2026-09-30 10:00:00;10:00:00;1298,99;2;S;Sul;PCH;PERFIL
2026-09-25;2026-09-30;2026-09-30 10:30:00;10:30:00;1296,509;2;S;Sul;PCH;PERFIL
2026-09-25;2026-09-30;2026-09-30 11:00:00;11:00:00;1294,679;2;S;Sul;PCH;PERFIL
2026-09-25;2026-09-30;2026-09-30 11:30:00;11:30:00;1295,861;2;S;Sul;PCH;PERFIL
2026-09-25;2026-09-30;2026-09-30 12:00:00;12:00:00;1296,611;2;S;Sul;PCH;PERFIL
2026-09-25;2026-09-30;2026-09-30 12:30:00;12:30:00;1299,672;2;S;Sul;PCH;PERFIL
2026-09-25;2026-09-30;2026-09-30 13:00:00;13:00:00;1303,01;2;S;Sul;PCH;PERFIL
2026-09-25;2026-09-30;2026-09-30 13:30:00;13:30:00;1306,833;2;S;Sul;PCH;PERFIL
2026-09-25;2026-09-30;2026-09-30 14:00:00;14:00:00;1311,985;2;S;Sul;PCH;PERFIL
2026-09-25;2026-09-30;2026-09-30 14:30:00;14:30:00;1319,847;2;S;Sul;PCH;PERFIL
2026-09-25;2026-09-30;2026-09-30 15:00:00;15:00:00;1328,83;2;S;Sul;PCH;PERFIL
2026-09-25;2026-09-30;2026-09-30 15:30:00;15:30:00;1340,231;2;S;Sul;PCH;PERFIL
2026-09-25;2026-09-30;2026-09-30 16:00:00;16:00:00;1353,733;2;S;Sul;PCH;PERFIL
2026-09-25;2026-09-30;2026-09-30 16:30:00;16:30:00;1373,755;2;S;Sul;PCH;PERFIL
2026-09-25;2026-09-30;2026-09-30 17:00:00;17:00:00;1390,636;2;S;Sul;PCH;PERFIL
2026-09-25;2026-09-30;2026-09-30 17:30:00;17:30:00;1403,399;2;S;Sul;PCH;PERFIL
2026-09-25;2026-09-30;2026-09-30 18:00:00;18:00:00;1416,141;2;S;Sul;PCH;PERFIL
2026-09-25;2026-09-30;2026-09-30 18:30:00;18:30:00;1423,233;2;S;Sul;PCH;PERFIL
2026-09-25;2026-09-30;2026-09-30 19:00:00;19:00:00;1426,607;2;S;Sul;PCH;PERFIL
2026-09-25;2026-09-30;2026-09-30 19:30:00;19:30:00;1429,441;2;S;Sul;PCH;PERFIL
2026-09-25;2026-09-30;2026-09-30 20:00:00;20:00:00;1430,065;2;S;Sul;PCH;PERFIL
2026-09-25;2026-09-30;2026-09-30 20:30:00;20:30:00;1428,471;2;S;Sul;PCH;PERFIL
2026-09-25;2026-09-30;2026-09-30 21:00:00;21:00:00;1426,285;2;S;Sul;PCH;PERFIL
2026-09-25;2026-09-30;2026-09-30 21:30:00;21:30:00;1424,067;2;S;Sul;PCH;PERFIL
2026-09-25;2026-09-30;2026-09-30 22:00:00;22:00:00;1419,969;2;S;Sul;PCH;PERFIL
2026-09-25;2026-09-30;2026-09-30 22:30:00;22:30:00;1412,674;2;S;Sul;PCH;PERFIL
2026-09-25;2026-09-30;2026-09-30 23:00:00;23:00:00;1403,582;2;S;Sul;PCH;PERFIL
2026-09-25;2026-09-30;2026-09-30 23:30:00;23:30:00;1395,537;2;S;Sul;PCH;PERFIL
2026-09-25;2026-10-01;2026-10-01 00:00:00;00:00:00;1385,685;2;S;Sul;PCH;PERFIL
2026-09-25;2026-10-01;2026-10-01 00:30:00;00:30:00;1380,54;2;S;Sul;PCH;PERFIL
2026-09-25;2026-10-01;2026-10-01 01:00:00;01:00:00;1374,554;2;S;Sul;PCH;PERFIL
2026-09-25;2026-10-01;2026-10-01 01:30:00;01:30:00;1370,429;2;S;Sul;PCH;PERFIL
2026-09-25;2026-10-01;2026-10-01 02:00:00;02:00:00;1366,78;2;S;Sul;PCH;PERFIL
2026-09-25;2026-10-01;2026-10-01 02:30:00;02:30:00;1364,886;2;S;Sul;PCH;PERFIL
2026-09-25;2026-10-01;2026-10-01 03:00:00;03:00:00;1363,402;2;S;Sul;PCH;PERFIL
2026-09-25;2026-10-01;2026-10-01 03:30:00;03:30:00;1361,099;2;S;Sul;PCH;PERFIL
2026-09-25;2026-10-01;2026-10-01 04:00:00;04:00:00;1357,706;2;S;Sul;PCH;PERFIL
2026-09-25;2026-10-01;2026-10-01 04:30:00;04:30:00;1356,109;2;S;Sul;PCH;PERFIL
2026-09-25;2026-10-01;2026-10-01 05:00:00;05:00:00;1354,243;2;S;Sul;PCH;PERFIL
2026-09-25;2026-10-01;2026-10-01 05:30:00;05:30:00;1352,083;2;S;Sul;PCH;PERFIL
2026-09-25;2026-10-01;2026-10-01 06:00:00;06:00:00;1348,785;2;S;Sul;PCH;PERFIL
2026-09-25;2026-10-01;2026-10-01 06:30:00;06:30:00;1345,95;2;S;Sul;PCH;PERFIL
2026-09-25;2026-10-01;2026-10-01 07:00:00;07:00:00;1340,356;2;S;Sul;PCH;PERFIL
2026-09-25;2026-10-01;2026-10-01 07:30:00;07:30:00;1333,602;2;S;Sul;PCH;PERFIL
2026-09-25;2026-10-01;2026-10-01 08:00:00;08:00:00;1325,758;2;S;Sul;PCH;PERFIL
2026-09-25;2026-10-01;2026-10-01 08:30:00;08:30:00;1315,824;2;S;Sul;PCH;PERFIL
2026-09-25;2026-10-01;2026-10-01 09:00:00;09:00:00;1306,509;2;S;Sul;PCH;PERFIL
2026-09-25;2026-10-01;2026-10-01 09:30:00;09:30:00;1301,046;2;S;Sul;PCH;PERFIL
2026-09-25;2026-10-01;2026-10-01 10:00:00;10:00:00;1298,99;2;S;Sul;PCH;PERFIL
2026-09-25;2026-10-01;2026-10-01 10:30:00;10:30:00;1296,509;2;S;Sul;PCH;PERFIL
2026-09-25;2026-10-01;2026-10-01 11:00:00;11:00:00;1294,679;2;S;Sul;PCH;PERFIL
2026-09-25;2026-10-01;2026-10-01 11:30:00;11:30:00;1295,861;2;S;Sul;PCH;PERFIL
2026-09-25;2026-10-01;2026-10-01 12:00:00;12:00:00;1296,611;2;S;Sul;PCH;PERFIL
2026-09-25;2026-10-01;2026-10-01 12:30:00;12:30:00;1299,672;2;S;Sul;PCH;PERFIL
2026-09-25;2026-10-01;2026-10-01 13:00:00;13:00:00;1303,01;2;S;Sul;PCH;PERFIL
2026-09-25;2026-10-01;2026-10-01 13:30:00;13:30:00;1306,833;2;S;Sul;PCH;PERFIL
2026-09-25;2026-10-01;2026-10-01 14:00:00;14:00:00;1311,985;2;S;Sul;PCH;PERFIL
2026-09-25;2026-10-01;2026-10-01 14:30:00;14:30:00;1319,847;2;S;Sul;PCH;PERFIL
2026-09-25;2026-10-01;2026-10-01 15:00:00;15:00:00;1328,83;2;S;Sul;PCH;PERFIL
2026-09-25;2026-10-01;2026-10-01 15:30:00;15:30:00;1340,231;2;S;Sul;PCH;PERFIL
2026-09-25;2026-10-01;2026-10-01 16:00:00;16:00:00;1353,733;2;S;Sul;PCH;PERFIL
2026-09-25;2026-10-01;2026-10-01 16:30:00;16:30:00;1373,755;2;S;Sul;PCH;PERFIL
2026-09-25;2026-10-01;2026-10-01 17:00:00;17:00:00;1390,636;2;S;Sul;PCH;PERFIL
2026-09-25;2026-10-01;2026-10-01 17:30:00;17:30:00;1403,399;2;S;Sul;PCH;PERFIL
2026-09-25;2026-10-01;2026-10-01 18:00:00;18:00:00;1416,141;2;S;Sul;PCH;PERFIL
2026-09-25;2026-10-01;2026-10-01 18:30:00;18:30:00;1423,233;2;S;Sul;PCH;PERFIL
2026-09-25;2026-10-01;2026-10-01 19:00:00;19:00:00;1426,607;2;S;Sul;PCH;PERFIL
2026-09-25;2026-10-01;2026-10-01 19:30:00;19:30:00;1429,441;2;S;Sul;PCH;PERFIL
2026-09-25;2026-10-01;2026-10-01 20:00:00;20:00:00;1430,065;2;S;Sul;PCH;PERFIL
2026-09-25;2026-10-01;2026-10-01 20:30:00;20:30:00;1428,471;2;S;Sul;PCH;PERFIL
2026-09-25;2026-10-01;2026-10-01 21:00:00;21:00:00;1426,285;2;S;Sul;PCH;PERFIL
2026-09-25;2026-10-01;2026-10-01 21:30:00;21:30:00;1424,067;2;S;Sul;PCH;PERFIL
2026-09-25;2026-10-01;2026-10-01 22:00:00;22:00:00;1419,969;2;S;Sul;PCH;PERFIL
2026-09-25;2026-10-01;2026-10-01 22:30:00;22:30:00;1412,674;2;S;Sul;PCH;PERFIL
2026-09-25;2026-10-01;2026-10-01 23:00:00;23:00:00;1403,582;2;S;Sul;PCH;PERFIL
2026-09-25;2026-10-01;2026-10-01 23:30:00;23:30:00;1395,537;2;S;Sul;PCH;PERFIL
2026-09-25;2026-10-02;2026-10-02 00:00:00;00:00:00;1385,685;2;S;Sul;PCH;PERFIL
2026-09-25;2026-10-02;2026-10-02 00:30:00;00:30:00;1380,54;2;S;Sul;PCH;PERFIL
2026-09-25;2026-10-02;2026-10-02 01:00:00;01:00:00;1374,554;2;S;Sul;PCH;PERFIL
2026-09-25;2026-10-02;2026-10-02 01:30:00;01:30:00;1370,429;2;S;Sul;PCH;PERFIL
2026-09-25;2026-10-02;2026-10-02 02:00:00;02:00:00;1366,78;2;S;Sul;PCH;PERFIL
2026-09-25;2026-10-02;2026-10-02 02:30:00;02:30:00;1364,886;2;S;Sul;PCH;PERFIL
2026-09-25;2026-10-02;2026-10-02 03:00:00;03:00:00;1363,402;2;S;Sul;PCH;PERFIL
2026-09-25;2026-10-02;2026-10-02 03:30:00;03:30:00;1361,099;2;S;Sul;PCH;PERFIL
2026-09-25;2026-10-02;2026-10-02 04:00:00;04:00:00;1357,706;2;S;Sul;PCH;PERFIL
2026-09-25;2026-10-02;2026-10-02 04:30:00;04:30:00;1356,109;2;S;Sul;PCH;PERFIL
2026-09-25;2026-10-02;2026-10-02 05:00:00;05:00:00;1354,243;2;S;Sul;PCH;PERFIL
2026-09-25;2026-10-02;2026-10-02 05:30:00;05:30:00;1352,083;2;S;Sul;PCH;PERFIL
2026-09-25;2026-10-02;2026-10-02 06:00:00;06:00:00;1348,785;2;S;Sul;PCH;PERFIL
2026-09-25;2026-10-02;2026-10-02 06:30:00;06:30:00;1345,95;2;S;Sul;PCH;PERFIL
2026-09-25;2026-10-02;2026-10-02 07:00:00;07:00:00;1340,356;2;S;Sul;PCH;PERFIL
2026-09-25;2026-10-02;2026-10-02 07:30:00;07:30:00;1333,602;2;S;Sul;PCH;PERFIL
2026-09-25;2026-10-02;2026-10-02 08:00:00;08:00:00;1325,758;2;S;Sul;PCH;PERFIL
2026-09-25;2026-10-02;2026-10-02 08:30:00;08:30:00;1315,824;2;S;Sul;PCH;PERFIL
2026-09-25;2026-10-02;2026-10-02 09:00:00;09:00:00;1306,509;2;S;Sul;PCH;PERFIL
2026-09-25;2026-10-02;2026-10-02 09:30:00;09:30:00;1301,046;2;S;Sul;PCH;PERFIL
2026-09-25;2026-10-02;2026-10-02 10:00:00;10:00:00;1298,99;2;S;Sul;PCH;PERFIL
2026-09-25;2026-10-02;2026-10-02 10:30:00;10:30:00;1296,509;2;S;Sul;PCH;PERFIL
2026-09-25;2026-10-02;2026-10-02 11:00:00;11:00:00;1294,679;2;S;Sul;PCH;PERFIL
2026-09-25;2026-10-02;2026-10-02 11:30:00;11:30:00;1295,861;2;S;Sul;PCH;PERFIL
2026-09-25;2026-10-02;2026-10-02 12:00:00;12:00:00;1296,611;2;S;Sul;PCH;PERFIL
2026-09-25;2026-10-02;2026-10-02 12:30:00;12:30:00;1299,672;2;S;Sul;PCH;PERFIL
2026-09-25;2026-10-02;2026-10-02 13:00:00;13:00:00;1303,01;2;S;Sul;PCH;PERFIL
2026-09-25;2026-10-02;2026-10-02 13:30:00;13:30:00;1306,833;2;S;Sul;PCH;PERFIL
2026-09-25;2026-10-02;2026-10-02 14:00:00;14:00:00;1311,985;2;S;Sul;PCH;PERFIL
2026-09-25;2026-10-02;2026-10-02 14:30:00;14:30:00;1319,847;2;S;Sul;PCH;PERFIL
2026-09-25;2026-10-02;2026-10-02 15:00:00;15:00:00;1328,83;2;S;Sul;PCH;PERFIL
2026-09-25;2026-10-02;2026-10-02 15:30:00;15:30:00;1340,231;2;S;Sul;PCH;PERFIL
2026-09-25;2026-10-02;2026-10-02 16:00:00;16:00:00;1353,733;2;S;Sul;PCH;PERFIL
2026-09-25;2026-10-02;2026-10-02 16:30:00;16:30:00;1373,755;2;S;Sul;PCH;PERFIL
2026-09-25;2026-10-02;2026-10-02 17:00:00;17:00:00;1390,636;2;S;Sul;PCH;PERFIL
2026-09-25;2026-10-02;2026-10-02 17:30:00;17:30:00;1403,399;2;S;Sul;PCH;PERFIL
2026-09-25;2026-10-02;2026-10-02 18:00:00;18:00:00;1416,141;2;S;Sul;PCH;PERFIL
2026-09-25;2026-10-02;2026-10-02 18:30:00;18:30:00;1423,233;2;S;Sul;PCH;PERFIL
2026-09-25;2026-10-02;2026-10-02 19:00:00;19:00:00;1426,607;2;S;Sul;PCH;PERFIL
2026-09-25;2026-10-02;2026-10-02 19:30:00;19:30:00;1429,441;2;S;Sul;PCH;PERFIL
2026-09-25;2026-10-02;2026-10-02 20:00:00;20:00:00;1430,065;2;S;Sul;PCH;PERFIL
2026-09-25;2026-10-02;2026-10-02 20:30:00;20:30:00;1428,471;2;S;Sul;PCH;PERFIL
2026-09-25;2026-10-02;2026-10-02 21:00:00;21:00:00;1426,285;2;S;Sul;PCH;PERFIL
2026-09-25;2026-10-02;2026-10-02 21:30:00;21:30:00;1424,067;2;S;Sul;PCH;PERFIL
2026-09-25;2026-10-02;2026-10-02 22:00:00;22:00:00;1419,969;2;S;Sul;PCH;PERFIL
2026-09-25;2026-10-02;2026-10-02 22:30:00;22:30:00;1412,674;2;S;Sul;PCH;PERFIL
2026-09-25;2026-10-02;2026-10-02 23:00:00;23:00:00;1403,582;2;S;Sul;PCH;PERFIL
2026-09-25;2026-10-02;2026-10-02 23:30:00;23:30:00;1395,537;2;S;Sul;PCH;PERFIL
2026-09-25;2026-09-25;2026-09-25 00:00:00;00:00:00;934,0;1;SE;Sudeste;PCH;DESSEM
2026-09-25;2026-09-25;2026-09-25 00:30:00;00:30:00;927,0;1;SE;Sudeste;PCH;DESSEM
2026-09-25;2026-09-25;2026-09-25 01:00:00;01:00:00;921,0;1;SE;Sudeste;PCH;DESSEM
2026-09-25;2026-09-25;2026-09-25 01:30:00;01:30:00;919,0;1;SE;Sudeste;PCH;DESSEM
2026-09-25;2026-09-25;2026-09-25 02:00:00;02:00:00;918,0;1;SE;Sudeste;PCH;DESSEM
2026-09-25;2026-09-25;2026-09-25 02:30:00;02:30:00;915,0;1;SE;Sudeste;PCH;DESSEM
2026-09-25;2026-09-25;2026-09-25 03:00:00;03:00:00;915,0;1;SE;Sudeste;PCH;DESSEM
2026-09-25;2026-09-25;2026-09-25 03:30:00;03:30:00;913,0;1;SE;Sudeste;PCH;DESSEM
2026-09-25;2026-09-25;2026-09-25 04:00:00;04:00:00;912,0;1;SE;Sudeste;PCH;DESSEM
2026-09-25;2026-09-25;2026-09-25 04:30:00;04:30:00;911,0;1;SE;Sudeste;PCH;DESSEM
2026-09-25;2026-09-25;2026-09-25 05:00:00;05:00:00;911,0;1;SE;Sudeste;PCH;DESSEM
2026-09-25;2026-09-25;2026-09-25 05:30:00;05:30:00;911,0;1;SE;Sudeste;PCH;DESSEM
2026-09-25;2026-09-25;2026-09-25 06:00:00;06:00:00;908,0;1;SE;Sudeste;PCH;DESSEM
2026-09-25;2026-09-25;2026-09-25 06:30:00;06:30:00;907,0;1;SE;Sudeste;PCH;DESSEM
2026-09-25;2026-09-25;2026-09-25 07:00:00;07:00:00;900,0;1;SE;Sudeste;PCH;DESSEM
2026-09-25;2026-09-25;2026-09-25 07:30:00;07:30:00;896,0;1;SE;Sudeste;PCH;DESSEM
2026-09-25;2026-09-25;2026-09-25 08:00:00;08:00:00;893,0;1;SE;Sudeste;PCH;DESSEM
2026-09-25;2026-09-25;2026-09-25 08:30:00;08:30:00;889,0;1;SE;Sudeste;PCH;DESSEM
2026-09-25;2026-09-25;2026-09-25 09:00:00;09:00:00;885,0;1;SE;Sudeste;PCH;DESSEM
2026-09-25;2026-09-25;2026-09-25 09:30:00;09:30:00;884,0;1;SE;Sudeste;PCH;DESSEM
2026-09-25;2026-09-25;2026-09-25 10:00:00;10:00:00;884,0;1;SE;Sudeste;PCH;DESSEM
2026-09-25;2026-09-25;2026-09-25 10:30:00;10:30:00;884,0;1;SE;Sudeste;PCH;DESSEM
2026-09-25;2026-09-25;2026-09-25 11:00:00;11:00:00;883,0;1;SE;Sudeste;PCH;DESSEM
2026-09-25;2026-09-25;2026-09-25 11:30:00;11:30:00;884,0;1;SE;Sudeste;PCH;DESSEM
2026-09-25;2026-09-25;2026-09-25 12:00:00;12:00:00;884,0;1;SE;Sudeste;PCH;DESSEM
2026-09-25;2026-09-25;2026-09-25 12:30:00;12:30:00;885,0;1;SE;Sudeste;PCH;DESSEM
2026-09-25;2026-09-25;2026-09-25 13:00:00;13:00:00;887,0;1;SE;Sudeste;PCH;DESSEM
2026-09-25;2026-09-25;2026-09-25 13:30:00;13:30:00;889,0;1;SE;Sudeste;PCH;DESSEM
2026-09-25;2026-09-25;2026-09-25 14:00:00;14:00:00;890,0;1;SE;Sudeste;PCH;DESSEM
2026-09-25;2026-09-25;2026-09-25 14:30:00;14:30:00;893,0;1;SE;Sudeste;PCH;DESSEM
2026-09-25;2026-09-25;2026-09-25 15:00:00;15:00:00;896,0;1;SE;Sudeste;PCH;DESSEM
2026-09-25;2026-09-25;2026-09-25 15:30:00;15:30:00;906,0;1;SE;Sudeste;PCH;DESSEM
2026-09-25;2026-09-25;2026-09-25 16:00:00;16:00:00;911,0;1;SE;Sudeste;PCH;DESSEM
2026-09-25;2026-09-25;2026-09-25 16:30:00;16:30:00;919,0;1;SE;Sudeste;PCH;DESSEM
2026-09-25;2026-09-25;2026-09-25 17:00:00;17:00:00;935,0;1;SE;Sudeste;PCH;DESSEM
2026-09-25;2026-09-25;2026-09-25 17:30:00;17:30:00;949,0;1;SE;Sudeste;PCH;DESSEM
2026-09-25;2026-09-25;2026-09-25 18:00:00;18:00:00;958,0;1;SE;Sudeste;PCH;DESSEM
2026-09-25;2026-09-25;2026-09-25 18:30:00;18:30:00;966,0;1;SE;Sudeste;PCH;DESSEM
2026-09-25;2026-09-25;2026-09-25 19:00:00;19:00:00;966,0;1;SE;Sudeste;PCH;DESSEM
2026-09-25;2026-09-25;2026-09-25 19:30:00;19:30:00;968,0;1;SE;Sudeste;PCH;DESSEM
2026-09-25;2026-09-25;2026-09-25 20:00:00;20:00:00;968,0;1;SE;Sudeste;PCH;DESSEM
2026-09-25;2026-09-25;2026-09-25 20:30:00;20:30:00;967,0;1;SE;Sudeste;PCH;DESSEM
2026-09-25;2026-09-25;2026-09-25 21:00:00;21:00:00;966,0;1;SE;Sudeste;PCH;DESSEM
2026-09-25;2026-09-25;2026-09-25 21:30:00;21:30:00;966,0;1;SE;Sudeste;PCH;DESSEM
2026-09-25;2026-09-25;2026-09-25 22:00:00;22:00:00;960,0;1;SE;Sudeste;PCH;DESSEM
2026-09-25;2026-09-25;2026-09-25 22:30:00;22:30:00;955,0;1;SE;Sudeste;PCH;DESSEM
2026-09-25;2026-09-25;2026-09-25 23:00:00;23:00:00;949,0;1;SE;Sudeste;PCH;DESSEM
2026-09-25;2026-09-25;2026-09-25 23:30:00;23:30:00;942,0;1;SE;Sudeste;PCH;DESSEM
2026-09-25;2026-09-26;2026-09-26 00:00:00;00:00:00;934,964;1;SE;Sudeste;PCH;PERFIL
2026-09-25;2026-09-26;2026-09-26 00:30:00;00:30:00;930,42;1;SE;Sudeste;PCH;PERFIL
2026-09-25;2026-09-26;2026-09-26 01:00:00;01:00:00;925,391;1;SE;Sudeste;PCH;PERFIL
2026-09-25;2026-09-26;2026-09-26 01:30:00;01:30:00;922,803;1;SE;Sudeste;PCH;PERFIL
2026-09-25;2026-09-26;2026-09-26 02:00:00;02:00:00;921,446;1;SE;Sudeste;PCH;PERFIL
2026-09-25;2026-09-26;2026-09-26 02:30:00;02:30:00;920,209;1;SE;Sudeste;PCH;PERFIL
2026-09-25;2026-09-26;2026-09-26 03:00:00;03:00:00;919,314;1;SE;Sudeste;PCH;PERFIL
2026-09-25;2026-09-26;2026-09-26 03:30:00;03:30:00;918,067;1;SE;Sudeste;PCH;PERFIL
2026-09-25;2026-09-26;2026-09-26 04:00:00;04:00:00;916,512;1;SE;Sudeste;PCH;PERFIL
2026-09-25;2026-09-26;2026-09-26 04:30:00;04:30:00;915,188;1;SE;Sudeste;PCH;PERFIL
2026-09-25;2026-09-26;2026-09-26 05:00:00;05:00:00;914,598;1;SE;Sudeste;PCH;PERFIL
2026-09-25;2026-09-26;2026-09-26 05:30:00;05:30:00;912,484;1;SE;Sudeste;PCH;PERFIL
2026-09-25;2026-09-26;2026-09-26 06:00:00;06:00:00;910,278;1;SE;Sudeste;PCH;PERFIL
2026-09-25;2026-09-26;2026-09-26 06:30:00;06:30:00;906,957;1;SE;Sudeste;PCH;PERFIL
2026-09-25;2026-09-26;2026-09-26 07:00:00;07:00:00;903,791;1;SE;Sudeste;PCH;PERFIL
2026-09-25;2026-09-26;2026-09-26 07:30:00;07:30:00;899,075;1;SE;Sudeste;PCH;PERFIL
2026-09-25;2026-09-26;2026-09-26 08:00:00;08:00:00;893,618;1;SE;Sudeste;PCH;PERFIL
2026-09-25;2026-09-26;2026-09-26 08:30:00;08:30:00;889,174;1;SE;Sudeste;PCH;PERFIL
2026-09-25;2026-09-26;2026-09-26 09:00:00;09:00:00;883,782;1;SE;Sudeste;PCH;PERFIL
2026-09-25;2026-09-26;2026-09-26 09:30:00;09:30:00;882,166;1;SE;Sudeste;PCH;PERFIL
2026-09-25;2026-09-26;2026-09-26 10:00:00;10:00:00;880,984;1;SE;Sudeste;PCH;PERFIL
2026-09-25;2026-09-26;2026-09-26 10:30:00;10:30:00;879,517;1;SE;Sudeste;PCH;PERFIL
2026-09-25;2026-09-26;2026-09-26 11:00:00;11:00:00;878,732;1;SE;Sudeste;PCH;PERFIL
2026-09-25;2026-09-26;2026-09-26 11:30:00;11:30:00;878,949;1;SE;Sudeste;PCH;PERFIL
2026-09-25;2026-09-26;2026-09-26 12:00:00;12:00:00;879,734;1;SE;Sudeste;PCH;PERFIL
2026-09-25;2026-09-26;2026-09-26 12:30:00;12:30:00;880,585;1;SE;Sudeste;PCH;PERFIL
2026-09-25;2026-09-26;2026-09-26 13:00:00;13:00:00;883,139;1;SE;Sudeste;PCH;PERFIL
2026-09-25;2026-09-26;2026-09-26 13:30:00;13:30:00;884,99;1;SE;Sudeste;PCH;PERFIL
2026-09-25;2026-09-26;2026-09-26 14:00:00;14:00:00;887,58;1;SE;Sudeste;PCH;PERFIL
2026-09-25;2026-09-26;2026-09-26 14:30:00;14:30:00;891,29;1;SE;Sudeste;PCH;PERFIL
2026-09-25;2026-09-26;2026-09-26 15:00:00;15:00:00;897,286;1;SE;Sudeste;PCH;PERFIL
2026-09-25;2026-09-26;2026-09-26 15:30:00;15:30:00;905,185;1;SE;Sudeste;PCH;PERFIL
2026-09-25;2026-09-26;2026-09-26 16:00:00;16:00:00;914,708;1;SE;Sudeste;PCH;PERFIL
2026-09-25;2026-09-26;2026-09-26 16:30:00;16:30:00;925,605;1;SE;Sudeste;PCH;PERFIL
2026-09-25;2026-09-26;2026-09-26 17:00:00;17:00:00;937,861;1;SE;Sudeste;PCH;PERFIL
2026-09-25;2026-09-26;2026-09-26 17:30:00;17:30:00;946,649;1;SE;Sudeste;PCH;PERFIL
2026-09-25;2026-09-26;2026-09-26 18:00:00;18:00:00;956,344;1;SE;Sudeste;PCH;PERFIL
2026-09-25;2026-09-26;2026-09-26 18:30:00;18:30:00;961,23;1;SE;Sudeste;PCH;PERFIL
2026-09-25;2026-09-26;2026-09-26 19:00:00;19:00:00;964,356;1;SE;Sudeste;PCH;PERFIL
2026-09-25;2026-09-26;2026-09-26 19:30:00;19:30:00;966,432;1;SE;Sudeste;PCH;PERFIL
2026-09-25;2026-09-26;2026-09-26 20:00:00;20:00:00;966,884;1;SE;Sudeste;PCH;PERFIL
2026-09-25;2026-09-26;2026-09-26 20:30:00;20:30:00;965,924;1;SE;Sudeste;PCH;PERFIL
2026-09-25;2026-09-26;2026-09-26 21:00:00;21:00:00;964,089;1;SE;Sudeste;PCH;PERFIL
2026-09-25;2026-09-26;2026-09-26 21:30:00;21:30:00;961,456;1;SE;Sudeste;PCH;PERFIL
2026-09-25;2026-09-26;2026-09-26 22:00:00;22:00:00;957,883;1;SE;Sudeste;PCH;PERFIL
2026-09-25;2026-09-26;2026-09-26 22:30:00;22:30:00;953,64;1;SE;Sudeste;PCH;PERFIL
2026-09-25;2026-09-26;2026-09-26 23:00:00;23:00:00;946,336;1;SE;Sudeste;PCH;PERFIL
2026-09-25;2026-09-26;2026-09-26 23:30:00;23:30:00;941,393;1;SE;Sudeste;PCH;PERFIL
2026-09-25;2026-09-27;2026-09-27 00:00:00;00:00:00;934,964;1;SE;Sudeste;PCH;PERFIL
2026-09-25;2026-09-27;2026-09-27 00:30:00;00:30:00;930,42;1;SE;Sudeste;PCH;PERFIL
2026-09-25;2026-09-27;2026-09-27 01:00:00;01:00:00;925,391;1;SE;Sudeste;PCH;PERFIL
2026-09-25;2026-09-27;2026-09-27 01:30:00;01:30:00;922,803;1;SE;Sudeste;PCH;PERFIL
2026-09-25;2026-09-27;2026-09-27 02:00:00;02:00:00;921,446;1;SE;Sudeste;PCH;PERFIL
2026-09-25;2026-09-27;2026-09-27 02:30:00;02:30:00;920,209;1;SE;Sudeste;PCH;PERFIL
2026-09-25;2026-09-27;2026-09-27 03:00:00;03:00:00;919,314;1;SE;Sudeste;PCH;PERFIL
2026-09-25;2026-09-27;2026-09-27 03:30:00;03:30:00;918,067;1;SE;Sudeste;PCH;PERFIL
2026-09-25;2026-09-27;2026-09-27 04:00:00;04:00:00;916,512;1;SE;Sudeste;PCH;PERFIL
2026-09-25;2026-09-27;2026-09-27 04:30:00;04:30:00;915,188;1;SE;Sudeste;PCH;PERFIL
2026-09-25;2026-09-27;2026-09-27 05:00:00;05:00:00;914,598;1;SE;Sudeste;PCH;PERFIL
2026-09-25;2026-09-27;2026-09-27 05:30:00;05:30:00;912,484;1;SE;Sudeste;PCH;PERFIL
2026-09-25;2026-09-27;2026-09-27 06:00:00;06:00:00;910,278;1;SE;Sudeste;PCH;PERFIL
2026-09-25;2026-09-27;2026-09-27 06:30:00;06:30:00;906,957;1;SE;Sudeste;PCH;PERFIL
2026-09-25;2026-09-27;2026-09-27 07:00:00;07:00:00;903,791;1;SE;Sudeste;PCH;PERFIL
2026-09-25;2026-09-27;2026-09-27 07:30:00;07:30:00;899,075;1;SE;Sudeste;PCH;PERFIL
2026-09-25;2026-09-27;2026-09-27 08:00:00;08:00:00;893,618;1;SE;Sudeste;PCH;PERFIL
2026-09-25;2026-09-27;2026-09-27 08:30:00;08:30:00;889,174;1;SE;Sudeste;PCH;PERFIL
2026-09-25;2026-09-27;2026-09-27 09:00:00;09:00:00;883,782;1;SE;Sudeste;PCH;PERFIL
2026-09-25;2026-09-27;2026-09-27 09:30:00;09:30:00;882,166;1;SE;Sudeste;PCH;PERFIL
2026-09-25;2026-09-27;2026-09-27 10:00:00;10:00:00;880,984;1;SE;Sudeste;PCH;PERFIL
2026-09-25;2026-09-27;2026-09-27 10:30:00;10:30:00;879,517;1;SE;Sudeste;PCH;PERFIL
2026-09-25;2026-09-27;2026-09-27 11:00:00;11:00:00;878,732;1;SE;Sudeste;PCH;PERFIL
2026-09-25;2026-09-27;2026-09-27 11:30:00;11:30:00;878,949;1;SE;Sudeste;PCH;PERFIL
2026-09-25;2026-09-27;2026-09-27 12:00:00;12:00:00;879,734;1;SE;Sudeste;PCH;PERFIL
2026-09-25;2026-09-27;2026-09-27 12:30:00;12:30:00;880,585;1;SE;Sudeste;PCH;PERFIL
2026-09-25;2026-09-27;2026-09-27 13:00:00;13:00:00;883,139;1;SE;Sudeste;PCH;PERFIL
2026-09-25;2026-09-27;2026-09-27 13:30:00;13:30:00;884,99;1;SE;Sudeste;PCH;PERFIL
2026-09-25;2026-09-27;2026-09-27 14:00:00;14:00:00;887,58;1;SE;Sudeste;PCH;PERFIL
2026-09-25;2026-09-27;2026-09-27 14:30:00;14:30:00;891,29;1;SE;Sudeste;PCH;PERFIL
2026-09-25;2026-09-27;2026-09-27 15:00:00;15:00:00;897,286;1;SE;Sudeste;PCH;PERFIL
2026-09-25;2026-09-27;2026-09-27 15:30:00;15:30:00;905,185;1;SE;Sudeste;PCH;PERFIL
2026-09-25;2026-09-27;2026-09-27 16:00:00;16:00:00;914,708;1;SE;Sudeste;PCH;PERFIL
2026-09-25;2026-09-27;2026-09-27 16:30:00;16:30:00;925,605;1;SE;Sudeste;PCH;PERFIL
2026-09-25;2026-09-27;2026-09-27 17:00:00;17:00:00;937,861;1;SE;Sudeste;PCH;PERFIL
2026-09-25;2026-09-27;2026-09-27 17:30:00;17:30:00;946,649;1;SE;Sudeste;PCH;PERFIL
2026-09-25;2026-09-27;2026-09-27 18:00:00;18:00:00;956,344;1;SE;Sudeste;PCH;PERFIL
2026-09-25;2026-09-27;2026-09-27 18:30:00;18:30:00;961,23;1;SE;Sudeste;PCH;PERFIL
2026-09-25;2026-09-27;2026-09-27 19:00:00;19:00:00;964,356;1;SE;Sudeste;PCH;PERFIL
2026-09-25;2026-09-27;2026-09-27 19:30:00;19:30:00;966,432;1;SE;Sudeste;PCH;PERFIL
2026-09-25;2026-09-27;2026-09-27 20:00:00;20:00:00;966,884;1;SE;Sudeste;PCH;PERFIL
2026-09-25;2026-09-27;2026-09-27 20:30:00;20:30:00;965,924;1;SE;Sudeste;PCH;PERFIL
2026-09-25;2026-09-27;2026-09-27 21:00:00;21:00:00;964,089;1;SE;Sudeste;PCH;PERFIL
2026-09-25;2026-09-27;2026-09-27 21:30:00;21:30:00;961,456;1;SE;Sudeste;PCH;PERFIL
2026-09-25;2026-09-27;2026-09-27 22:00:00;22:00:00;957,883;1;SE;Sudeste;PCH;PERFIL
2026-09-25;2026-09-27;2026-09-27 22:30:00;22:30:00;953,64;1;SE;Sudeste;PCH;PERFIL
2026-09-25;2026-09-27;2026-09-27 23:00:00;23:00:00;946,336;1;SE;Sudeste;PCH;PERFIL
2026-09-25;2026-09-27;2026-09-27 23:30:00;23:30:00;941,393;1;SE;Sudeste;PCH;PERFIL
2026-09-25;2026-09-28;2026-09-28 00:00:00;00:00:00;934,964;1;SE;Sudeste;PCH;PERFIL
2026-09-25;2026-09-28;2026-09-28 00:30:00;00:30:00;930,42;1;SE;Sudeste;PCH;PERFIL
2026-09-25;2026-09-28;2026-09-28 01:00:00;01:00:00;925,391;1;SE;Sudeste;PCH;PERFIL
2026-09-25;2026-09-28;2026-09-28 01:30:00;01:30:00;922,803;1;SE;Sudeste;PCH;PERFIL
2026-09-25;2026-09-28;2026-09-28 02:00:00;02:00:00;921,446;1;SE;Sudeste;PCH;PERFIL
2026-09-25;2026-09-28;2026-09-28 02:30:00;02:30:00;920,209;1;SE;Sudeste;PCH;PERFIL
2026-09-25;2026-09-28;2026-09-28 03:00:00;03:00:00;919,314;1;SE;Sudeste;PCH;PERFIL
2026-09-25;2026-09-28;2026-09-28 03:30:00;03:30:00;918,067;1;SE;Sudeste;PCH;PERFIL
2026-09-25;2026-09-28;2026-09-28 04:00:00;04:00:00;916,512;1;SE;Sudeste;PCH;PERFIL
2026-09-25;2026-09-28;2026-09-28 04:30:00;04:30:00;915,188;1;SE;Sudeste;PCH;PERFIL
2026-09-25;2026-09-28;2026-09-28 05:00:00;05:00:00;914,598;1;SE;Sudeste;PCH;PERFIL
2026-09-25;2026-09-28;2026-09-28 05:30:00;05:30:00;912,484;1;SE;Sudeste;PCH;PERFIL
2026-09-25;2026-09-28;2026-09-28 06:00:00;06:00:00;910,278;1;SE;Sudeste;PCH;PERFIL
2026-09-25;2026-09-28;2026-09-28 06:30:00;06:30:00;906,957;1;SE;Sudeste;PCH;PERFIL
2026-09-25;2026-09-28;2026-09-28 07:00:00;07:00:00;903,791;1;SE;Sudeste;PCH;PERFIL
2026-09-25;2026-09-28;2026-09-28 07:30:00;07:30:00;899,075;1;SE;Sudeste;PCH;PERFIL
2026-09-25;2026-09-28;2026-09-28 08:00:00;08:00:00;893,618;1;SE;Sudeste;PCH;PERFIL
2026-09-25;2026-09-28;2026-09-28 08:30:00;08:30:00;889,174;1;SE;Sudeste;PCH;PERFIL
2026-09-25;2026-09-28;2026-09-28 09:00:00;09:00:00;883,782;1;SE;Sudeste;PCH;PERFIL
2026-09-25;2026-09-28;2026-09-28 09:30:00;09:30:00;882,166;1;SE;Sudeste;PCH;PERFIL
2026-09-25;2026-09-28;2026-09-28 10:00:00;10:00:00;880,984;1;SE;Sudeste;PCH;PERFIL
2026-09-25;2026-09-28;2026-09-28 10:30:00;10:30:00;879,517;1;SE;Sudeste;PCH;PERFIL
2026-09-25;2026-09-28;2026-09-28 11:00:00;11:00:00;878,732;1;SE;Sudeste;PCH;PERFIL
2026-09-25;2026-09-28;2026-09-28 11:30:00;11:30:00;878,949;1;SE;Sudeste;PCH;PERFIL
2026-09-25;2026-09-28;2026-09-28 12:00:00;12:00:00;879,734;1;SE;Sudeste;PCH;PERFIL
2026-09-25;2026-09-28;2026-09-28 12:30:00;12:30:00;880,585;1;SE;Sudeste;PCH;PERFIL
2026-09-25;2026-09-28;2026-09-28 13:00:00;13:00:00;883,139;1;SE;Sudeste;PCH;PERFIL
2026-09-25;2026-09-28;2026-09-28 13:30:00;13:30:00;884,99;1;SE;Sudeste;PCH;PERFIL
2026-09-25;2026-09-28;2026-09-28 14:00:00;14:00:00;887,58;1;SE;Sudeste;PCH;PERFIL
2026-09-25;2026-09-28;2026-09-28 14:30:00;14:30:00;891,29;1;SE;Sudeste;PCH;PERFIL
2026-09-25;2026-09-28;2026-09-28 15:00:00;15:00:00;897,286;1;SE;Sudeste;PCH;PERFIL
2026-09-25;2026-09-28;2026-09-28 15:30:00;15:30:00;905,185;1;SE;Sudeste;PCH;PERFIL
2026-09-25;2026-09-28;2026-09-28 16:00:00;16:00:00;914,708;1;SE;Sudeste;PCH;PERFIL
2026-09-25;2026-09-28;2026-09-28 16:30:00;16:30:00;925,605;1;SE;Sudeste;PCH;PERFIL
2026-09-25;2026-09-28;2026-09-28 17:00:00;17:00:00;937,861;1;SE;Sudeste;PCH;PERFIL
2026-09-25;2026-09-28;2026-09-28 17:30:00;17:30:00;946,649;1;SE;Sudeste;PCH;PERFIL
2026-09-25;2026-09-28;2026-09-28 18:00:00;18:00:00;956,344;1;SE;Sudeste;PCH;PERFIL
2026-09-25;2026-09-28;2026-09-28 18:30:00;18:30:00;961,23;1;SE;Sudeste;PCH;PERFIL
2026-09-25;2026-09-28;2026-09-28 19:00:00;19:00:00;964,356;1;SE;Sudeste;PCH;PERFIL
2026-09-25;2026-09-28;2026-09-28 19:30:00;19:30:00;966,432;1;SE;Sudeste;PCH;PERFIL
2026-09-25;2026-09-28;2026-09-28 20:00:00;20:00:00;966,884;1;SE;Sudeste;PCH;PERFIL
2026-09-25;2026-09-28;2026-09-28 20:30:00;20:30:00;965,924;1;SE;Sudeste;PCH;PERFIL
2026-09-25;2026-09-28;2026-09-28 21:00:00;21:00:00;964,089;1;SE;Sudeste;PCH;PERFIL
2026-09-25;2026-09-28;2026-09-28 21:30:00;21:30:00;961,456;1;SE;Sudeste;PCH;PERFIL
2026-09-25;2026-09-28;2026-09-28 22:00:00;22:00:00;957,883;1;SE;Sudeste;PCH;PERFIL
2026-09-25;2026-09-28;2026-09-28 22:30:00;22:30:00;953,64;1;SE;Sudeste;PCH;PERFIL
2026-09-25;2026-09-28;2026-09-28 23:00:00;23:00:00;946,336;1;SE;Sudeste;PCH;PERFIL
2026-09-25;2026-09-28;2026-09-28 23:30:00;23:30:00;941,393;1;SE;Sudeste;PCH;PERFIL
2026-09-25;2026-09-29;2026-09-29 00:00:00;00:00:00;934,964;1;SE;Sudeste;PCH;PERFIL
2026-09-25;2026-09-29;2026-09-29 00:30:00;00:30:00;930,42;1;SE;Sudeste;PCH;PERFIL
2026-09-25;2026-09-29;2026-09-29 01:00:00;01:00:00;925,391;1;SE;Sudeste;PCH;PERFIL
2026-09-25;2026-09-29;2026-09-29 01:30:00;01:30:00;922,803;1;SE;Sudeste;PCH;PERFIL
2026-09-25;2026-09-29;2026-09-29 02:00:00;02:00:00;921,446;1;SE;Sudeste;PCH;PERFIL
2026-09-25;2026-09-29;2026-09-29 02:30:00;02:30:00;920,209;1;SE;Sudeste;PCH;PERFIL
2026-09-25;2026-09-29;2026-09-29 03:00:00;03:00:00;919,314;1;SE;Sudeste;PCH;PERFIL
2026-09-25;2026-09-29;2026-09-29 03:30:00;03:30:00;918,067;1;SE;Sudeste;PCH;PERFIL
2026-09-25;2026-09-29;2026-09-29 04:00:00;04:00:00;916,512;1;SE;Sudeste;PCH;PERFIL
2026-09-25;2026-09-29;2026-09-29 04:30:00;04:30:00;915,188;1;SE;Sudeste;PCH;PERFIL
2026-09-25;2026-09-29;2026-09-29 05:00:00;05:00:00;914,598;1;SE;Sudeste;PCH;PERFIL
2026-09-25;2026-09-29;2026-09-29 05:30:00;05:30:00;912,484;1;SE;Sudeste;PCH;PERFIL
2026-09-25;2026-09-29;2026-09-29 06:00:00;06:00:00;910,278;1;SE;Sudeste;PCH;PERFIL
2026-09-25;2026-09-29;2026-09-29 06:30:00;06:30:00;906,957;1;SE;Sudeste;PCH;PERFIL
2026-09-25;2026-09-29;2026-09-29 07:00:00;07:00:00;903,791;1;SE;Sudeste;PCH;PERFIL
2026-09-25;2026-09-29;2026-09-29 07:30:00;07:30:00;899,075;1;SE;Sudeste;PCH;PERFIL
2026-09-25;2026-09-29;2026-09-29 08:00:00;08:00:00;893,618;1;SE;Sudeste;PCH;PERFIL
2026-09-25;2026-09-29;2026-09-29 08:30:00;08:30:00;889,174;1;SE;Sudeste;PCH;PERFIL
2026-09-25;2026-09-29;2026-09-29 09:00:00;09:00:00;883,782;1;SE;Sudeste;PCH;PERFIL
2026-09-25;2026-09-29;2026-09-29 09:30:00;09:30:00;882,166;1;SE;Sudeste;PCH;PERFIL
2026-09-25;2026-09-29;2026-09-29 10:00:00;10:00:00;880,984;1;SE;Sudeste;PCH;PERFIL
2026-09-25;2026-09-29;2026-09-29 10:30:00;10:30:00;879,517;1;SE;Sudeste;PCH;PERFIL
2026-09-25;2026-09-29;2026-09-29 11:00:00;11:00:00;878,732;1;SE;Sudeste;PCH;PERFIL
2026-09-25;2026-09-29;2026-09-29 11:30:00;11:30:00;878,949;1;SE;Sudeste;PCH;PERFIL
2026-09-25;2026-09-29;2026-09-29 12:00:00;12:00:00;879,734;1;SE;Sudeste;PCH;PERFIL
2026-09-25;2026-09-29;2026-09-29 12:30:00;12:30:00;880,585;1;SE;Sudeste;PCH;PERFIL
2026-09-25;2026-09-29;2026-09-29 13:00:00;13:00:00;883,139;1;SE;Sudeste;PCH;PERFIL
2026-09-25;2026-09-29;2026-09-29 13:30:00;13:30:00;884,99;1;SE;Sudeste;PCH;PERFIL
2026-09-25;2026-09-29;2026-09-29 14:00:00;14:00:00;887,58;1;SE;Sudeste;PCH;PERFIL
2026-09-25;2026-09-29;2026-09-29 14:30:00;14:30:00;891,29;1;SE;Sudeste;PCH;PERFIL
2026-09-25;2026-09-29;2026-09-29 15:00:00;15:00:00;897,286;1;SE;Sudeste;PCH;PERFIL
2026-09-25;2026-09-29;2026-09-29 15:30:00;15:30:00;905,185;1;SE;Sudeste;PCH;PERFIL
2026-09-25;2026-09-29;2026-09-29 16:00:00;16:00:00;914,708;1;SE;Sudeste;PCH;PERFIL
2026-09-25;2026-09-29;2026-09-29 16:30:00;16:30:00;925,605;1;SE;Sudeste;PCH;PERFIL
2026-09-25;2026-09-29;2026-09-29 17:00:00;17:00:00;937,861;1;SE;Sudeste;PCH;PERFIL
2026-09-25;2026-09-29;2026-09-29 17:30:00;17:30:00;946,649;1;SE;Sudeste;PCH;PERFIL
2026-09-25;2026-09-29;2026-09-29 18:00:00;18:00:00;956,344;1;SE;Sudeste;PCH;PERFIL
2026-09-25;2026-09-29;2026-09-29 18:30:00;18:30:00;961,23;1;SE;Sudeste;PCH;PERFIL
2026-09-25;2026-09-29;2026-09-29 19:00:00;19:00:00;964,356;1;SE;Sudeste;PCH;PERFIL
2026-09-25;2026-09-29;2026-09-29 19:30:00;19:30:00;966,432;1;SE;Sudeste;PCH;PERFIL
2026-09-25;2026-09-29;2026-09-29 20:00:00;20:00:00;966,884;1;SE;Sudeste;PCH;PERFIL
2026-09-25;2026-09-29;2026-09-29 20:30:00;20:30:00;965,924;1;SE;Sudeste;PCH;PERFIL
2026-09-25;2026-09-29;2026-09-29 21:00:00;21:00:00;964,089;1;SE;Sudeste;PCH;PERFIL
2026-09-25;2026-09-29;2026-09-29 21:30:00;21:30:00;961,456;1;SE;Sudeste;PCH;PERFIL
2026-09-25;2026-09-29;2026-09-29 22:00:00;22:00:00;957,883;1;SE;Sudeste;PCH;PERFIL
2026-09-25;2026-09-29;2026-09-29 22:30:00;22:30:00;953,64;1;SE;Sudeste;PCH;PERFIL
2026-09-25;2026-09-29;2026-09-29 23:00:00;23:00:00;946,336;1;SE;Sudeste;PCH;PERFIL
2026-09-25;2026-09-29;2026-09-29 23:30:00;23:30:00;941,393;1;SE;Sudeste;PCH;PERFIL
2026-09-25;2026-09-30;2026-09-30 00:00:00;00:00:00;934,964;1;SE;Sudeste;PCH;PERFIL
2026-09-25;2026-09-30;2026-09-30 00:30:00;00:30:00;930,42;1;SE;Sudeste;PCH;PERFIL
2026-09-25;2026-09-30;2026-09-30 01:00:00;01:00:00;925,391;1;SE;Sudeste;PCH;PERFIL
2026-09-25;2026-09-30;2026-09-30 01:30:00;01:30:00;922,803;1;SE;Sudeste;PCH;PERFIL
2026-09-25;2026-09-30;2026-09-30 02:00:00;02:00:00;921,446;1;SE;Sudeste;PCH;PERFIL
2026-09-25;2026-09-30;2026-09-30 02:30:00;02:30:00;920,209;1;SE;Sudeste;PCH;PERFIL
2026-09-25;2026-09-30;2026-09-30 03:00:00;03:00:00;919,314;1;SE;Sudeste;PCH;PERFIL
2026-09-25;2026-09-30;2026-09-30 03:30:00;03:30:00;918,067;1;SE;Sudeste;PCH;PERFIL
2026-09-25;2026-09-30;2026-09-30 04:00:00;04:00:00;916,512;1;SE;Sudeste;PCH;PERFIL
2026-09-25;2026-09-30;2026-09-30 04:30:00;04:30:00;915,188;1;SE;Sudeste;PCH;PERFIL
2026-09-25;2026-09-30;2026-09-30 05:00:00;05:00:00;914,598;1;SE;Sudeste;PCH;PERFIL
2026-09-25;2026-09-30;2026-09-30 05:30:00;05:30:00;912,484;1;SE;Sudeste;PCH;PERFIL
2026-09-25;2026-09-30;2026-09-30 06:00:00;06:00:00;910,278;1;SE;Sudeste;PCH;PERFIL
2026-09-25;2026-09-30;2026-09-30 06:30:00;06:30:00;906,957;1;SE;Sudeste;PCH;PERFIL
2026-09-25;2026-09-30;2026-09-30 07:00:00;07:00:00;903,791;1;SE;Sudeste;PCH;PERFIL
2026-09-25;2026-09-30;2026-09-30 07:30:00;07:30:00;899,075;1;SE;Sudeste;PCH;PERFIL
2026-09-25;2026-09-30;2026-09-30 08:00:00;08:00:00;893,618;1;SE;Sudeste;PCH;PERFIL
2026-09-25;2026-09-30;2026-09-30 08:30:00;08:30:00;889,174;1;SE;Sudeste;PCH;PERFIL
2026-09-25;2026-09-30;2026-09-30 09:00:00;09:00:00;883,782;1;SE;Sudeste;PCH;PERFIL
2026-09-25;2026-09-30;2026-09-30 09:30:00;09:30:00;882,166;1;SE;Sudeste;PCH;PERFIL
2026-09-25;2026-09-30;2026-09-30 10:00:00;10:00:00;880,984;1;SE;Sudeste;PCH;PERFIL
2026-09-25;2026-09-30;2026-09-30 10:30:00;10:30:00;879,517;1;SE;Sudeste;PCH;PERFIL
2026-09-25;2026-09-30;2026-09-30 11:00:00;11:00:00;878,732;1;SE;Sudeste;PCH;PERFIL
2026-09-25;2026-09-30;2026-09-30 11:30:00;11:30:00;878,949;1;SE;Sudeste;PCH;PERFIL
2026-09-25;2026-09-30;2026-09-30 12:00:00;12:00:00;879,734;1;SE;Sudeste;PCH;PERFIL
2026-09-25;2026-09-30;2026-09-30 12:30:00;12:30:00;880,585;1;SE;Sudeste;PCH;PERFIL
2026-09-25;2026-09-30;2026-09-30 13:00:00;13:00:00;883,139;1;SE;Sudeste;PCH;PERFIL
2026-09-25;2026-09-30;2026-09-30 13:30:00;13:30:00;884,99;1;SE;Sudeste;PCH;PERFIL
2026-09-25;2026-09-30;2026-09-30 14:00:00;14:00:00;887,58;1;SE;Sudeste;PCH;PERFIL
2026-09-25;2026-09-30;2026-09-30 14:30:00;14:30:00;891,29;1;SE;Sudeste;PCH;PERFIL
2026-09-25;2026-09-30;2026-09-30 15:00:00;15:00:00;897,286;1;SE;Sudeste;PCH;PERFIL
2026-09-25;2026-09-30;2026-09-30 15:30:00;15:30:00;905,185;1;SE;Sudeste;PCH;PERFIL
2026-09-25;2026-09-30;2026-09-30 16:00:00;16:00:00;914,708;1;SE;Sudeste;PCH;PERFIL
2026-09-25;2026-09-30;2026-09-30 16:30:00;16:30:00;925,605;1;SE;Sudeste;PCH;PERFIL
2026-09-25;2026-09-30;2026-09-30 17:00:00;17:00:00;937,861;1;SE;Sudeste;PCH;PERFIL
2026-09-25;2026-09-30;2026-09-30 17:30:00;17:30:00;946,649;1;SE;Sudeste;PCH;PERFIL
2026-09-25;2026-09-30;2026-09-30 18:00:00;18:00:00;956,344;1;SE;Sudeste;PCH;PERFIL
2026-09-25;2026-09-30;2026-09-30 18:30:00;18:30:00;961,23;1;SE;Sudeste;PCH;PERFIL
2026-09-25;2026-09-30;2026-09-30 19:00:00;19:00:00;964,356;1;SE;Sudeste;PCH;PERFIL
2026-09-25;2026-09-30;2026-09-30 19:30:00;19:30:00;966,432;1;SE;Sudeste;PCH;PERFIL
2026-09-25;2026-09-30;2026-09-30 20:00:00;20:00:00;966,884;1;SE;Sudeste;PCH;PERFIL
2026-09-25;2026-09-30;2026-09-30 20:30:00;20:30:00;965,924;1;SE;Sudeste;PCH;PERFIL
2026-09-25;2026-09-30;2026-09-30 21:00:00;21:00:00;964,089;1;SE;Sudeste;PCH;PERFIL
2026-09-25;2026-09-30;2026-09-30 21:30:00;21:30:00;961,456;1;SE;Sudeste;PCH;PERFIL
2026-09-25;2026-09-30;2026-09-30 22:00:00;22:00:00;957,883;1;SE;Sudeste;PCH;PERFIL
2026-09-25;2026-09-30;2026-09-30 22:30:00;22:30:00;953,64;1;SE;Sudeste;PCH;PERFIL
2026-09-25;2026-09-30;2026-09-30 23:00:00;23:00:00;946,336;1;SE;Sudeste;PCH;PERFIL
2026-09-25;2026-09-30;2026-09-30 23:30:00;23:30:00;941,393;1;SE;Sudeste;PCH;PERFIL
2026-09-25;2026-10-01;2026-10-01 00:00:00;00:00:00;934,964;1;SE;Sudeste;PCH;PERFIL
2026-09-25;2026-10-01;2026-10-01 00:30:00;00:30:00;930,42;1;SE;Sudeste;PCH;PERFIL
2026-09-25;2026-10-01;2026-10-01 01:00:00;01:00:00;925,391;1;SE;Sudeste;PCH;PERFIL
2026-09-25;2026-10-01;2026-10-01 01:30:00;01:30:00;922,803;1;SE;Sudeste;PCH;PERFIL
2026-09-25;2026-10-01;2026-10-01 02:00:00;02:00:00;921,446;1;SE;Sudeste;PCH;PERFIL
2026-09-25;2026-10-01;2026-10-01 02:30:00;02:30:00;920,209;1;SE;Sudeste;PCH;PERFIL
2026-09-25;2026-10-01;2026-10-01 03:00:00;03:00:00;919,314;1;SE;Sudeste;PCH;PERFIL
2026-09-25;2026-10-01;2026-10-01 03:30:00;03:30:00;918,067;1;SE;Sudeste;PCH;PERFIL
2026-09-25;2026-10-01;2026-10-01 04:00:00;04:00:00;916,512;1;SE;Sudeste;PCH;PERFIL
2026-09-25;2026-10-01;2026-10-01 04:30:00;04:30:00;915,188;1;SE;Sudeste;PCH;PERFIL
2026-09-25;2026-10-01;2026-10-01 05:00:00;05:00:00;914,598;1;SE;Sudeste;PCH;PERFIL
2026-09-25;2026-10-01;2026-10-01 05:30:00;05:30:00;912,484;1;SE;Sudeste;PCH;PERFIL
2026-09-25;2026-10-01;2026-10-01 06:00:00;06:00:00;910,278;1;SE;Sudeste;PCH;PERFIL
2026-09-25;2026-10-01;2026-10-01 06:30:00;06:30:00;906,957;1;SE;Sudeste;PCH;PERFIL
2026-09-25;2026-10-01;2026-10-01 07:00:00;07:00:00;903,791;1;SE;Sudeste;PCH;PERFIL
2026-09-25;2026-10-01;2026-10-01 07:30:00;07:30:00;899,075;1;SE;Sudeste;PCH;PERFIL
2026-09-25;2026-10-01;2026-10-01 08:00:00;08:00:00;893,618;1;SE;Sudeste;PCH;PERFIL
2026-09-25;2026-10-01;2026-10-01 08:30:00;08:30:00;889,174;1;SE;Sudeste;PCH;PERFIL
2026-09-25;2026-10-01;2026-10-01 09:00:00;09:00:00;883,782;1;SE;Sudeste;PCH;PERFIL
2026-09-25;2026-10-01;2026-10-01 09:30:00;09:30:00;882,166;1;SE;Sudeste;PCH;PERFIL
2026-09-25;2026-10-01;2026-10-01 10:00:00;10:00:00;880,984;1;SE;Sudeste;PCH;PERFIL
2026-09-25;2026-10-01;2026-10-01 10:30:00;10:30:00;879,517;1;SE;Sudeste;PCH;PERFIL
2026-09-25;2026-10-01;2026-10-01 11:00:00;11:00:00;878,732;1;SE;Sudeste;PCH;PERFIL
2026-09-25;2026-10-01;2026-10-01 11:30:00;11:30:00;878,949;1;SE;Sudeste;PCH;PERFIL
2026-09-25;2026-10-01;2026-10-01 12:00:00;12:00:00;879,734;1;SE;Sudeste;PCH;PERFIL
2026-09-25;2026-10-01;2026-10-01 12:30:00;12:30:00;880,585;1;SE;Sudeste;PCH;PERFIL
2026-09-25;2026-10-01;2026-10-01 13:00:00;13:00:00;883,139;1;SE;Sudeste;PCH;PERFIL
2026-09-25;2026-10-01;2026-10-01 13:30:00;13:30:00;884,99;1;SE;Sudeste;PCH;PERFIL
2026-09-25;2026-10-01;2026-10-01 14:00:00;14:00:00;887,58;1;SE;Sudeste;PCH;PERFIL
2026-09-25;2026-10-01;2026-10-01 14:30:00;14:30:00;891,29;1;SE;Sudeste;PCH;PERFIL
2026-09-25;2026-10-01;2026-10-01 15:00:00;15:00:00;897,286;1;SE;Sudeste;PCH;PERFIL
2026-09-25;2026-10-01;2026-10-01 15:30:00;15:30:00;905,185;1;SE;Sudeste;PCH;PERFIL
2026-09-25;2026-10-01;2026-10-01 16:00:00;16:00:00;914,708;1;SE;Sudeste;PCH;PERFIL
2026-09-25;2026-10-01;2026-10-01 16:30:00;16:30:00;925,605;1;SE;Sudeste;PCH;PERFIL
2026-09-25;2026-10-01;2026-10-01 17:00:00;17:00:00;937,861;1;SE;Sudeste;PCH;PERFIL
2026-09-25;2026-10-01;2026-10-01 17:30:00;17:30:00;946,649;1;SE;Sudeste;PCH;PERFIL
2026-09-25;2026-10-01;2026-10-01 18:00:00;18:00:00;956,344;1;SE;Sudeste;PCH;PERFIL
2026-09-25;2026-10-01;2026-10-01 18:30:00;18:30:00;961,23;1;SE;Sudeste;PCH;PERFIL
2026-09-25;2026-10-01;2026-10-01 19:00:00;19:00:00;964,356;1;SE;Sudeste;PCH;PERFIL
2026-09-25;2026-10-01;2026-10-01 19:30:00;19:30:00;966,432;1;SE;Sudeste;PCH;PERFIL
2026-09-25;2026-10-01;2026-10-01 20:00:00;20:00:00;966,884;1;SE;Sudeste;PCH;PERFIL
2026-09-25;2026-10-01;2026-10-01 20:30:00;20:30:00;965,924;1;SE;Sudeste;PCH;PERFIL
2026-09-25;2026-10-01;2026-10-01 21:00:00;21:00:00;964,089;1;SE;Sudeste;PCH;PERFIL
2026-09-25;2026-10-01;2026-10-01 21:30:00;21:30:00;961,456;1;SE;Sudeste;PCH;PERFIL
2026-09-25;2026-10-01;2026-10-01 22:00:00;22:00:00;957,883;1;SE;Sudeste;PCH;PERFIL
2026-09-25;2026-10-01;2026-10-01 22:30:00;22:30:00;953,64;1;SE;Sudeste;PCH;PERFIL
2026-09-25;2026-10-01;2026-10-01 23:00:00;23:00:00;946,336;1;SE;Sudeste;PCH;PERFIL
2026-09-25;2026-10-01;2026-10-01 23:30:00;23:30:00;941,393;1;SE;Sudeste;PCH;PERFIL
2026-09-25;2026-10-02;2026-10-02 00:00:00;00:00:00;934,964;1;SE;Sudeste;PCH;PERFIL
2026-09-25;2026-10-02;2026-10-02 00:30:00;00:30:00;930,42;1;SE;Sudeste;PCH;PERFIL
2026-09-25;2026-10-02;2026-10-02 01:00:00;01:00:00;925,391;1;SE;Sudeste;PCH;PERFIL
2026-09-25;2026-10-02;2026-10-02 01:30:00;01:30:00;922,803;1;SE;Sudeste;PCH;PERFIL
2026-09-25;2026-10-02;2026-10-02 02:00:00;02:00:00;921,446;1;SE;Sudeste;PCH;PERFIL
2026-09-25;2026-10-02;2026-10-02 02:30:00;02:30:00;920,209;1;SE;Sudeste;PCH;PERFIL
2026-09-25;2026-10-02;2026-10-02 03:00:00;03:00:00;919,314;1;SE;Sudeste;PCH;PERFIL
2026-09-25;2026-10-02;2026-10-02 03:30:00;03:30:00;918,067;1;SE;Sudeste;PCH;PERFIL
2026-09-25;2026-10-02;2026-10-02 04:00:00;04:00:00;916,512;1;SE;Sudeste;PCH;PERFIL
2026-09-25;2026-10-02;2026-10-02 04:30:00;04:30:00;915,188;1;SE;Sudeste;PCH;PERFIL
2026-09-25;2026-10-02;2026-10-02 05:00:00;05:00:00;914,598;1;SE;Sudeste;PCH;PERFIL
2026-09-25;2026-10-02;2026-10-02 05:30:00;05:30:00;912,484;1;SE;Sudeste;PCH;PERFIL
2026-09-25;2026-10-02;2026-10-02 06:00:00;06:00:00;910,278;1;SE;Sudeste;PCH;PERFIL
2026-09-25;2026-10-02;2026-10-02 06:30:00;06:30:00;906,957;1;SE;Sudeste;PCH;PERFIL
2026-09-25;2026-10-02;2026-10-02 07:00:00;07:00:00;903,791;1;SE;Sudeste;PCH;PERFIL
2026-09-25;2026-10-02;2026-10-02 07:30:00;07:30:00;899,075;1;SE;Sudeste;PCH;PERFIL
2026-09-25;2026-10-02;2026-10-02 08:00:00;08:00:00;893,618;1;SE;Sudeste;PCH;PERFIL
2026-09-25;2026-10-02;2026-10-02 08:30:00;08:30:00;889,174;1;SE;Sudeste;PCH;PERFIL
2026-09-25;2026-10-02;2026-10-02 09:00:00;09:00:00;883,782;1;SE;Sudeste;PCH;PERFIL
2026-09-25;2026-10-02;2026-10-02 09:30:00;09:30:00;882,166;1;SE;Sudeste;PCH;PERFIL
2026-09-25;2026-10-02;2026-10-02 10:00:00;10:00:00;880,984;1;SE;Sudeste;PCH;PERFIL
2026-09-25;2026-10-02;2026-10-02 10:30:00;10:30:00;879,517;1;SE;Sudeste;PCH;PERFIL
2026-09-25;2026-10-02;2026-10-02 11:00:00;11:00:00;878,732;1;SE;Sudeste;PCH;PERFIL
2026-09-25;2026-10-02;2026-10-02 11:30:00;11:30:00;878,949;1;SE;Sudeste;PCH;PERFIL
2026-09-25;2026-10-02;2026-10-02 12:00:00;12:00:00;879,734;1;SE;Sudeste;PCH;PERFIL
2026-09-25;2026-10-02;2026-10-02 12:30:00;12:30:00;880,585;1;SE;Sudeste;PCH;PERFIL
2026-09-25;2026-10-02;2026-10-02 13:00:00;13:00:00;883,139;1;SE;Sudeste;PCH;PERFIL
2026-09-25;2026-10-02;2026-10-02 13:30:00;13:30:00;884,99;1;SE;Sudeste;PCH;PERFIL
2026-09-25;2026-10-02;2026-10-02 14:00:00;14:00:00;887,58;1;SE;Sudeste;PCH;PERFIL
2026-09-25;2026-10-02;2026-10-02 14:30:00;14:30:00;891,29;1;SE;Sudeste;PCH;PERFIL
2026-09-25;2026-10-02;2026-10-02 15:00:00;15:00:00;897,286;1;SE;Sudeste;PCH;PERFIL
2026-09-25;2026-10-02;2026-10-02 15:30:00;15:30:00;905,185;1;SE;Sudeste;PCH;PERFIL
2026-09-25;2026-10-02;2026-10-02 16:00:00;16:00:00;914,708;1;SE;Sudeste;PCH;PERFIL
2026-09-25;2026-10-02;2026-10-02 16:30:00;16:30:00;925,605;1;SE;Sudeste;PCH;PERFIL
2026-09-25;2026-10-02;2026-10-02 17:00:00;17:00:00;937,861;1;SE;Sudeste;PCH;PERFIL
2026-09-25;2026-10-02;2026-10-02 17:30:00;17:30:00;946,649;1;SE;Sudeste;PCH;PERFIL
2026-09-25;2026-10-02;2026-10-02 18:00:00;18:00:00;956,344;1;SE;Sudeste;PCH;PERFIL
2026-09-25;2026-10-02;2026-10-02 18:30:00;18:30:00;961,23;1;SE;Sudeste;PCH;PERFIL
2026-09-25;2026-10-02;2026-10-02 19:00:00;19:00:00;964,356;1;SE;Sudeste;PCH;PERFIL
2026-09-25;2026-10-02;2026-10-02 19:30:00;19:30:00;966,432;1;SE;Sudeste;PCH;PERFIL
2026-09-25;2026-10-02;2026-10-02 20:00:00;20:00:00;966,884;1;SE;Sudeste;PCH;PERFIL
2026-09-25;2026-10-02;2026-10-02 20:30:00;20:30:00;965,924;1;SE;Sudeste;PCH;PERFIL
2026-09-25;2026-10-02;2026-10-02 21:00:00;21:00:00;964,089;1;SE;Sudeste;PCH;PERFIL
2026-09-25;2026-10-02;2026-10-02 21:30:00;21:30:00;961,456;1;SE;Sudeste;PCH;PERFIL
2026-09-25;2026-10-02;2026-10-02 22:00:00;22:00:00;957,883;1;SE;Sudeste;PCH;PERFIL
2026-09-25;2026-10-02;2026-10-02 22:30:00;22:30:00;953,64;1;SE;Sudeste;PCH;PERFIL
2026-09-25;2026-10-02;2026-10-02 23:00:00;23:00:00;946,336;1;SE;Sudeste;PCH;PERFIL
2026-09-25;2026-10-02;2026-10-02 23:30:00;23:30:00;941,393;1;SE;Sudeste;PCH;PERFIL
2026-09-25;2026-09-25;2026-09-25 00:00:00;00:00:00;30,0;4;N;Norte;UHE;DESSEM
2026-09-25;2026-09-25;2026-09-25 00:30:00;00:30:00;30,0;4;N;Norte;UHE;DESSEM
2026-09-25;2026-09-25;2026-09-25 01:00:00;01:00:00;30,0;4;N;Norte;UHE;DESSEM
2026-09-25;2026-09-25;2026-09-25 01:30:00;01:30:00;30,0;4;N;Norte;UHE;DESSEM
2026-09-25;2026-09-25;2026-09-25 02:00:00;02:00:00;30,0;4;N;Norte;UHE;DESSEM
2026-09-25;2026-09-25;2026-09-25 02:30:00;02:30:00;30,0;4;N;Norte;UHE;DESSEM
2026-09-25;2026-09-25;2026-09-25 03:00:00;03:00:00;30,0;4;N;Norte;UHE;DESSEM
2026-09-25;2026-09-25;2026-09-25 03:30:00;03:30:00;30,0;4;N;Norte;UHE;DESSEM
2026-09-25;2026-09-25;2026-09-25 04:00:00;04:00:00;30,0;4;N;Norte;UHE;DESSEM
2026-09-25;2026-09-25;2026-09-25 04:30:00;04:30:00;30,0;4;N;Norte;UHE;DESSEM
2026-09-25;2026-09-25;2026-09-25 05:00:00;05:00:00;30,0;4;N;Norte;UHE;DESSEM
2026-09-25;2026-09-25;2026-09-25 05:30:00;05:30:00;30,0;4;N;Norte;UHE;DESSEM
2026-09-25;2026-09-25;2026-09-25 06:00:00;06:00:00;30,0;4;N;Norte;UHE;DESSEM
2026-09-25;2026-09-25;2026-09-25 06:30:00;06:30:00;30,0;4;N;Norte;UHE;DESSEM
2026-09-25;2026-09-25;2026-09-25 07:00:00;07:00:00;30,0;4;N;Norte;UHE;DESSEM
2026-09-25;2026-09-25;2026-09-25 07:30:00;07:30:00;30,0;4;N;Norte;UHE;DESSEM
2026-09-25;2026-09-25;2026-09-25 08:00:00;08:00:00;30,0;4;N;Norte;UHE;DESSEM
2026-09-25;2026-09-25;2026-09-25 08:30:00;08:30:00;30,0;4;N;Norte;UHE;DESSEM
2026-09-25;2026-09-25;2026-09-25 09:00:00;09:00:00;29,0;4;N;Norte;UHE;DESSEM
2026-09-25;2026-09-25;2026-09-25 09:30:00;09:30:00;29,0;4;N;Norte;UHE;DESSEM
2026-09-25;2026-09-25;2026-09-25 10:00:00;10:00:00;29,0;4;N;Norte;UHE;DESSEM
2026-09-25;2026-09-25;2026-09-25 10:30:00;10:30:00;29,0;4;N;Norte;UHE;DESSEM
2026-09-25;2026-09-25;2026-09-25 11:00:00;11:00:00;29,0;4;N;Norte;UHE;DESSEM
2026-09-25;2026-09-25;2026-09-25 11:30:00;11:30:00;29,0;4;N;Norte;UHE;DESSEM
2026-09-25;2026-09-25;2026-09-25 12:00:00;12:00:00;29,0;4;N;Norte;UHE;DESSEM
2026-09-25;2026-09-25;2026-09-25 12:30:00;12:30:00;29,0;4;N;Norte;UHE;DESSEM
2026-09-25;2026-09-25;2026-09-25 13:00:00;13:00:00;29,0;4;N;Norte;UHE;DESSEM
2026-09-25;2026-09-25;2026-09-25 13:30:00;13:30:00;30,0;4;N;Norte;UHE;DESSEM
2026-09-25;2026-09-25;2026-09-25 14:00:00;14:00:00;30,0;4;N;Norte;UHE;DESSEM
2026-09-25;2026-09-25;2026-09-25 14:30:00;14:30:00;30,0;4;N;Norte;UHE;DESSEM
2026-09-25;2026-09-25;2026-09-25 15:00:00;15:00:00;30,0;4;N;Norte;UHE;DESSEM
2026-09-25;2026-09-25;2026-09-25 15:30:00;15:30:00;30,0;4;N;Norte;UHE;DESSEM
2026-09-25;2026-09-25;2026-09-25 16:00:00;16:00:00;30,0;4;N;Norte;UHE;DESSEM
2026-09-25;2026-09-25;2026-09-25 16:30:00;16:30:00;30,0;4;N;Norte;UHE;DESSEM
2026-09-25;2026-09-25;2026-09-25 17:00:00;17:00:00;30,0;4;N;Norte;UHE;DESSEM
2026-09-25;2026-09-25;2026-09-25 17:30:00;17:30:00;30,0;4;N;Norte;UHE;DESSEM
2026-09-25;2026-09-25;2026-09-25 18:00:00;18:00:00;31,0;4;N;Norte;UHE;DESSEM
2026-09-25;2026-09-25;2026-09-25 18:30:00;18:30:00;31,0;4;N;Norte;UHE;DESSEM
2026-09-25;2026-09-25;2026-09-25 19:00:00;19:00:00;31,0;4;N;Norte;UHE;DESSEM
2026-09-25;2026-09-25;2026-09-25 19:30:00;19:30:00;31,0;4;N;Norte;UHE;DESSEM
2026-09-25;2026-09-25;2026-09-25 20:00:00;20:00:00;31,0;4;N;Norte;UHE;DESSEM
2026-09-25;2026-09-25;2026-09-25 20:30:00;20:30:00;31,0;4;N;Norte;UHE;DESSEM
2026-09-25;2026-09-25;2026-09-25 21:00:00;21:00:00;31,0;4;N;Norte;UHE;DESSEM
2026-09-25;2026-09-25;2026-09-25 21:30:00;21:30:00;31,0;4;N;Norte;UHE;DESSEM
2026-09-25;2026-09-25;2026-09-25 22:00:00;22:00:00;31,0;4;N;Norte;UHE;DESSEM
2026-09-25;2026-09-25;2026-09-25 22:30:00;22:30:00;31,0;4;N;Norte;UHE;DESSEM
2026-09-25;2026-09-25;2026-09-25 23:00:00;23:00:00;30,0;4;N;Norte;UHE;DESSEM
2026-09-25;2026-09-25;2026-09-25 23:30:00;23:30:00;30,0;4;N;Norte;UHE;DESSEM
2026-09-25;2026-09-26;2026-09-26 00:00:00;00:00:00;30,519;4;N;Norte;UHE;PERFIL
2026-09-25;2026-09-26;2026-09-26 00:30:00;00:30:00;30,334;4;N;Norte;UHE;PERFIL
2026-09-25;2026-09-26;2026-09-26 01:00:00;01:00:00;30,334;4;N;Norte;UHE;PERFIL
2026-09-25;2026-09-26;2026-09-26 01:30:00;01:30:00;30,334;4;N;Norte;UHE;PERFIL
2026-09-25;2026-09-26;2026-09-26 02:00:00;02:00:00;30,262;4;N;Norte;UHE;PERFIL
2026-09-25;2026-09-26;2026-09-26 02:30:00;02:30:00;30,233;4;N;Norte;UHE;PERFIL
2026-09-25;2026-09-26;2026-09-26 03:00:00;03:00:00;30,233;4;N;Norte;UHE;PERFIL
2026-09-25;2026-09-26;2026-09-26 03:30:00;03:30:00;30,233;4;N;Norte;UHE;PERFIL
2026-09-25;2026-09-26;2026-09-26 04:00:00;04:00:00;30,13;4;N;Norte;UHE;PERFIL
2026-09-25;2026-09-26;2026-09-26 04:30:00;04:30:00;30,13;4;N;Norte;UHE;PERFIL
2026-09-25;2026-09-26;2026-09-26 05:00:00;05:00:00;30,059;4;N;Norte;UHE;PERFIL
2026-09-25;2026-09-26;2026-09-26 05:30:00;05:30:00;30,059;4;N;Norte;UHE;PERFIL
2026-09-25;2026-09-26;2026-09-26 06:00:00;06:00:00;29,911;4;N;Norte;UHE;PERFIL
2026-09-25;2026-09-26;2026-09-26 06:30:00;06:30:00;29,84;4;N;Norte;UHE;PERFIL
2026-09-25;2026-09-26;2026-09-26 07:00:00;07:00:00;29,81;4;N;Norte;UHE;PERFIL
2026-09-25;2026-09-26;2026-09-26 07:30:00;07:30:00;29,81;4;N;Norte;UHE;PERFIL
2026-09-25;2026-09-26;2026-09-26 08:00:00;08:00:00;29,588;4;N;Norte;UHE;PERFIL
2026-09-25;2026-09-26;2026-09-26 08:30:00;08:30:00;29,332;4;N;Norte;UHE;PERFIL
2026-09-25;2026-09-26;2026-09-26 09:00:00;09:00:00;28,938;4;N;Norte;UHE;PERFIL
2026-09-25;2026-09-26;2026-09-26 09:30:00;09:30:00;28,866;4;N;Norte;UHE;PERFIL
2026-09-25;2026-09-26;2026-09-26 10:00:00;10:00:00;28,837;4;N;Norte;UHE;PERFIL
2026-09-25;2026-09-26;2026-09-26 10:30:00;10:30:00;28,837;4;N;Norte;UHE;PERFIL
2026-09-25;2026-09-26;2026-09-26 11:00:00;11:00:00;28,837;4;N;Norte;UHE;PERFIL
2026-09-25;2026-09-26;2026-09-26 11:30:00;11:30:00;28,837;4;N;Norte;UHE;PERFIL
2026-09-25;2026-09-26;2026-09-26 12:00:00;12:00:00;28,837;4;N;Norte;UHE;PERFIL
2026-09-25;2026-09-26;2026-09-26 12:30:00;12:30:00;28,908;4;N;Norte;UHE;PERFIL
2026-09-25;2026-09-26;2026-09-26 13:00:00;13:00:00;29,048;4;N;Norte;UHE;PERFIL
2026-09-25;2026-09-26;2026-09-26 13:30:00;13:30:00;29,155;4;N;Norte;UHE;PERFIL
2026-09-25;2026-09-26;2026-09-26 14:00:00;14:00:00;29,185;4;N;Norte;UHE;PERFIL
2026-09-25;2026-09-26;2026-09-26 14:30:00;14:30:00;29,44;4;N;Norte;UHE;PERFIL
2026-09-25;2026-09-26;2026-09-26 15:00:00;15:00:00;29,81;4;N;Norte;UHE;PERFIL
2026-09-25;2026-09-26;2026-09-26 15:30:00;15:30:00;29,81;4;N;Norte;UHE;PERFIL
2026-09-25;2026-09-26;2026-09-26 16:00:00;16:00:00;30,059;4;N;Norte;UHE;PERFIL
2026-09-25;2026-09-26;2026-09-26 16:30:00;16:30:00;30,334;4;N;Norte;UHE;PERFIL
2026-09-25;2026-09-26;2026-09-26 17:00:00;17:00:00;30,519;4;N;Norte;UHE;PERFIL
2026-09-25;2026-09-26;2026-09-26 17:30:00;17:30:00;30,625;4;N;Norte;UHE;PERFIL
2026-09-25;2026-09-26;2026-09-26 18:00:00;18:00:00;30,913;4;N;Norte;UHE;PERFIL
2026-09-25;2026-09-26;2026-09-26 18:30:00;18:30:00;31,028;4;N;Norte;UHE;PERFIL
2026-09-25;2026-09-26;2026-09-26 19:00:00;19:00:00;31,028;4;N;Norte;UHE;PERFIL
2026-09-25;2026-09-26;2026-09-26 19:30:00;19:30:00;31,028;4;N;Norte;UHE;PERFIL
2026-09-25;2026-09-26;2026-09-26 20:00:00;20:00:00;31,028;4;N;Norte;UHE;PERFIL
2026-09-25;2026-09-26;2026-09-26 20:30:00;20:30:00;31,028;4;N;Norte;UHE;PERFIL
2026-09-25;2026-09-26;2026-09-26 21:00:00;21:00:00;31,028;4;N;Norte;UHE;PERFIL
2026-09-25;2026-09-26;2026-09-26 21:30:00;21:30:00;31,028;4;N;Norte;UHE;PERFIL
2026-09-25;2026-09-26;2026-09-26 22:00:00;22:00:00;30,913;4;N;Norte;UHE;PERFIL
2026-09-25;2026-09-26;2026-09-26 22:30:00;22:30:00;30,806;4;N;Norte;UHE;PERFIL
2026-09-25;2026-09-26;2026-09-26 23:00:00;23:00:00;30,625;4;N;Norte;UHE;PERFIL
2026-09-25;2026-09-26;2026-09-26 23:30:00;23:30:00;30,519;4;N;Norte;UHE;PERFIL
2026-09-25;2026-09-27;2026-09-27 00:00:00;00:00:00;30,519;4;N;Norte;UHE;PERFIL
2026-09-25;2026-09-27;2026-09-27 00:30:00;00:30:00;30,334;4;N;Norte;UHE;PERFIL
2026-09-25;2026-09-27;2026-09-27 01:00:00;01:00:00;30,334;4;N;Norte;UHE;PERFIL
2026-09-25;2026-09-27;2026-09-27 01:30:00;01:30:00;30,334;4;N;Norte;UHE;PERFIL
2026-09-25;2026-09-27;2026-09-27 02:00:00;02:00:00;30,262;4;N;Norte;UHE;PERFIL
2026-09-25;2026-09-27;2026-09-27 02:30:00;02:30:00;30,233;4;N;Norte;UHE;PERFIL
2026-09-25;2026-09-27;2026-09-27 03:00:00;03:00:00;30,233;4;N;Norte;UHE;PERFIL
2026-09-25;2026-09-27;2026-09-27 03:30:00;03:30:00;30,233;4;N;Norte;UHE;PERFIL
2026-09-25;2026-09-27;2026-09-27 04:00:00;04:00:00;30,13;4;N;Norte;UHE;PERFIL
2026-09-25;2026-09-27;2026-09-27 04:30:00;04:30:00;30,13;4;N;Norte;UHE;PERFIL
2026-09-25;2026-09-27;2026-09-27 05:00:00;05:00:00;30,059;4;N;Norte;UHE;PERFIL
2026-09-25;2026-09-27;2026-09-27 05:30:00;05:30:00;30,059;4;N;Norte;UHE;PERFIL
2026-09-25;2026-09-27;2026-09-27 06:00:00;06:00:00;29,911;4;N;Norte;UHE;PERFIL
2026-09-25;2026-09-27;2026-09-27 06:30:00;06:30:00;29,84;4;N;Norte;UHE;PERFIL
2026-09-25;2026-09-27;2026-09-27 07:00:00;07:00:00;29,81;4;N;Norte;UHE;PERFIL
2026-09-25;2026-09-27;2026-09-27 07:30:00;07:30:00;29,81;4;N;Norte;UHE;PERFIL
2026-09-25;2026-09-27;2026-09-27 08:00:00;08:00:00;29,588;4;N;Norte;UHE;PERFIL
2026-09-25;2026-09-27;2026-09-27 08:30:00;08:30:00;29,332;4;N;Norte;UHE;PERFIL
2026-09-25;2026-09-27;2026-09-27 09:00:00;09:00:00;28,938;4;N;Norte;UHE;PERFIL
2026-09-25;2026-09-27;2026-09-27 09:30:00;09:30:00;28,866;4;N;Norte;UHE;PERFIL
2026-09-25;2026-09-27;2026-09-27 10:00:00;10:00:00;28,837;4;N;Norte;UHE;PERFIL
2026-09-25;2026-09-27;2026-09-27 10:30:00;10:30:00;28,837;4;N;Norte;UHE;PERFIL
2026-09-25;2026-09-27;2026-09-27 11:00:00;11:00:00;28,837;4;N;Norte;UHE;PERFIL
2026-09-25;2026-09-27;2026-09-27 11:30:00;11:30:00;28,837;4;N;Norte;UHE;PERFIL
2026-09-25;2026-09-27;2026-09-27 12:00:00;12:00:00;28,837;4;N;Norte;UHE;PERFIL
2026-09-25;2026-09-27;2026-09-27 12:30:00;12:30:00;28,908;4;N;Norte;UHE;PERFIL
2026-09-25;2026-09-27;2026-09-27 13:00:00;13:00:00;29,048;4;N;Norte;UHE;PERFIL
2026-09-25;2026-09-27;2026-09-27 13:30:00;13:30:00;29,155;4;N;Norte;UHE;PERFIL
2026-09-25;2026-09-27;2026-09-27 14:00:00;14:00:00;29,185;4;N;Norte;UHE;PERFIL
2026-09-25;2026-09-27;2026-09-27 14:30:00;14:30:00;29,44;4;N;Norte;UHE;PERFIL
2026-09-25;2026-09-27;2026-09-27 15:00:00;15:00:00;29,81;4;N;Norte;UHE;PERFIL
2026-09-25;2026-09-27;2026-09-27 15:30:00;15:30:00;29,81;4;N;Norte;UHE;PERFIL
2026-09-25;2026-09-27;2026-09-27 16:00:00;16:00:00;30,059;4;N;Norte;UHE;PERFIL
2026-09-25;2026-09-27;2026-09-27 16:30:00;16:30:00;30,334;4;N;Norte;UHE;PERFIL
2026-09-25;2026-09-27;2026-09-27 17:00:00;17:00:00;30,519;4;N;Norte;UHE;PERFIL
2026-09-25;2026-09-27;2026-09-27 17:30:00;17:30:00;30,625;4;N;Norte;UHE;PERFIL
2026-09-25;2026-09-27;2026-09-27 18:00:00;18:00:00;30,913;4;N;Norte;UHE;PERFIL
2026-09-25;2026-09-27;2026-09-27 18:30:00;18:30:00;31,028;4;N;Norte;UHE;PERFIL
2026-09-25;2026-09-27;2026-09-27 19:00:00;19:00:00;31,028;4;N;Norte;UHE;PERFIL
2026-09-25;2026-09-27;2026-09-27 19:30:00;19:30:00;31,028;4;N;Norte;UHE;PERFIL
2026-09-25;2026-09-27;2026-09-27 20:00:00;20:00:00;31,028;4;N;Norte;UHE;PERFIL
2026-09-25;2026-09-27;2026-09-27 20:30:00;20:30:00;31,028;4;N;Norte;UHE;PERFIL
2026-09-25;2026-09-27;2026-09-27 21:00:00;21:00:00;31,028;4;N;Norte;UHE;PERFIL
2026-09-25;2026-09-27;2026-09-27 21:30:00;21:30:00;31,028;4;N;Norte;UHE;PERFIL
2026-09-25;2026-09-27;2026-09-27 22:00:00;22:00:00;30,913;4;N;Norte;UHE;PERFIL
2026-09-25;2026-09-27;2026-09-27 22:30:00;22:30:00;30,806;4;N;Norte;UHE;PERFIL
2026-09-25;2026-09-27;2026-09-27 23:00:00;23:00:00;30,625;4;N;Norte;UHE;PERFIL
2026-09-25;2026-09-27;2026-09-27 23:30:00;23:30:00;30,519;4;N;Norte;UHE;PERFIL
2026-09-25;2026-09-28;2026-09-28 00:00:00;00:00:00;30,519;4;N;Norte;UHE;PERFIL
2026-09-25;2026-09-28;2026-09-28 00:30:00;00:30:00;30,334;4;N;Norte;UHE;PERFIL
2026-09-25;2026-09-28;2026-09-28 01:00:00;01:00:00;30,334;4;N;Norte;UHE;PERFIL
2026-09-25;2026-09-28;2026-09-28 01:30:00;01:30:00;30,334;4;N;Norte;UHE;PERFIL
2026-09-25;2026-09-28;2026-09-28 02:00:00;02:00:00;30,262;4;N;Norte;UHE;PERFIL
2026-09-25;2026-09-28;2026-09-28 02:30:00;02:30:00;30,233;4;N;Norte;UHE;PERFIL
2026-09-25;2026-09-28;2026-09-28 03:00:00;03:00:00;30,233;4;N;Norte;UHE;PERFIL
2026-09-25;2026-09-28;2026-09-28 03:30:00;03:30:00;30,233;4;N;Norte;UHE;PERFIL
2026-09-25;2026-09-28;2026-09-28 04:00:00;04:00:00;30,13;4;N;Norte;UHE;PERFIL
2026-09-25;2026-09-28;2026-09-28 04:30:00;04:30:00;30,13;4;N;Norte;UHE;PERFIL
2026-09-25;2026-09-28;2026-09-28 05:00:00;05:00:00;30,059;4;N;Norte;UHE;PERFIL
2026-09-25;2026-09-28;2026-09-28 05:30:00;05:30:00;30,059;4;N;Norte;UHE;PERFIL
2026-09-25;2026-09-28;2026-09-28 06:00:00;06:00:00;29,911;4;N;Norte;UHE;PERFIL
2026-09-25;2026-09-28;2026-09-28 06:30:00;06:30:00;29,84;4;N;Norte;UHE;PERFIL
2026-09-25;2026-09-28;2026-09-28 07:00:00;07:00:00;29,81;4;N;Norte;UHE;PERFIL
2026-09-25;2026-09-28;2026-09-28 07:30:00;07:30:00;29,81;4;N;Norte;UHE;PERFIL
2026-09-25;2026-09-28;2026-09-28 08:00:00;08:00:00;29,588;4;N;Norte;UHE;PERFIL
2026-09-25;2026-09-28;2026-09-28 08:30:00;08:30:00;29,332;4;N;Norte;UHE;PERFIL
2026-09-25;2026-09-28;2026-09-28 09:00:00;09:00:00;28,938;4;N;Norte;UHE;PERFIL
2026-09-25;2026-09-28;2026-09-28 09:30:00;09:30:00;28,866;4;N;Norte;UHE;PERFIL
2026-09-25;2026-09-28;2026-09-28 10:00:00;10:00:00;28,837;4;N;Norte;UHE;PERFIL
2026-09-25;2026-09-28;2026-09-28 10:30:00;10:30:00;28,837;4;N;Norte;UHE;PERFIL
2026-09-25;2026-09-28;2026-09-28 11:00:00;11:00:00;28,837;4;N;Norte;UHE;PERFIL
2026-09-25;2026-09-28;2026-09-28 11:30:00;11:30:00;28,837;4;N;Norte;UHE;PERFIL
2026-09-25;2026-09-28;2026-09-28 12:00:00;12:00:00;28,837;4;N;Norte;UHE;PERFIL
2026-09-25;2026-09-28;2026-09-28 12:30:00;12:30:00;28,908;4;N;Norte;UHE;PERFIL
2026-09-25;2026-09-28;2026-09-28 13:00:00;13:00:00;29,048;4;N;Norte;UHE;PERFIL
2026-09-25;2026-09-28;2026-09-28 13:30:00;13:30:00;29,155;4;N;Norte;UHE;PERFIL
2026-09-25;2026-09-28;2026-09-28 14:00:00;14:00:00;29,185;4;N;Norte;UHE;PERFIL
2026-09-25;2026-09-28;2026-09-28 14:30:00;14:30:00;29,44;4;N;Norte;UHE;PERFIL
2026-09-25;2026-09-28;2026-09-28 15:00:00;15:00:00;29,81;4;N;Norte;UHE;PERFIL
2026-09-25;2026-09-28;2026-09-28 15:30:00;15:30:00;29,81;4;N;Norte;UHE;PERFIL
2026-09-25;2026-09-28;2026-09-28 16:00:00;16:00:00;30,059;4;N;Norte;UHE;PERFIL
2026-09-25;2026-09-28;2026-09-28 16:30:00;16:30:00;30,334;4;N;Norte;UHE;PERFIL
2026-09-25;2026-09-28;2026-09-28 17:00:00;17:00:00;30,519;4;N;Norte;UHE;PERFIL
2026-09-25;2026-09-28;2026-09-28 17:30:00;17:30:00;30,625;4;N;Norte;UHE;PERFIL
2026-09-25;2026-09-28;2026-09-28 18:00:00;18:00:00;30,913;4;N;Norte;UHE;PERFIL
2026-09-25;2026-09-28;2026-09-28 18:30:00;18:30:00;31,028;4;N;Norte;UHE;PERFIL
2026-09-25;2026-09-28;2026-09-28 19:00:00;19:00:00;31,028;4;N;Norte;UHE;PERFIL
2026-09-25;2026-09-28;2026-09-28 19:30:00;19:30:00;31,028;4;N;Norte;UHE;PERFIL
2026-09-25;2026-09-28;2026-09-28 20:00:00;20:00:00;31,028;4;N;Norte;UHE;PERFIL
2026-09-25;2026-09-28;2026-09-28 20:30:00;20:30:00;31,028;4;N;Norte;UHE;PERFIL
2026-09-25;2026-09-28;2026-09-28 21:00:00;21:00:00;31,028;4;N;Norte;UHE;PERFIL
2026-09-25;2026-09-28;2026-09-28 21:30:00;21:30:00;31,028;4;N;Norte;UHE;PERFIL
2026-09-25;2026-09-28;2026-09-28 22:00:00;22:00:00;30,913;4;N;Norte;UHE;PERFIL
2026-09-25;2026-09-28;2026-09-28 22:30:00;22:30:00;30,806;4;N;Norte;UHE;PERFIL
2026-09-25;2026-09-28;2026-09-28 23:00:00;23:00:00;30,625;4;N;Norte;UHE;PERFIL
2026-09-25;2026-09-28;2026-09-28 23:30:00;23:30:00;30,519;4;N;Norte;UHE;PERFIL
2026-09-25;2026-09-29;2026-09-29 00:00:00;00:00:00;30,519;4;N;Norte;UHE;PERFIL
2026-09-25;2026-09-29;2026-09-29 00:30:00;00:30:00;30,334;4;N;Norte;UHE;PERFIL
2026-09-25;2026-09-29;2026-09-29 01:00:00;01:00:00;30,334;4;N;Norte;UHE;PERFIL
2026-09-25;2026-09-29;2026-09-29 01:30:00;01:30:00;30,334;4;N;Norte;UHE;PERFIL
2026-09-25;2026-09-29;2026-09-29 02:00:00;02:00:00;30,262;4;N;Norte;UHE;PERFIL
2026-09-25;2026-09-29;2026-09-29 02:30:00;02:30:00;30,233;4;N;Norte;UHE;PERFIL
2026-09-25;2026-09-29;2026-09-29 03:00:00;03:00:00;30,233;4;N;Norte;UHE;PERFIL
2026-09-25;2026-09-29;2026-09-29 03:30:00;03:30:00;30,233;4;N;Norte;UHE;PERFIL
2026-09-25;2026-09-29;2026-09-29 04:00:00;04:00:00;30,13;4;N;Norte;UHE;PERFIL
2026-09-25;2026-09-29;2026-09-29 04:30:00;04:30:00;30,13;4;N;Norte;UHE;PERFIL
2026-09-25;2026-09-29;2026-09-29 05:00:00;05:00:00;30,059;4;N;Norte;UHE;PERFIL
2026-09-25;2026-09-29;2026-09-29 05:30:00;05:30:00;30,059;4;N;Norte;UHE;PERFIL
2026-09-25;2026-09-29;2026-09-29 06:00:00;06:00:00;29,911;4;N;Norte;UHE;PERFIL
2026-09-25;2026-09-29;2026-09-29 06:30:00;06:30:00;29,84;4;N;Norte;UHE;PERFIL
2026-09-25;2026-09-29;2026-09-29 07:00:00;07:00:00;29,81;4;N;Norte;UHE;PERFIL
2026-09-25;2026-09-29;2026-09-29 07:30:00;07:30:00;29,81;4;N;Norte;UHE;PERFIL
2026-09-25;2026-09-29;2026-09-29 08:00:00;08:00:00;29,588;4;N;Norte;UHE;PERFIL
2026-09-25;2026-09-29;2026-09-29 08:30:00;08:30:00;29,332;4;N;Norte;UHE;PERFIL
2026-09-25;2026-09-29;2026-09-29 09:00:00;09:00:00;28,938;4;N;Norte;UHE;PERFIL
2026-09-25;2026-09-29;2026-09-29 09:30:00;09:30:00;28,866;4;N;Norte;UHE;PERFIL
2026-09-25;2026-09-29;2026-09-29 10:00:00;10:00:00;28,837;4;N;Norte;UHE;PERFIL
2026-09-25;2026-09-29;2026-09-29 10:30:00;10:30:00;28,837;4;N;Norte;UHE;PERFIL
2026-09-25;2026-09-29;2026-09-29 11:00:00;11:00:00;28,837;4;N;Norte;UHE;PERFIL
2026-09-25;2026-09-29;2026-09-29 11:30:00;11:30:00;28,837;4;N;Norte;UHE;PERFIL
2026-09-25;2026-09-29;2026-09-29 12:00:00;12:00:00;28,837;4;N;Norte;UHE;PERFIL
2026-09-25;2026-09-29;2026-09-29 12:30:00;12:30:00;28,908;4;N;Norte;UHE;PERFIL
2026-09-25;2026-09-29;2026-09-29 13:00:00;13:00:00;29,048;4;N;Norte;UHE;PERFIL
2026-09-25;2026-09-29;2026-09-29 13:30:00;13:30:00;29,155;4;N;Norte;UHE;PERFIL
2026-09-25;2026-09-29;2026-09-29 14:00:00;14:00:00;29,185;4;N;Norte;UHE;PERFIL
2026-09-25;2026-09-29;2026-09-29 14:30:00;14:30:00;29,44;4;N;Norte;UHE;PERFIL
2026-09-25;2026-09-29;2026-09-29 15:00:00;15:00:00;29,81;4;N;Norte;UHE;PERFIL
2026-09-25;2026-09-29;2026-09-29 15:30:00;15:30:00;29,81;4;N;Norte;UHE;PERFIL
2026-09-25;2026-09-29;2026-09-29 16:00:00;16:00:00;30,059;4;N;Norte;UHE;PERFIL
2026-09-25;2026-09-29;2026-09-29 16:30:00;16:30:00;30,334;4;N;Norte;UHE;PERFIL
2026-09-25;2026-09-29;2026-09-29 17:00:00;17:00:00;30,519;4;N;Norte;UHE;PERFIL
2026-09-25;2026-09-29;2026-09-29 17:30:00;17:30:00;30,625;4;N;Norte;UHE;PERFIL
2026-09-25;2026-09-29;2026-09-29 18:00:00;18:00:00;30,913;4;N;Norte;UHE;PERFIL
2026-09-25;2026-09-29;2026-09-29 18:30:00;18:30:00;31,028;4;N;Norte;UHE;PERFIL
2026-09-25;2026-09-29;2026-09-29 19:00:00;19:00:00;31,028;4;N;Norte;UHE;PERFIL
2026-09-25;2026-09-29;2026-09-29 19:30:00;19:30:00;31,028;4;N;Norte;UHE;PERFIL
2026-09-25;2026-09-29;2026-09-29 20:00:00;20:00:00;31,028;4;N;Norte;UHE;PERFIL
2026-09-25;2026-09-29;2026-09-29 20:30:00;20:30:00;31,028;4;N;Norte;UHE;PERFIL
2026-09-25;2026-09-29;2026-09-29 21:00:00;21:00:00;31,028;4;N;Norte;UHE;PERFIL
2026-09-25;2026-09-29;2026-09-29 21:30:00;21:30:00;31,028;4;N;Norte;UHE;PERFIL
2026-09-25;2026-09-29;2026-09-29 22:00:00;22:00:00;30,913;4;N;Norte;UHE;PERFIL
2026-09-25;2026-09-29;2026-09-29 22:30:00;22:30:00;30,806;4;N;Norte;UHE;PERFIL
2026-09-25;2026-09-29;2026-09-29 23:00:00;23:00:00;30,625;4;N;Norte;UHE;PERFIL
2026-09-25;2026-09-29;2026-09-29 23:30:00;23:30:00;30,519;4;N;Norte;UHE;PERFIL
2026-09-25;2026-09-30;2026-09-30 00:00:00;00:00:00;30,519;4;N;Norte;UHE;PERFIL
2026-09-25;2026-09-30;2026-09-30 00:30:00;00:30:00;30,334;4;N;Norte;UHE;PERFIL
2026-09-25;2026-09-30;2026-09-30 01:00:00;01:00:00;30,334;4;N;Norte;UHE;PERFIL
2026-09-25;2026-09-30;2026-09-30 01:30:00;01:30:00;30,334;4;N;Norte;UHE;PERFIL
2026-09-25;2026-09-30;2026-09-30 02:00:00;02:00:00;30,262;4;N;Norte;UHE;PERFIL
2026-09-25;2026-09-30;2026-09-30 02:30:00;02:30:00;30,233;4;N;Norte;UHE;PERFIL
2026-09-25;2026-09-30;2026-09-30 03:00:00;03:00:00;30,233;4;N;Norte;UHE;PERFIL
2026-09-25;2026-09-30;2026-09-30 03:30:00;03:30:00;30,233;4;N;Norte;UHE;PERFIL
2026-09-25;2026-09-30;2026-09-30 04:00:00;04:00:00;30,13;4;N;Norte;UHE;PERFIL
2026-09-25;2026-09-30;2026-09-30 04:30:00;04:30:00;30,13;4;N;Norte;UHE;PERFIL
2026-09-25;2026-09-30;2026-09-30 05:00:00;05:00:00;30,059;4;N;Norte;UHE;PERFIL
2026-09-25;2026-09-30;2026-09-30 05:30:00;05:30:00;30,059;4;N;Norte;UHE;PERFIL
2026-09-25;2026-09-30;2026-09-30 06:00:00;06:00:00;29,911;4;N;Norte;UHE;PERFIL
2026-09-25;2026-09-30;2026-09-30 06:30:00;06:30:00;29,84;4;N;Norte;UHE;PERFIL
2026-09-25;2026-09-30;2026-09-30 07:00:00;07:00:00;29,81;4;N;Norte;UHE;PERFIL
2026-09-25;2026-09-30;2026-09-30 07:30:00;07:30:00;29,81;4;N;Norte;UHE;PERFIL
2026-09-25;2026-09-30;2026-09-30 08:00:00;08:00:00;29,588;4;N;Norte;UHE;PERFIL
2026-09-25;2026-09-30;2026-09-30 08:30:00;08:30:00;29,332;4;N;Norte;UHE;PERFIL
2026-09-25;2026-09-30;2026-09-30 09:00:00;09:00:00;28,938;4;N;Norte;UHE;PERFIL
2026-09-25;2026-09-30;2026-09-30 09:30:00;09:30:00;28,866;4;N;Norte;UHE;PERFIL
2026-09-25;2026-09-30;2026-09-30 10:00:00;10:00:00;28,837;4;N;Norte;UHE;PERFIL
2026-09-25;2026-09-30;2026-09-30 10:30:00;10:30:00;28,837;4;N;Norte;UHE;PERFIL
2026-09-25;2026-09-30;2026-09-30 11:00:00;11:00:00;28,837;4;N;Norte;UHE;PERFIL
2026-09-25;2026-09-30;2026-09-30 11:30:00;11:30:00;28,837;4;N;Norte;UHE;PERFIL
2026-09-25;2026-09-30;2026-09-30 12:00:00;12:00:00;28,837;4;N;Norte;UHE;PERFIL
2026-09-25;2026-09-30;2026-09-30 12:30:00;12:30:00;28,908;4;N;Norte;UHE;PERFIL
2026-09-25;2026-09-30;2026-09-30 13:00:00;13:00:00;29,048;4;N;Norte;UHE;PERFIL
2026-09-25;2026-09-30;2026-09-30 13:30:00;13:30:00;29,155;4;N;Norte;UHE;PERFIL
2026-09-25;2026-09-30;2026-09-30 14:00:00;14:00:00;29,185;4;N;Norte;UHE;PERFIL
2026-09-25;2026-09-30;2026-09-30 14:30:00;14:30:00;29,44;4;N;Norte;UHE;PERFIL
2026-09-25;2026-09-30;2026-09-30 15:00:00;15:00:00;29,81;4;N;Norte;UHE;PERFIL
2026-09-25;2026-09-30;2026-09-30 15:30:00;15:30:00;29,81;4;N;Norte;UHE;PERFIL
2026-09-25;2026-09-30;2026-09-30 16:00:00;16:00:00;30,059;4;N;Norte;UHE;PERFIL
2026-09-25;2026-09-30;2026-09-30 16:30:00;16:30:00;30,334;4;N;Norte;UHE;PERFIL
2026-09-25;2026-09-30;2026-09-30 17:00:00;17:00:00;30,519;4;N;Norte;UHE;PERFIL
2026-09-25;2026-09-30;2026-09-30 17:30:00;17:30:00;30,625;4;N;Norte;UHE;PERFIL
2026-09-25;2026-09-30;2026-09-30 18:00:00;18:00:00;30,913;4;N;Norte;UHE;PERFIL
2026-09-25;2026-09-30;2026-09-30 18:30:00;18:30:00;31,028;4;N;Norte;UHE;PERFIL
2026-09-25;2026-09-30;2026-09-30 19:00:00;19:00:00;31,028;4;N;Norte;UHE;PERFIL
2026-09-25;2026-09-30;2026-09-30 19:30:00;19:30:00;31,028;4;N;Norte;UHE;PERFIL
2026-09-25;2026-09-30;2026-09-30 20:00:00;20:00:00;31,028;4;N;Norte;UHE;PERFIL
2026-09-25;2026-09-30;2026-09-30 20:30:00;20:30:00;31,028;4;N;Norte;UHE;PERFIL
2026-09-25;2026-09-30;2026-09-30 21:00:00;21:00:00;31,028;4;N;Norte;UHE;PERFIL
2026-09-25;2026-09-30;2026-09-30 21:30:00;21:30:00;31,028;4;N;Norte;UHE;PERFIL
2026-09-25;2026-09-30;2026-09-30 22:00:00;22:00:00;30,913;4;N;Norte;UHE;PERFIL
2026-09-25;2026-09-30;2026-09-30 22:30:00;22:30:00;30,806;4;N;Norte;UHE;PERFIL
2026-09-25;2026-09-30;2026-09-30 23:00:00;23:00:00;30,625;4;N;Norte;UHE;PERFIL
2026-09-25;2026-09-30;2026-09-30 23:30:00;23:30:00;30,519;4;N;Norte;UHE;PERFIL
2026-09-25;2026-10-01;2026-10-01 00:00:00;00:00:00;30,519;4;N;Norte;UHE;PERFIL
2026-09-25;2026-10-01;2026-10-01 00:30:00;00:30:00;30,334;4;N;Norte;UHE;PERFIL
2026-09-25;2026-10-01;2026-10-01 01:00:00;01:00:00;30,334;4;N;Norte;UHE;PERFIL
2026-09-25;2026-10-01;2026-10-01 01:30:00;01:30:00;30,334;4;N;Norte;UHE;PERFIL
2026-09-25;2026-10-01;2026-10-01 02:00:00;02:00:00;30,262;4;N;Norte;UHE;PERFIL
2026-09-25;2026-10-01;2026-10-01 02:30:00;02:30:00;30,233;4;N;Norte;UHE;PERFIL
2026-09-25;2026-10-01;2026-10-01 03:00:00;03:00:00;30,233;4;N;Norte;UHE;PERFIL
2026-09-25;2026-10-01;2026-10-01 03:30:00;03:30:00;30,233;4;N;Norte;UHE;PERFIL
2026-09-25;2026-10-01;2026-10-01 04:00:00;04:00:00;30,13;4;N;Norte;UHE;PERFIL
2026-09-25;2026-10-01;2026-10-01 04:30:00;04:30:00;30,13;4;N;Norte;UHE;PERFIL
2026-09-25;2026-10-01;2026-10-01 05:00:00;05:00:00;30,059;4;N;Norte;UHE;PERFIL
2026-09-25;2026-10-01;2026-10-01 05:30:00;05:30:00;30,059;4;N;Norte;UHE;PERFIL
2026-09-25;2026-10-01;2026-10-01 06:00:00;06:00:00;29,911;4;N;Norte;UHE;PERFIL
2026-09-25;2026-10-01;2026-10-01 06:30:00;06:30:00;29,84;4;N;Norte;UHE;PERFIL
2026-09-25;2026-10-01;2026-10-01 07:00:00;07:00:00;29,81;4;N;Norte;UHE;PERFIL
2026-09-25;2026-10-01;2026-10-01 07:30:00;07:30:00;29,81;4;N;Norte;UHE;PERFIL
2026-09-25;2026-10-01;2026-10-01 08:00:00;08:00:00;29,588;4;N;Norte;UHE;PERFIL
2026-09-25;2026-10-01;2026-10-01 08:30:00;08:30:00;29,332;4;N;Norte;UHE;PERFIL
2026-09-25;2026-10-01;2026-10-01 09:00:00;09:00:00;28,938;4;N;Norte;UHE;PERFIL
2026-09-25;2026-10-01;2026-10-01 09:30:00;09:30:00;28,866;4;N;Norte;UHE;PERFIL
2026-09-25;2026-10-01;2026-10-01 10:00:00;10:00:00;28,837;4;N;Norte;UHE;PERFIL
2026-09-25;2026-10-01;2026-10-01 10:30:00;10:30:00;28,837;4;N;Norte;UHE;PERFIL
2026-09-25;2026-10-01;2026-10-01 11:00:00;11:00:00;28,837;4;N;Norte;UHE;PERFIL
2026-09-25;2026-10-01;2026-10-01 11:30:00;11:30:00;28,837;4;N;Norte;UHE;PERFIL
2026-09-25;2026-10-01;2026-10-01 12:00:00;12:00:00;28,837;4;N;Norte;UHE;PERFIL
2026-09-25;2026-10-01;2026-10-01 12:30:00;12:30:00;28,908;4;N;Norte;UHE;PERFIL
2026-09-25;2026-10-01;2026-10-01 13:00:00;13:00:00;29,048;4;N;Norte;UHE;PERFIL
2026-09-25;2026-10-01;2026-10-01 13:30:00;13:30:00;29,155;4;N;Norte;UHE;PERFIL
2026-09-25;2026-10-01;2026-10-01 14:00:00;14:00:00;29,185;4;N;Norte;UHE;PERFIL
2026-09-25;2026-10-01;2026-10-01 14:30:00;14:30:00;29,44;4;N;Norte;UHE;PERFIL
2026-09-25;2026-10-01;2026-10-01 15:00:00;15:00:00;29,81;4;N;Norte;UHE;PERFIL
2026-09-25;2026-10-01;2026-10-01 15:30:00;15:30:00;29,81;4;N;Norte;UHE;PERFIL
2026-09-25;2026-10-01;2026-10-01 16:00:00;16:00:00;30,059;4;N;Norte;UHE;PERFIL
2026-09-25;2026-10-01;2026-10-01 16:30:00;16:30:00;30,334;4;N;Norte;UHE;PERFIL
2026-09-25;2026-10-01;2026-10-01 17:00:00;17:00:00;30,519;4;N;Norte;UHE;PERFIL
2026-09-25;2026-10-01;2026-10-01 17:30:00;17:30:00;30,625;4;N;Norte;UHE;PERFIL
2026-09-25;2026-10-01;2026-10-01 18:00:00;18:00:00;30,913;4;N;Norte;UHE;PERFIL
2026-09-25;2026-10-01;2026-10-01 18:30:00;18:30:00;31,028;4;N;Norte;UHE;PERFIL
2026-09-25;2026-10-01;2026-10-01 19:00:00;19:00:00;31,028;4;N;Norte;UHE;PERFIL
2026-09-25;2026-10-01;2026-10-01 19:30:00;19:30:00;31,028;4;N;Norte;UHE;PERFIL
2026-09-25;2026-10-01;2026-10-01 20:00:00;20:00:00;31,028;4;N;Norte;UHE;PERFIL
2026-09-25;2026-10-01;2026-10-01 20:30:00;20:30:00;31,028;4;N;Norte;UHE;PERFIL
2026-09-25;2026-10-01;2026-10-01 21:00:00;21:00:00;31,028;4;N;Norte;UHE;PERFIL
2026-09-25;2026-10-01;2026-10-01 21:30:00;21:30:00;31,028;4;N;Norte;UHE;PERFIL
2026-09-25;2026-10-01;2026-10-01 22:00:00;22:00:00;30,913;4;N;Norte;UHE;PERFIL
2026-09-25;2026-10-01;2026-10-01 22:30:00;22:30:00;30,806;4;N;Norte;UHE;PERFIL
2026-09-25;2026-10-01;2026-10-01 23:00:00;23:00:00;30,625;4;N;Norte;UHE;PERFIL
2026-09-25;2026-10-01;2026-10-01 23:30:00;23:30:00;30,519;4;N;Norte;UHE;PERFIL
2026-09-25;2026-10-02;2026-10-02 00:00:00;00:00:00;30,519;4;N;Norte;UHE;PERFIL
2026-09-25;2026-10-02;2026-10-02 00:30:00;00:30:00;30,334;4;N;Norte;UHE;PERFIL
2026-09-25;2026-10-02;2026-10-02 01:00:00;01:00:00;30,334;4;N;Norte;UHE;PERFIL
2026-09-25;2026-10-02;2026-10-02 01:30:00;01:30:00;30,334;4;N;Norte;UHE;PERFIL
2026-09-25;2026-10-02;2026-10-02 02:00:00;02:00:00;30,262;4;N;Norte;UHE;PERFIL
2026-09-25;2026-10-02;2026-10-02 02:30:00;02:30:00;30,233;4;N;Norte;UHE;PERFIL
2026-09-25;2026-10-02;2026-10-02 03:00:00;03:00:00;30,233;4;N;Norte;UHE;PERFIL
2026-09-25;2026-10-02;2026-10-02 03:30:00;03:30:00;30,233;4;N;Norte;UHE;PERFIL
2026-09-25;2026-10-02;2026-10-02 04:00:00;04:00:00;30,13;4;N;Norte;UHE;PERFIL
2026-09-25;2026-10-02;2026-10-02 04:30:00;04:30:00;30,13;4;N;Norte;UHE;PERFIL
2026-09-25;2026-10-02;2026-10-02 05:00:00;05:00:00;30,059;4;N;Norte;UHE;PERFIL
2026-09-25;2026-10-02;2026-10-02 05:30:00;05:30:00;30,059;4;N;Norte;UHE;PERFIL
2026-09-25;2026-10-02;2026-10-02 06:00:00;06:00:00;29,911;4;N;Norte;UHE;PERFIL
2026-09-25;2026-10-02;2026-10-02 06:30:00;06:30:00;29,84;4;N;Norte;UHE;PERFIL
2026-09-25;2026-10-02;2026-10-02 07:00:00;07:00:00;29,81;4;N;Norte;UHE;PERFIL
2026-09-25;2026-10-02;2026-10-02 07:30:00;07:30:00;29,81;4;N;Norte;UHE;PERFIL
2026-09-25;2026-10-02;2026-10-02 08:00:00;08:00:00;29,588;4;N;Norte;UHE;PERFIL
2026-09-25;2026-10-02;2026-10-02 08:30:00;08:30:00;29,332;4;N;Norte;UHE;PERFIL
2026-09-25;2026-10-02;2026-10-02 09:00:00;09:00:00;28,938;4;N;Norte;UHE;PERFIL
2026-09-25;2026-10-02;2026-10-02 09:30:00;09:30:00;28,866;4;N;Norte;UHE;PERFIL
2026-09-25;2026-10-02;2026-10-02 10:00:00;10:00:00;28,837;4;N;Norte;UHE;PERFIL
2026-09-25;2026-10-02;2026-10-02 10:30:00;10:30:00;28,837;4;N;Norte;UHE;PERFIL
2026-09-25;2026-10-02;2026-10-02 11:00:00;11:00:00;28,837;4;N;Norte;UHE;PERFIL
2026-09-25;2026-10-02;2026-10-02 11:30:00;11:30:00;28,837;4;N;Norte;UHE;PERFIL
2026-09-25;2026-10-02;2026-10-02 12:00:00;12:00:00;28,837;4;N;Norte;UHE;PERFIL
2026-09-25;2026-10-02;2026-10-02 12:30:00;12:30:00;28,908;4;N;Norte;UHE;PERFIL
2026-09-25;2026-10-02;2026-10-02 13:00:00;13:00:00;29,048;4;N;Norte;UHE;PERFIL
2026-09-25;2026-10-02;2026-10-02 13:30:00;13:30:00;29,155;4;N;Norte;UHE;PERFIL
2026-09-25;2026-10-02;2026-10-02 14:00:00;14:00:00;29,185;4;N;Norte;UHE;PERFIL
2026-09-25;2026-10-02;2026-10-02 14:30:00;14:30:00;29,44;4;N;Norte;UHE;PERFIL
2026-09-25;2026-10-02;2026-10-02 15:00:00;15:00:00;29,81;4;N;Norte;UHE;PERFIL
2026-09-25;2026-10-02;2026-10-02 15:30:00;15:30:00;29,81;4;N;Norte;UHE;PERFIL
2026-09-25;2026-10-02;2026-10-02 16:00:00;16:00:00;30,059;4;N;Norte;UHE;PERFIL
2026-09-25;2026-10-02;2026-10-02 16:30:00;16:30:00;30,334;4;N;Norte;UHE;PERFIL
2026-09-25;2026-10-02;2026-10-02 17:00:00;17:00:00;30,519;4;N;Norte;UHE;PERFIL
2026-09-25;2026-10-02;2026-10-02 17:30:00;17:30:00;30,625;4;N;Norte;UHE;PERFIL
2026-09-25;2026-10-02;2026-10-02 18:00:00;18:00:00;30,913;4;N;Norte;UHE;PERFIL
2026-09-25;2026-10-02;2026-10-02 18:30:00;18:30:00;31,028;4;N;Norte;UHE;PERFIL
2026-09-25;2026-10-02;2026-10-02 19:00:00;19:00:00;31,028;4;N;Norte;UHE;PERFIL
2026-09-25;2026-10-02;2026-10-02 19:30:00;19:30:00;31,028;4;N;Norte;UHE;PERFIL
2026-09-25;2026-10-02;2026-10-02 20:00:00;20:00:00;31,028;4;N;Norte;UHE;PERFIL
2026-09-25;2026-10-02;2026-10-02 20:30:00;20:30:00;31,028;4;N;Norte;UHE;PERFIL
2026-09-25;2026-10-02;2026-10-02 21:00:00;21:00:00;31,028;4;N;Norte;UHE;PERFIL
2026-09-25;2026-10-02;2026-10-02 21:30:00;21:30:00;31,028;4;N;Norte;UHE;PERFIL
2026-09-25;2026-10-02;2026-10-02 22:00:00;22:00:00;30,913;4;N;Norte;UHE;PERFIL
2026-09-25;2026-10-02;2026-10-02 22:30:00;22:30:00;30,806;4;N;Norte;UHE;PERFIL
2026-09-25;2026-10-02;2026-10-02 23:00:00;23:00:00;30,625;4;N;Norte;UHE;PERFIL
2026-09-25;2026-10-02;2026-10-02 23:30:00;23:30:00;30,519;4;N;Norte;UHE;PERFIL
2026-09-25;2026-09-25;2026-09-25 00:00:00;00:00:00;12,0;3;NE;Nordeste;UHE;DESSEM
2026-09-25;2026-09-25;2026-09-25 00:30:00;00:30:00;12,0;3;NE;Nordeste;UHE;DESSEM
2026-09-25;2026-09-25;2026-09-25 01:00:00;01:00:00;12,0;3;NE;Nordeste;UHE;DESSEM
2026-09-25;2026-09-25;2026-09-25 01:30:00;01:30:00;12,0;3;NE;Nordeste;UHE;DESSEM
2026-09-25;2026-09-25;2026-09-25 02:00:00;02:00:00;12,0;3;NE;Nordeste;UHE;DESSEM
2026-09-25;2026-09-25;2026-09-25 02:30:00;02:30:00;12,0;3;NE;Nordeste;UHE;DESSEM
2026-09-25;2026-09-25;2026-09-25 03:00:00;03:00:00;12,0;3;NE;Nordeste;UHE;DESSEM
2026-09-25;2026-09-25;2026-09-25 03:30:00;03:30:00;12,0;3;NE;Nordeste;UHE;DESSEM
2026-09-25;2026-09-25;2026-09-25 04:00:00;04:00:00;12,0;3;NE;Nordeste;UHE;DESSEM
2026-09-25;2026-09-25;2026-09-25 04:30:00;04:30:00;12,0;3;NE;Nordeste;UHE;DESSEM
2026-09-25;2026-09-25;2026-09-25 05:00:00;05:00:00;12,0;3;NE;Nordeste;UHE;DESSEM
2026-09-25;2026-09-25;2026-09-25 05:30:00;05:30:00;12,0;3;NE;Nordeste;UHE;DESSEM
2026-09-25;2026-09-25;2026-09-25 06:00:00;06:00:00;12,0;3;NE;Nordeste;UHE;DESSEM
2026-09-25;2026-09-25;2026-09-25 06:30:00;06:30:00;12,0;3;NE;Nordeste;UHE;DESSEM
2026-09-25;2026-09-25;2026-09-25 07:00:00;07:00:00;12,0;3;NE;Nordeste;UHE;DESSEM
2026-09-25;2026-09-25;2026-09-25 07:30:00;07:30:00;11,0;3;NE;Nordeste;UHE;DESSEM
2026-09-25;2026-09-25;2026-09-25 08:00:00;08:00:00;11,0;3;NE;Nordeste;UHE;DESSEM
2026-09-25;2026-09-25;2026-09-25 08:30:00;08:30:00;11,0;3;NE;Nordeste;UHE;DESSEM
2026-09-25;2026-09-25;2026-09-25 09:00:00;09:00:00;10,0;3;NE;Nordeste;UHE;DESSEM
2026-09-25;2026-09-25;2026-09-25 09:30:00;09:30:00;10,0;3;NE;Nordeste;UHE;DESSEM
2026-09-25;2026-09-25;2026-09-25 10:00:00;10:00:00;10,0;3;NE;Nordeste;UHE;DESSEM
2026-09-25;2026-09-25;2026-09-25 10:30:00;10:30:00;10,0;3;NE;Nordeste;UHE;DESSEM
2026-09-25;2026-09-25;2026-09-25 11:00:00;11:00:00;10,0;3;NE;Nordeste;UHE;DESSEM
2026-09-25;2026-09-25;2026-09-25 11:30:00;11:30:00;10,0;3;NE;Nordeste;UHE;DESSEM
2026-09-25;2026-09-25;2026-09-25 12:00:00;12:00:00;10,0;3;NE;Nordeste;UHE;DESSEM
2026-09-25;2026-09-25;2026-09-25 12:30:00;12:30:00;10,0;3;NE;Nordeste;UHE;DESSEM
2026-09-25;2026-09-25;2026-09-25 13:00:00;13:00:00;11,0;3;NE;Nordeste;UHE;DESSEM
2026-09-25;2026-09-25;2026-09-25 13:30:00;13:30:00;11,0;3;NE;Nordeste;UHE;DESSEM
2026-09-25;2026-09-25;2026-09-25 14:00:00;14:00:00;11,0;3;NE;Nordeste;UHE;DESSEM
2026-09-25;2026-09-25;2026-09-25 14:30:00;14:30:00;11,0;3;NE;Nordeste;UHE;DESSEM
2026-09-25;2026-09-25;2026-09-25 15:00:00;15:00:00;11,0;3;NE;Nordeste;UHE;DESSEM
2026-09-25;2026-09-25;2026-09-25 15:30:00;15:30:00;12,0;3;NE;Nordeste;UHE;DESSEM
2026-09-25;2026-09-25;2026-09-25 16:00:00;16:00:00;12,0;3;NE;Nordeste;UHE;DESSEM
2026-09-25;2026-09-25;2026-09-25 16:30:00;16:30:00;12,0;3;NE;Nordeste;UHE;DESSEM
2026-09-25;2026-09-25;2026-09-25 17:00:00;17:00:00;12,0;3;NE;Nordeste;UHE;DESSEM
2026-09-25;2026-09-25;2026-09-25 17:30:00;17:30:00;13,0;3;NE;Nordeste;UHE;DESSEM
2026-09-25;2026-09-25;2026-09-25 18:00:00;18:00:00;13,0;3;NE;Nordeste;UHE;DESSEM
2026-09-25;2026-09-25;2026-09-25 18:30:00;18:30:00;13,0;3;NE;Nordeste;UHE;DESSEM
2026-09-25;2026-09-25;2026-09-25 19:00:00;19:00:00;13,0;3;NE;Nordeste;UHE;DESSEM
2026-09-25;2026-09-25;2026-09-25 19:30:00;19:30:00;13,0;3;NE;Nordeste;UHE;DESSEM
2026-09-25;2026-09-25;2026-09-25 20:00:00;20:00:00;13,0;3;NE;Nordeste;UHE;DESSEM
2026-09-25;2026-09-25;2026-09-25 20:30:00;20:30:00;13,0;3;NE;Nordeste;UHE;DESSEM
2026-09-25;2026-09-25;2026-09-25 21:00:00;21:00:00;13,0;3;NE;Nordeste;UHE;DESSEM
2026-09-25;2026-09-25;2026-09-25 21:30:00;21:30:00;13,0;3;NE;Nordeste;UHE;DESSEM
2026-09-25;2026-09-25;2026-09-25 22:00:00;22:00:00;13,0;3;NE;Nordeste;UHE;DESSEM
2026-09-25;2026-09-25;2026-09-25 22:30:00;22:30:00;13,0;3;NE;Nordeste;UHE;DESSEM
2026-09-25;2026-09-25;2026-09-25 23:00:00;23:00:00;13,0;3;NE;Nordeste;UHE;DESSEM
2026-09-25;2026-09-25;2026-09-25 23:30:00;23:30:00;13,0;3;NE;Nordeste;UHE;DESSEM
2026-09-25;2026-09-26;2026-09-26 00:00:00;00:00:00;11,975;3;NE;Nordeste;UHE;PERFIL
2026-09-25;2026-09-26;2026-09-26 00:30:00;00:30:00;11,911;3;NE;Nordeste;UHE;PERFIL
2026-09-25;2026-09-26;2026-09-26 01:00:00;01:00:00;11,757;3;NE;Nordeste;UHE;PERFIL
2026-09-25;2026-09-26;2026-09-26 01:30:00;01:30:00;11,553;3;NE;Nordeste;UHE;PERFIL
2026-09-25;2026-09-26;2026-09-26 02:00:00;02:00:00;11,553;3;NE;Nordeste;UHE;PERFIL
2026-09-25;2026-09-26;2026-09-26 02:30:00;02:30:00;11,553;3;NE;Nordeste;UHE;PERFIL
2026-09-25;2026-09-26;2026-09-26 03:00:00;03:00:00;11,522;3;NE;Nordeste;UHE;PERFIL
2026-09-25;2026-09-26;2026-09-26 03:30:00;03:30:00;11,522;3;NE;Nordeste;UHE;PERFIL
2026-09-25;2026-09-26;2026-09-26 04:00:00;04:00:00;11,522;3;NE;Nordeste;UHE;PERFIL
2026-09-25;2026-09-26;2026-09-26 04:30:00;04:30:00;11,522;3;NE;Nordeste;UHE;PERFIL
2026-09-25;2026-09-26;2026-09-26 05:00:00;05:00:00;11,522;3;NE;Nordeste;UHE;PERFIL
2026-09-25;2026-09-26;2026-09-26 05:30:00;05:30:00;11,435;3;NE;Nordeste;UHE;PERFIL
2026-09-25;2026-09-26;2026-09-26 06:00:00;06:00:00;11,435;3;NE;Nordeste;UHE;PERFIL
2026-09-25;2026-09-26;2026-09-26 06:30:00;06:30:00;11,435;3;NE;Nordeste;UHE;PERFIL
2026-09-25;2026-09-26;2026-09-26 07:00:00;07:00:00;11,435;3;NE;Nordeste;UHE;PERFIL
2026-09-25;2026-09-26;2026-09-26 07:30:00;07:30:00;11,328;3;NE;Nordeste;UHE;PERFIL
2026-09-25;2026-09-26;2026-09-26 08:00:00;08:00:00;11,328;3;NE;Nordeste;UHE;PERFIL
2026-09-25;2026-09-26;2026-09-26 08:30:00;08:30:00;11,328;3;NE;Nordeste;UHE;PERFIL
2026-09-25;2026-09-26;2026-09-26 09:00:00;09:00:00;11,221;3;NE;Nordeste;UHE;PERFIL
2026-09-25;2026-09-26;2026-09-26 09:30:00;09:30:00;11,221;3;NE;Nordeste;UHE;PERFIL
2026-09-25;2026-09-26;2026-09-26 10:00:00;10:00:00;11,221;3;NE;Nordeste;UHE;PERFIL
2026-09-25;2026-09-26;2026-09-26 10:30:00;10:30:00;11,221;3;NE;Nordeste;UHE;PERFIL
2026-09-25;2026-09-26;2026-09-26 11:00:00;11:00:00;11,221;3;NE;Nordeste;UHE;PERFIL
2026-09-25;2026-09-26;2026-09-26 11:30:00;11:30:00;11,221;3;NE;Nordeste;UHE;PERFIL
2026-09-25;2026-09-26;2026-09-26 12:00:00;12:00:00;11,221;3;NE;Nordeste;UHE;PERFIL
2026-09-25;2026-09-26;2026-09-26 12:30:00;12:30:00;11,221;3;NE;Nordeste;UHE;PERFIL
2026-09-25;2026-09-26;2026-09-26 13:00:00;13:00:00;11,328;3;NE;Nordeste;UHE;PERFIL
2026-09-25;2026-09-26;2026-09-26 13:30:00;13:30:00;11,328;3;NE;Nordeste;UHE;PERFIL
2026-09-25;2026-09-26;2026-09-26 14:00:00;14:00:00;11,328;3;NE;Nordeste;UHE;PERFIL
2026-09-25;2026-09-26;2026-09-26 14:30:00;14:30:00;11,328;3;NE;Nordeste;UHE;PERFIL
2026-09-25;2026-09-26;2026-09-26 15:00:00;15:00:00;11,328;3;NE;Nordeste;UHE;PERFIL
2026-09-25;2026-09-26;2026-09-26 15:30:00;15:30:00;11,435;3;NE;Nordeste;UHE;PERFIL
2026-09-25;2026-09-26;2026-09-26 16:00:00;16:00:00;11,522;3;NE;Nordeste;UHE;PERFIL
2026-09-25;2026-09-26;2026-09-26 16:30:00;16:30:00;11,853;3;NE;Nordeste;UHE;PERFIL
2026-09-25;2026-09-26;2026-09-26 17:00:00;17:00:00;12,159;3;NE;Nordeste;UHE;PERFIL
2026-09-25;2026-09-26;2026-09-26 17:30:00;17:30:00;12,488;3;NE;Nordeste;UHE;PERFIL
2026-09-25;2026-09-26;2026-09-26 18:00:00;18:00:00;12,519;3;NE;Nordeste;UHE;PERFIL
2026-09-25;2026-09-26;2026-09-26 18:30:00;18:30:00;12,741;3;NE;Nordeste;UHE;PERFIL
2026-09-25;2026-09-26;2026-09-26 19:00:00;19:00:00;12,741;3;NE;Nordeste;UHE;PERFIL
2026-09-25;2026-09-26;2026-09-26 19:30:00;19:30:00;12,741;3;NE;Nordeste;UHE;PERFIL
2026-09-25;2026-09-26;2026-09-26 20:00:00;20:00:00;12,741;3;NE;Nordeste;UHE;PERFIL
2026-09-25;2026-09-26;2026-09-26 20:30:00;20:30:00;12,741;3;NE;Nordeste;UHE;PERFIL
2026-09-25;2026-09-26;2026-09-26 21:00:00;21:00:00;12,741;3;NE;Nordeste;UHE;PERFIL
2026-09-25;2026-09-26;2026-09-26 21:30:00;21:30:00;12,741;3;NE;Nordeste;UHE;PERFIL
2026-09-25;2026-09-26;2026-09-26 22:00:00;22:00:00;12,519;3;NE;Nordeste;UHE;PERFIL
2026-09-25;2026-09-26;2026-09-26 22:30:00;22:30:00;12,519;3;NE;Nordeste;UHE;PERFIL
2026-09-25;2026-09-26;2026-09-26 23:00:00;23:00:00;12,488;3;NE;Nordeste;UHE;PERFIL
2026-09-25;2026-09-26;2026-09-26 23:30:00;23:30:00;12,266;3;NE;Nordeste;UHE;PERFIL
2026-09-25;2026-09-27;2026-09-27 00:00:00;00:00:00;11,975;3;NE;Nordeste;UHE;PERFIL
2026-09-25;2026-09-27;2026-09-27 00:30:00;00:30:00;11,911;3;NE;Nordeste;UHE;PERFIL
2026-09-25;2026-09-27;2026-09-27 01:00:00;01:00:00;11,757;3;NE;Nordeste;UHE;PERFIL
2026-09-25;2026-09-27;2026-09-27 01:30:00;01:30:00;11,553;3;NE;Nordeste;UHE;PERFIL
2026-09-25;2026-09-27;2026-09-27 02:00:00;02:00:00;11,553;3;NE;Nordeste;UHE;PERFIL
2026-09-25;2026-09-27;2026-09-27 02:30:00;02:30:00;11,553;3;NE;Nordeste;UHE;PERFIL
2026-09-25;2026-09-27;2026-09-27 03:00:00;03:00:00;11,522;3;NE;Nordeste;UHE;PERFIL
2026-09-25;2026-09-27;2026-09-27 03:30:00;03:30:00;11,522;3;NE;Nordeste;UHE;PERFIL
2026-09-25;2026-09-27;2026-09-27 04:00:00;04:00:00;11,522;3;NE;Nordeste;UHE;PERFIL
2026-09-25;2026-09-27;2026-09-27 04:30:00;04:30:00;11,522;3;NE;Nordeste;UHE;PERFIL
2026-09-25;2026-09-27;2026-09-27 05:00:00;05:00:00;11,522;3;NE;Nordeste;UHE;PERFIL
2026-09-25;2026-09-27;2026-09-27 05:30:00;05:30:00;11,435;3;NE;Nordeste;UHE;PERFIL
2026-09-25;2026-09-27;2026-09-27 06:00:00;06:00:00;11,435;3;NE;Nordeste;UHE;PERFIL
2026-09-25;2026-09-27;2026-09-27 06:30:00;06:30:00;11,435;3;NE;Nordeste;UHE;PERFIL
2026-09-25;2026-09-27;2026-09-27 07:00:00;07:00:00;11,435;3;NE;Nordeste;UHE;PERFIL
2026-09-25;2026-09-27;2026-09-27 07:30:00;07:30:00;11,328;3;NE;Nordeste;UHE;PERFIL
2026-09-25;2026-09-27;2026-09-27 08:00:00;08:00:00;11,328;3;NE;Nordeste;UHE;PERFIL
2026-09-25;2026-09-27;2026-09-27 08:30:00;08:30:00;11,328;3;NE;Nordeste;UHE;PERFIL
2026-09-25;2026-09-27;2026-09-27 09:00:00;09:00:00;11,221;3;NE;Nordeste;UHE;PERFIL
2026-09-25;2026-09-27;2026-09-27 09:30:00;09:30:00;11,221;3;NE;Nordeste;UHE;PERFIL
2026-09-25;2026-09-27;2026-09-27 10:00:00;10:00:00;11,221;3;NE;Nordeste;UHE;PERFIL
2026-09-25;2026-09-27;2026-09-27 10:30:00;10:30:00;11,221;3;NE;Nordeste;UHE;PERFIL
2026-09-25;2026-09-27;2026-09-27 11:00:00;11:00:00;11,221;3;NE;Nordeste;UHE;PERFIL
2026-09-25;2026-09-27;2026-09-27 11:30:00;11:30:00;11,221;3;NE;Nordeste;UHE;PERFIL
2026-09-25;2026-09-27;2026-09-27 12:00:00;12:00:00;11,221;3;NE;Nordeste;UHE;PERFIL
2026-09-25;2026-09-27;2026-09-27 12:30:00;12:30:00;11,221;3;NE;Nordeste;UHE;PERFIL
2026-09-25;2026-09-27;2026-09-27 13:00:00;13:00:00;11,328;3;NE;Nordeste;UHE;PERFIL
2026-09-25;2026-09-27;2026-09-27 13:30:00;13:30:00;11,328;3;NE;Nordeste;UHE;PERFIL
2026-09-25;2026-09-27;2026-09-27 14:00:00;14:00:00;11,328;3;NE;Nordeste;UHE;PERFIL
2026-09-25;2026-09-27;2026-09-27 14:30:00;14:30:00;11,328;3;NE;Nordeste;UHE;PERFIL
2026-09-25;2026-09-27;2026-09-27 15:00:00;15:00:00;11,328;3;NE;Nordeste;UHE;PERFIL
2026-09-25;2026-09-27;2026-09-27 15:30:00;15:30:00;11,435;3;NE;Nordeste;UHE;PERFIL
2026-09-25;2026-09-27;2026-09-27 16:00:00;16:00:00;11,522;3;NE;Nordeste;UHE;PERFIL
2026-09-25;2026-09-27;2026-09-27 16:30:00;16:30:00;11,853;3;NE;Nordeste;UHE;PERFIL
2026-09-25;2026-09-27;2026-09-27 17:00:00;17:00:00;12,159;3;NE;Nordeste;UHE;PERFIL
2026-09-25;2026-09-27;2026-09-27 17:30:00;17:30:00;12,488;3;NE;Nordeste;UHE;PERFIL
2026-09-25;2026-09-27;2026-09-27 18:00:00;18:00:00;12,519;3;NE;Nordeste;UHE;PERFIL
2026-09-25;2026-09-27;2026-09-27 18:30:00;18:30:00;12,741;3;NE;Nordeste;UHE;PERFIL
2026-09-25;2026-09-27;2026-09-27 19:00:00;19:00:00;12,741;3;NE;Nordeste;UHE;PERFIL
2026-09-25;2026-09-27;2026-09-27 19:30:00;19:30:00;12,741;3;NE;Nordeste;UHE;PERFIL
2026-09-25;2026-09-27;2026-09-27 20:00:00;20:00:00;12,741;3;NE;Nordeste;UHE;PERFIL
2026-09-25;2026-09-27;2026-09-27 20:30:00;20:30:00;12,741;3;NE;Nordeste;UHE;PERFIL
2026-09-25;2026-09-27;2026-09-27 21:00:00;21:00:00;12,741;3;NE;Nordeste;UHE;PERFIL
2026-09-25;2026-09-27;2026-09-27 21:30:00;21:30:00;12,741;3;NE;Nordeste;UHE;PERFIL
2026-09-25;2026-09-27;2026-09-27 22:00:00;22:00:00;12,519;3;NE;Nordeste;UHE;PERFIL
2026-09-25;2026-09-27;2026-09-27 22:30:00;22:30:00;12,519;3;NE;Nordeste;UHE;PERFIL
2026-09-25;2026-09-27;2026-09-27 23:00:00;23:00:00;12,488;3;NE;Nordeste;UHE;PERFIL
2026-09-25;2026-09-27;2026-09-27 23:30:00;23:30:00;12,266;3;NE;Nordeste;UHE;PERFIL
2026-09-25;2026-09-28;2026-09-28 00:00:00;00:00:00;11,975;3;NE;Nordeste;UHE;PERFIL
2026-09-25;2026-09-28;2026-09-28 00:30:00;00:30:00;11,911;3;NE;Nordeste;UHE;PERFIL
2026-09-25;2026-09-28;2026-09-28 01:00:00;01:00:00;11,757;3;NE;Nordeste;UHE;PERFIL
2026-09-25;2026-09-28;2026-09-28 01:30:00;01:30:00;11,553;3;NE;Nordeste;UHE;PERFIL
2026-09-25;2026-09-28;2026-09-28 02:00:00;02:00:00;11,553;3;NE;Nordeste;UHE;PERFIL
2026-09-25;2026-09-28;2026-09-28 02:30:00;02:30:00;11,553;3;NE;Nordeste;UHE;PERFIL
2026-09-25;2026-09-28;2026-09-28 03:00:00;03:00:00;11,522;3;NE;Nordeste;UHE;PERFIL
2026-09-25;2026-09-28;2026-09-28 03:30:00;03:30:00;11,522;3;NE;Nordeste;UHE;PERFIL
2026-09-25;2026-09-28;2026-09-28 04:00:00;04:00:00;11,522;3;NE;Nordeste;UHE;PERFIL
2026-09-25;2026-09-28;2026-09-28 04:30:00;04:30:00;11,522;3;NE;Nordeste;UHE;PERFIL
2026-09-25;2026-09-28;2026-09-28 05:00:00;05:00:00;11,522;3;NE;Nordeste;UHE;PERFIL
2026-09-25;2026-09-28;2026-09-28 05:30:00;05:30:00;11,435;3;NE;Nordeste;UHE;PERFIL
2026-09-25;2026-09-28;2026-09-28 06:00:00;06:00:00;11,435;3;NE;Nordeste;UHE;PERFIL
2026-09-25;2026-09-28;2026-09-28 06:30:00;06:30:00;11,435;3;NE;Nordeste;UHE;PERFIL
2026-09-25;2026-09-28;2026-09-28 07:00:00;07:00:00;11,435;3;NE;Nordeste;UHE;PERFIL
2026-09-25;2026-09-28;2026-09-28 07:30:00;07:30:00;11,328;3;NE;Nordeste;UHE;PERFIL
2026-09-25;2026-09-28;2026-09-28 08:00:00;08:00:00;11,328;3;NE;Nordeste;UHE;PERFIL
2026-09-25;2026-09-28;2026-09-28 08:30:00;08:30:00;11,328;3;NE;Nordeste;UHE;PERFIL
2026-09-25;2026-09-28;2026-09-28 09:00:00;09:00:00;11,221;3;NE;Nordeste;UHE;PERFIL
2026-09-25;2026-09-28;2026-09-28 09:30:00;09:30:00;11,221;3;NE;Nordeste;UHE;PERFIL
2026-09-25;2026-09-28;2026-09-28 10:00:00;10:00:00;11,221;3;NE;Nordeste;UHE;PERFIL
2026-09-25;2026-09-28;2026-09-28 10:30:00;10:30:00;11,221;3;NE;Nordeste;UHE;PERFIL
2026-09-25;2026-09-28;2026-09-28 11:00:00;11:00:00;11,221;3;NE;Nordeste;UHE;PERFIL
2026-09-25;2026-09-28;2026-09-28 11:30:00;11:30:00;11,221;3;NE;Nordeste;UHE;PERFIL
2026-09-25;2026-09-28;2026-09-28 12:00:00;12:00:00;11,221;3;NE;Nordeste;UHE;PERFIL
2026-09-25;2026-09-28;2026-09-28 12:30:00;12:30:00;11,221;3;NE;Nordeste;UHE;PERFIL
2026-09-25;2026-09-28;2026-09-28 13:00:00;13:00:00;11,328;3;NE;Nordeste;UHE;PERFIL
2026-09-25;2026-09-28;2026-09-28 13:30:00;13:30:00;11,328;3;NE;Nordeste;UHE;PERFIL
2026-09-25;2026-09-28;2026-09-28 14:00:00;14:00:00;11,328;3;NE;Nordeste;UHE;PERFIL
2026-09-25;2026-09-28;2026-09-28 14:30:00;14:30:00;11,328;3;NE;Nordeste;UHE;PERFIL
2026-09-25;2026-09-28;2026-09-28 15:00:00;15:00:00;11,328;3;NE;Nordeste;UHE;PERFIL
2026-09-25;2026-09-28;2026-09-28 15:30:00;15:30:00;11,435;3;NE;Nordeste;UHE;PERFIL
2026-09-25;2026-09-28;2026-09-28 16:00:00;16:00:00;11,522;3;NE;Nordeste;UHE;PERFIL
2026-09-25;2026-09-28;2026-09-28 16:30:00;16:30:00;11,853;3;NE;Nordeste;UHE;PERFIL
2026-09-25;2026-09-28;2026-09-28 17:00:00;17:00:00;12,159;3;NE;Nordeste;UHE;PERFIL
2026-09-25;2026-09-28;2026-09-28 17:30:00;17:30:00;12,488;3;NE;Nordeste;UHE;PERFIL
2026-09-25;2026-09-28;2026-09-28 18:00:00;18:00:00;12,519;3;NE;Nordeste;UHE;PERFIL
2026-09-25;2026-09-28;2026-09-28 18:30:00;18:30:00;12,741;3;NE;Nordeste;UHE;PERFIL
2026-09-25;2026-09-28;2026-09-28 19:00:00;19:00:00;12,741;3;NE;Nordeste;UHE;PERFIL
2026-09-25;2026-09-28;2026-09-28 19:30:00;19:30:00;12,741;3;NE;Nordeste;UHE;PERFIL
2026-09-25;2026-09-28;2026-09-28 20:00:00;20:00:00;12,741;3;NE;Nordeste;UHE;PERFIL
2026-09-25;2026-09-28;2026-09-28 20:30:00;20:30:00;12,741;3;NE;Nordeste;UHE;PERFIL
2026-09-25;2026-09-28;2026-09-28 21:00:00;21:00:00;12,741;3;NE;Nordeste;UHE;PERFIL
2026-09-25;2026-09-28;2026-09-28 21:30:00;21:30:00;12,741;3;NE;Nordeste;UHE;PERFIL
2026-09-25;2026-09-28;2026-09-28 22:00:00;22:00:00;12,519;3;NE;Nordeste;UHE;PERFIL
2026-09-25;2026-09-28;2026-09-28 22:30:00;22:30:00;12,519;3;NE;Nordeste;UHE;PERFIL
2026-09-25;2026-09-28;2026-09-28 23:00:00;23:00:00;12,488;3;NE;Nordeste;UHE;PERFIL
2026-09-25;2026-09-28;2026-09-28 23:30:00;23:30:00;12,266;3;NE;Nordeste;UHE;PERFIL
2026-09-25;2026-09-29;2026-09-29 00:00:00;00:00:00;11,975;3;NE;Nordeste;UHE;PERFIL
2026-09-25;2026-09-29;2026-09-29 00:30:00;00:30:00;11,911;3;NE;Nordeste;UHE;PERFIL
2026-09-25;2026-09-29;2026-09-29 01:00:00;01:00:00;11,757;3;NE;Nordeste;UHE;PERFIL
2026-09-25;2026-09-29;2026-09-29 01:30:00;01:30:00;11,553;3;NE;Nordeste;UHE;PERFIL
2026-09-25;2026-09-29;2026-09-29 02:00:00;02:00:00;11,553;3;NE;Nordeste;UHE;PERFIL
2026-09-25;2026-09-29;2026-09-29 02:30:00;02:30:00;11,553;3;NE;Nordeste;UHE;PERFIL
2026-09-25;2026-09-29;2026-09-29 03:00:00;03:00:00;11,522;3;NE;Nordeste;UHE;PERFIL
2026-09-25;2026-09-29;2026-09-29 03:30:00;03:30:00;11,522;3;NE;Nordeste;UHE;PERFIL
2026-09-25;2026-09-29;2026-09-29 04:00:00;04:00:00;11,522;3;NE;Nordeste;UHE;PERFIL
2026-09-25;2026-09-29;2026-09-29 04:30:00;04:30:00;11,522;3;NE;Nordeste;UHE;PERFIL
2026-09-25;2026-09-29;2026-09-29 05:00:00;05:00:00;11,522;3;NE;Nordeste;UHE;PERFIL
2026-09-25;2026-09-29;2026-09-29 05:30:00;05:30:00;11,435;3;NE;Nordeste;UHE;PERFIL
2026-09-25;2026-09-29;2026-09-29 06:00:00;06:00:00;11,435;3;NE;Nordeste;UHE;PERFIL
2026-09-25;2026-09-29;2026-09-29 06:30:00;06:30:00;11,435;3;NE;Nordeste;UHE;PERFIL
2026-09-25;2026-09-29;2026-09-29 07:00:00;07:00:00;11,435;3;NE;Nordeste;UHE;PERFIL
2026-09-25;2026-09-29;2026-09-29 07:30:00;07:30:00;11,328;3;NE;Nordeste;UHE;PERFIL
2026-09-25;2026-09-29;2026-09-29 08:00:00;08:00:00;11,328;3;NE;Nordeste;UHE;PERFIL
2026-09-25;2026-09-29;2026-09-29 08:30:00;08:30:00;11,328;3;NE;Nordeste;UHE;PERFIL
2026-09-25;2026-09-29;2026-09-29 09:00:00;09:00:00;11,221;3;NE;Nordeste;UHE;PERFIL
2026-09-25;2026-09-29;2026-09-29 09:30:00;09:30:00;11,221;3;NE;Nordeste;UHE;PERFIL
2026-09-25;2026-09-29;2026-09-29 10:00:00;10:00:00;11,221;3;NE;Nordeste;UHE;PERFIL
2026-09-25;2026-09-29;2026-09-29 10:30:00;10:30:00;11,221;3;NE;Nordeste;UHE;PERFIL
2026-09-25;2026-09-29;2026-09-29 11:00:00;11:00:00;11,221;3;NE;Nordeste;UHE;PERFIL
2026-09-25;2026-09-29;2026-09-29 11:30:00;11:30:00;11,221;3;NE;Nordeste;UHE;PERFIL
2026-09-25;2026-09-29;2026-09-29 12:00:00;12:00:00;11,221;3;NE;Nordeste;UHE;PERFIL
2026-09-25;2026-09-29;2026-09-29 12:30:00;12:30:00;11,221;3;NE;Nordeste;UHE;PERFIL
2026-09-25;2026-09-29;2026-09-29 13:00:00;13:00:00;11,328;3;NE;Nordeste;UHE;PERFIL
2026-09-25;2026-09-29;2026-09-29 13:30:00;13:30:00;11,328;3;NE;Nordeste;UHE;PERFIL
2026-09-25;2026-09-29;2026-09-29 14:00:00;14:00:00;11,328;3;NE;Nordeste;UHE;PERFIL
2026-09-25;2026-09-29;2026-09-29 14:30:00;14:30:00;11,328;3;NE;Nordeste;UHE;PERFIL
2026-09-25;2026-09-29;2026-09-29 15:00:00;15:00:00;11,328;3;NE;Nordeste;UHE;PERFIL
2026-09-25;2026-09-29;2026-09-29 15:30:00;15:30:00;11,435;3;NE;Nordeste;UHE;PERFIL
2026-09-25;2026-09-29;2026-09-29 16:00:00;16:00:00;11,522;3;NE;Nordeste;UHE;PERFIL
2026-09-25;2026-09-29;2026-09-29 16:30:00;16:30:00;11,853;3;NE;Nordeste;UHE;PERFIL
2026-09-25;2026-09-29;2026-09-29 17:00:00;17:00:00;12,159;3;NE;Nordeste;UHE;PERFIL
2026-09-25;2026-09-29;2026-09-29 17:30:00;17:30:00;12,488;3;NE;Nordeste;UHE;PERFIL
2026-09-25;2026-09-29;2026-09-29 18:00:00;18:00:00;12,519;3;NE;Nordeste;UHE;PERFIL
2026-09-25;2026-09-29;2026-09-29 18:30:00;18:30:00;12,741;3;NE;Nordeste;UHE;PERFIL
2026-09-25;2026-09-29;2026-09-29 19:00:00;19:00:00;12,741;3;NE;Nordeste;UHE;PERFIL
2026-09-25;2026-09-29;2026-09-29 19:30:00;19:30:00;12,741;3;NE;Nordeste;UHE;PERFIL
2026-09-25;2026-09-29;2026-09-29 20:00:00;20:00:00;12,741;3;NE;Nordeste;UHE;PERFIL
2026-09-25;2026-09-29;2026-09-29 20:30:00;20:30:00;12,741;3;NE;Nordeste;UHE;PERFIL
2026-09-25;2026-09-29;2026-09-29 21:00:00;21:00:00;12,741;3;NE;Nordeste;UHE;PERFIL
2026-09-25;2026-09-29;2026-09-29 21:30:00;21:30:00;12,741;3;NE;Nordeste;UHE;PERFIL
2026-09-25;2026-09-29;2026-09-29 22:00:00;22:00:00;12,519;3;NE;Nordeste;UHE;PERFIL
2026-09-25;2026-09-29;2026-09-29 22:30:00;22:30:00;12,519;3;NE;Nordeste;UHE;PERFIL
2026-09-25;2026-09-29;2026-09-29 23:00:00;23:00:00;12,488;3;NE;Nordeste;UHE;PERFIL
2026-09-25;2026-09-29;2026-09-29 23:30:00;23:30:00;12,266;3;NE;Nordeste;UHE;PERFIL
2026-09-25;2026-09-30;2026-09-30 00:00:00;00:00:00;11,975;3;NE;Nordeste;UHE;PERFIL
2026-09-25;2026-09-30;2026-09-30 00:30:00;00:30:00;11,911;3;NE;Nordeste;UHE;PERFIL
2026-09-25;2026-09-30;2026-09-30 01:00:00;01:00:00;11,757;3;NE;Nordeste;UHE;PERFIL
2026-09-25;2026-09-30;2026-09-30 01:30:00;01:30:00;11,553;3;NE;Nordeste;UHE;PERFIL
2026-09-25;2026-09-30;2026-09-30 02:00:00;02:00:00;11,553;3;NE;Nordeste;UHE;PERFIL
2026-09-25;2026-09-30;2026-09-30 02:30:00;02:30:00;11,553;3;NE;Nordeste;UHE;PERFIL
2026-09-25;2026-09-30;2026-09-30 03:00:00;03:00:00;11,522;3;NE;Nordeste;UHE;PERFIL
2026-09-25;2026-09-30;2026-09-30 03:30:00;03:30:00;11,522;3;NE;Nordeste;UHE;PERFIL
2026-09-25;2026-09-30;2026-09-30 04:00:00;04:00:00;11,522;3;NE;Nordeste;UHE;PERFIL
2026-09-25;2026-09-30;2026-09-30 04:30:00;04:30:00;11,522;3;NE;Nordeste;UHE;PERFIL
2026-09-25;2026-09-30;2026-09-30 05:00:00;05:00:00;11,522;3;NE;Nordeste;UHE;PERFIL
2026-09-25;2026-09-30;2026-09-30 05:30:00;05:30:00;11,435;3;NE;Nordeste;UHE;PERFIL
2026-09-25;2026-09-30;2026-09-30 06:00:00;06:00:00;11,435;3;NE;Nordeste;UHE;PERFIL
2026-09-25;2026-09-30;2026-09-30 06:30:00;06:30:00;11,435;3;NE;Nordeste;UHE;PERFIL
2026-09-25;2026-09-30;2026-09-30 07:00:00;07:00:00;11,435;3;NE;Nordeste;UHE;PERFIL
2026-09-25;2026-09-30;2026-09-30 07:30:00;07:30:00;11,328;3;NE;Nordeste;UHE;PERFIL
2026-09-25;2026-09-30;2026-09-30 08:00:00;08:00:00;11,328;3;NE;Nordeste;UHE;PERFIL
2026-09-25;2026-09-30;2026-09-30 08:30:00;08:30:00;11,328;3;NE;Nordeste;UHE;PERFIL
2026-09-25;2026-09-30;2026-09-30 09:00:00;09:00:00;11,221;3;NE;Nordeste;UHE;PERFIL
2026-09-25;2026-09-30;2026-09-30 09:30:00;09:30:00;11,221;3;NE;Nordeste;UHE;PERFIL
2026-09-25;2026-09-30;2026-09-30 10:00:00;10:00:00;11,221;3;NE;Nordeste;UHE;PERFIL
2026-09-25;2026-09-30;2026-09-30 10:30:00;10:30:00;11,221;3;NE;Nordeste;UHE;PERFIL
2026-09-25;2026-09-30;2026-09-30 11:00:00;11:00:00;11,221;3;NE;Nordeste;UHE;PERFIL
2026-09-25;2026-09-30;2026-09-30 11:30:00;11:30:00;11,221;3;NE;Nordeste;UHE;PERFIL
2026-09-25;2026-09-30;2026-09-30 12:00:00;12:00:00;11,221;3;NE;Nordeste;UHE;PERFIL
2026-09-25;2026-09-30;2026-09-30 12:30:00;12:30:00;11,221;3;NE;Nordeste;UHE;PERFIL
2026-09-25;2026-09-30;2026-09-30 13:00:00;13:00:00;11,328;3;NE;Nordeste;UHE;PERFIL
2026-09-25;2026-09-30;2026-09-30 13:30:00;13:30:00;11,328;3;NE;Nordeste;UHE;PERFIL
2026-09-25;2026-09-30;2026-09-30 14:00:00;14:00:00;11,328;3;NE;Nordeste;UHE;PERFIL
2026-09-25;2026-09-30;2026-09-30 14:30:00;14:30:00;11,328;3;NE;Nordeste;UHE;PERFIL
2026-09-25;2026-09-30;2026-09-30 15:00:00;15:00:00;11,328;3;NE;Nordeste;UHE;PERFIL
2026-09-25;2026-09-30;2026-09-30 15:30:00;15:30:00;11,435;3;NE;Nordeste;UHE;PERFIL
2026-09-25;2026-09-30;2026-09-30 16:00:00;16:00:00;11,522;3;NE;Nordeste;UHE;PERFIL
2026-09-25;2026-09-30;2026-09-30 16:30:00;16:30:00;11,853;3;NE;Nordeste;UHE;PERFIL
2026-09-25;2026-09-30;2026-09-30 17:00:00;17:00:00;12,159;3;NE;Nordeste;UHE;PERFIL
2026-09-25;2026-09-30;2026-09-30 17:30:00;17:30:00;12,488;3;NE;Nordeste;UHE;PERFIL
2026-09-25;2026-09-30;2026-09-30 18:00:00;18:00:00;12,519;3;NE;Nordeste;UHE;PERFIL
2026-09-25;2026-09-30;2026-09-30 18:30:00;18:30:00;12,741;3;NE;Nordeste;UHE;PERFIL
2026-09-25;2026-09-30;2026-09-30 19:00:00;19:00:00;12,741;3;NE;Nordeste;UHE;PERFIL
2026-09-25;2026-09-30;2026-09-30 19:30:00;19:30:00;12,741;3;NE;Nordeste;UHE;PERFIL
2026-09-25;2026-09-30;2026-09-30 20:00:00;20:00:00;12,741;3;NE;Nordeste;UHE;PERFIL
2026-09-25;2026-09-30;2026-09-30 20:30:00;20:30:00;12,741;3;NE;Nordeste;UHE;PERFIL
2026-09-25;2026-09-30;2026-09-30 21:00:00;21:00:00;12,741;3;NE;Nordeste;UHE;PERFIL
2026-09-25;2026-09-30;2026-09-30 21:30:00;21:30:00;12,741;3;NE;Nordeste;UHE;PERFIL
2026-09-25;2026-09-30;2026-09-30 22:00:00;22:00:00;12,519;3;NE;Nordeste;UHE;PERFIL
2026-09-25;2026-09-30;2026-09-30 22:30:00;22:30:00;12,519;3;NE;Nordeste;UHE;PERFIL
2026-09-25;2026-09-30;2026-09-30 23:00:00;23:00:00;12,488;3;NE;Nordeste;UHE;PERFIL
2026-09-25;2026-09-30;2026-09-30 23:30:00;23:30:00;12,266;3;NE;Nordeste;UHE;PERFIL
2026-09-25;2026-10-01;2026-10-01 00:00:00;00:00:00;11,975;3;NE;Nordeste;UHE;PERFIL
2026-09-25;2026-10-01;2026-10-01 00:30:00;00:30:00;11,911;3;NE;Nordeste;UHE;PERFIL
2026-09-25;2026-10-01;2026-10-01 01:00:00;01:00:00;11,757;3;NE;Nordeste;UHE;PERFIL
2026-09-25;2026-10-01;2026-10-01 01:30:00;01:30:00;11,553;3;NE;Nordeste;UHE;PERFIL
2026-09-25;2026-10-01;2026-10-01 02:00:00;02:00:00;11,553;3;NE;Nordeste;UHE;PERFIL
2026-09-25;2026-10-01;2026-10-01 02:30:00;02:30:00;11,553;3;NE;Nordeste;UHE;PERFIL
2026-09-25;2026-10-01;2026-10-01 03:00:00;03:00:00;11,522;3;NE;Nordeste;UHE;PERFIL
2026-09-25;2026-10-01;2026-10-01 03:30:00;03:30:00;11,522;3;NE;Nordeste;UHE;PERFIL
2026-09-25;2026-10-01;2026-10-01 04:00:00;04:00:00;11,522;3;NE;Nordeste;UHE;PERFIL
2026-09-25;2026-10-01;2026-10-01 04:30:00;04:30:00;11,522;3;NE;Nordeste;UHE;PERFIL
2026-09-25;2026-10-01;2026-10-01 05:00:00;05:00:00;11,522;3;NE;Nordeste;UHE;PERFIL
2026-09-25;2026-10-01;2026-10-01 05:30:00;05:30:00;11,435;3;NE;Nordeste;UHE;PERFIL
2026-09-25;2026-10-01;2026-10-01 06:00:00;06:00:00;11,435;3;NE;Nordeste;UHE;PERFIL
2026-09-25;2026-10-01;2026-10-01 06:30:00;06:30:00;11,435;3;NE;Nordeste;UHE;PERFIL
2026-09-25;2026-10-01;2026-10-01 07:00:00;07:00:00;11,435;3;NE;Nordeste;UHE;PERFIL
2026-09-25;2026-10-01;2026-10-01 07:30:00;07:30:00;11,328;3;NE;Nordeste;UHE;PERFIL
2026-09-25;2026-10-01;2026-10-01 08:00:00;08:00:00;11,328;3;NE;Nordeste;UHE;PERFIL
2026-09-25;2026-10-01;2026-10-01 08:30:00;08:30:00;11,328;3;NE;Nordeste;UHE;PERFIL
2026-09-25;2026-10-01;2026-10-01 09:00:00;09:00:00;11,221;3;NE;Nordeste;UHE;PERFIL
2026-09-25;2026-10-01;2026-10-01 09:30:00;09:30:00;11,221;3;NE;Nordeste;UHE;PERFIL
2026-09-25;2026-10-01;2026-10-01 10:00:00;10:00:00;11,221;3;NE;Nordeste;UHE;PERFIL
2026-09-25;2026-10-01;2026-10-01 10:30:00;10:30:00;11,221;3;NE;Nordeste;UHE;PERFIL
2026-09-25;2026-10-01;2026-10-01 11:00:00;11:00:00;11,221;3;NE;Nordeste;UHE;PERFIL
2026-09-25;2026-10-01;2026-10-01 11:30:00;11:30:00;11,221;3;NE;Nordeste;UHE;PERFIL
2026-09-25;2026-10-01;2026-10-01 12:00:00;12:00:00;11,221;3;NE;Nordeste;UHE;PERFIL
2026-09-25;2026-10-01;2026-10-01 12:30:00;12:30:00;11,221;3;NE;Nordeste;UHE;PERFIL
2026-09-25;2026-10-01;2026-10-01 13:00:00;13:00:00;11,328;3;NE;Nordeste;UHE;PERFIL
2026-09-25;2026-10-01;2026-10-01 13:30:00;13:30:00;11,328;3;NE;Nordeste;UHE;PERFIL
2026-09-25;2026-10-01;2026-10-01 14:00:00;14:00:00;11,328;3;NE;Nordeste;UHE;PERFIL
2026-09-25;2026-10-01;2026-10-01 14:30:00;14:30:00;11,328;3;NE;Nordeste;UHE;PERFIL
2026-09-25;2026-10-01;2026-10-01 15:00:00;15:00:00;11,328;3;NE;Nordeste;UHE;PERFIL
2026-09-25;2026-10-01;2026-10-01 15:30:00;15:30:00;11,435;3;NE;Nordeste;UHE;PERFIL
2026-09-25;2026-10-01;2026-10-01 16:00:00;16:00:00;11,522;3;NE;Nordeste;UHE;PERFIL
2026-09-25;2026-10-01;2026-10-01 16:30:00;16:30:00;11,853;3;NE;Nordeste;UHE;PERFIL
2026-09-25;2026-10-01;2026-10-01 17:00:00;17:00:00;12,159;3;NE;Nordeste;UHE;PERFIL
2026-09-25;2026-10-01;2026-10-01 17:30:00;17:30:00;12,488;3;NE;Nordeste;UHE;PERFIL
2026-09-25;2026-10-01;2026-10-01 18:00:00;18:00:00;12,519;3;NE;Nordeste;UHE;PERFIL
2026-09-25;2026-10-01;2026-10-01 18:30:00;18:30:00;12,741;3;NE;Nordeste;UHE;PERFIL
2026-09-25;2026-10-01;2026-10-01 19:00:00;19:00:00;12,741;3;NE;Nordeste;UHE;PERFIL
2026-09-25;2026-10-01;2026-10-01 19:30:00;19:30:00;12,741;3;NE;Nordeste;UHE;PERFIL
2026-09-25;2026-10-01;2026-10-01 20:00:00;20:00:00;12,741;3;NE;Nordeste;UHE;PERFIL
2026-09-25;2026-10-01;2026-10-01 20:30:00;20:30:00;12,741;3;NE;Nordeste;UHE;PERFIL
2026-09-25;2026-10-01;2026-10-01 21:00:00;21:00:00;12,741;3;NE;Nordeste;UHE;PERFIL
2026-09-25;2026-10-01;2026-10-01 21:30:00;21:30:00;12,741;3;NE;Nordeste;UHE;PERFIL
2026-09-25;2026-10-01;2026-10-01 22:00:00;22:00:00;12,519;3;NE;Nordeste;UHE;PERFIL
2026-09-25;2026-10-01;2026-10-01 22:30:00;22:30:00;12,519;3;NE;Nordeste;UHE;PERFIL
2026-09-25;2026-10-01;2026-10-01 23:00:00;23:00:00;12,488;3;NE;Nordeste;UHE;PERFIL
2026-09-25;2026-10-01;2026-10-01 23:30:00;23:30:00;12,266;3;NE;Nordeste;UHE;PERFIL
2026-09-25;2026-10-02;2026-10-02 00:00:00;00:00:00;11,975;3;NE;Nordeste;UHE;PERFIL
2026-09-25;2026-10-02;2026-10-02 00:30:00;00:30:00;11,911;3;NE;Nordeste;UHE;PERFIL
2026-09-25;2026-10-02;2026-10-02 01:00:00;01:00:00;11,757;3;NE;Nordeste;UHE;PERFIL
2026-09-25;2026-10-02;2026-10-02 01:30:00;01:30:00;11,553;3;NE;Nordeste;UHE;PERFIL
2026-09-25;2026-10-02;2026-10-02 02:00:00;02:00:00;11,553;3;NE;Nordeste;UHE;PERFIL
2026-09-25;2026-10-02;2026-10-02 02:30:00;02:30:00;11,553;3;NE;Nordeste;UHE;PERFIL
2026-09-25;2026-10-02;2026-10-02 03:00:00;03:00:00;11,522;3;NE;Nordeste;UHE;PERFIL
2026-09-25;2026-10-02;2026-10-02 03:30:00;03:30:00;11,522;3;NE;Nordeste;UHE;PERFIL
2026-09-25;2026-10-02;2026-10-02 04:00:00;04:00:00;11,522;3;NE;Nordeste;UHE;PERFIL
2026-09-25;2026-10-02;2026-10-02 04:30:00;04:30:00;11,522;3;NE;Nordeste;UHE;PERFIL
2026-09-25;2026-10-02;2026-10-02 05:00:00;05:00:00;11,522;3;NE;Nordeste;UHE;PERFIL
2026-09-25;2026-10-02;2026-10-02 05:30:00;05:30:00;11,435;3;NE;Nordeste;UHE;PERFIL
2026-09-25;2026-10-02;2026-10-02 06:00:00;06:00:00;11,435;3;NE;Nordeste;UHE;PERFIL
2026-09-25;2026-10-02;2026-10-02 06:30:00;06:30:00;11,435;3;NE;Nordeste;UHE;PERFIL
2026-09-25;2026-10-02;2026-10-02 07:00:00;07:00:00;11,435;3;NE;Nordeste;UHE;PERFIL
2026-09-25;2026-10-02;2026-10-02 07:30:00;07:30:00;11,328;3;NE;Nordeste;UHE;PERFIL
2026-09-25;2026-10-02;2026-10-02 08:00:00;08:00:00;11,328;3;NE;Nordeste;UHE;PERFIL
2026-09-25;2026-10-02;2026-10-02 08:30:00;08:30:00;11,328;3;NE;Nordeste;UHE;PERFIL
2026-09-25;2026-10-02;2026-10-02 09:00:00;09:00:00;11,221;3;NE;Nordeste;UHE;PERFIL
2026-09-25;2026-10-02;2026-10-02 09:30:00;09:30:00;11,221;3;NE;Nordeste;UHE;PERFIL
2026-09-25;2026-10-02;2026-10-02 10:00:00;10:00:00;11,221;3;NE;Nordeste;UHE;PERFIL
2026-09-25;2026-10-02;2026-10-02 10:30:00;10:30:00;11,221;3;NE;Nordeste;UHE;PERFIL
2026-09-25;2026-10-02;2026-10-02 11:00:00;11:00:00;11,221;3;NE;Nordeste;UHE;PERFIL
2026-09-25;2026-10-02;2026-10-02 11:30:00;11:30:00;11,221;3;NE;Nordeste;UHE;PERFIL
2026-09-25;2026-10-02;2026-10-02 12:00:00;12:00:00;11,221;3;NE;Nordeste;UHE;PERFIL
2026-09-25;2026-10-02;2026-10-02 12:30:00;12:30:00;11,221;3;NE;Nordeste;UHE;PERFIL
2026-09-25;2026-10-02;2026-10-02 13:00:00;13:00:00;11,328;3;NE;Nordeste;UHE;PERFIL
2026-09-25;2026-10-02;2026-10-02 13:30:00;13:30:00;11,328;3;NE;Nordeste;UHE;PERFIL
2026-09-25;2026-10-02;2026-10-02 14:00:00;14:00:00;11,328;3;NE;Nordeste;UHE;PERFIL
2026-09-25;2026-10-02;2026-10-02 14:30:00;14:30:00;11,328;3;NE;Nordeste;UHE;PERFIL
2026-09-25;2026-10-02;2026-10-02 15:00:00;15:00:00;11,328;3;NE;Nordeste;UHE;PERFIL
2026-09-25;2026-10-02;2026-10-02 15:30:00;15:30:00;11,435;3;NE;Nordeste;UHE;PERFIL
2026-09-25;2026-10-02;2026-10-02 16:00:00;16:00:00;11,522;3;NE;Nordeste;UHE;PERFIL
2026-09-25;2026-10-02;2026-10-02 16:30:00;16:30:00;11,853;3;NE;Nordeste;UHE;PERFIL
2026-09-25;2026-10-02;2026-10-02 17:00:00;17:00:00;12,159;3;NE;Nordeste;UHE;PERFIL
2026-09-25;2026-10-02;2026-10-02 17:30:00;17:30:00;12,488;3;NE;Nordeste;UHE;PERFIL
2026-09-25;2026-10-02;2026-10-02 18:00:00;18:00:00;12,519;3;NE;Nordeste;UHE;PERFIL
2026-09-25;2026-10-02;2026-10-02 18:30:00;18:30:00;12,741;3;NE;Nordeste;UHE;PERFIL
2026-09-25;2026-10-02;2026-10-02 19:00:00;19:00:00;12,741;3;NE;Nordeste;UHE;PERFIL
2026-09-25;2026-10-02;2026-10-02 19:30:00;19:30:00;12,741;3;NE;Nordeste;UHE;PERFIL
2026-09-25;2026-10-02;2026-10-02 20:00:00;20:00:00;12,741;3;NE;Nordeste;UHE;PERFIL
2026-09-25;2026-10-02;2026-10-02 20:30:00;20:30:00;12,741;3;NE;Nordeste;UHE;PERFIL
2026-09-25;2026-10-02;2026-10-02 21:00:00;21:00:00;12,741;3;NE;Nordeste;UHE;PERFIL
2026-09-25;2026-10-02;2026-10-02 21:30:00;21:30:00;12,741;3;NE;Nordeste;UHE;PERFIL
2026-09-25;2026-10-02;2026-10-02 22:00:00;22:00:00;12,519;3;NE;Nordeste;UHE;PERFIL
2026-09-25;2026-10-02;2026-10-02 22:30:00;22:30:00;12,519;3;NE;Nordeste;UHE;PERFIL
2026-09-25;2026-10-02;2026-10-02 23:00:00;23:00:00;12,488;3;NE;Nordeste;UHE;PERFIL
2026-09-25;2026-10-02;2026-10-02 23:30:00;23:30:00;12,266;3;NE;Nordeste;UHE;PERFIL
2026-09-25;2026-09-25;2026-09-25 00:00:00;00:00:00;376,0;2;S;Sul;UHE;DESSEM
2026-09-25;2026-09-25;2026-09-25 00:30:00;00:30:00;374,0;2;S;Sul;UHE;DESSEM
2026-09-25;2026-09-25;2026-09-25 01:00:00;01:00:00;372,0;2;S;Sul;UHE;DESSEM
2026-09-25;2026-09-25;2026-09-25 01:30:00;01:30:00;372,0;2;S;Sul;UHE;DESSEM
2026-09-25;2026-09-25;2026-09-25 02:00:00;02:00:00;372,0;2;S;Sul;UHE;DESSEM
2026-09-25;2026-09-25;2026-09-25 02:30:00;02:30:00;372,0;2;S;Sul;UHE;DESSEM
2026-09-25;2026-09-25;2026-09-25 03:00:00;03:00:00;372,0;2;S;Sul;UHE;DESSEM
2026-09-25;2026-09-25;2026-09-25 03:30:00;03:30:00;371,0;2;S;Sul;UHE;DESSEM
2026-09-25;2026-09-25;2026-09-25 04:00:00;04:00:00;369,0;2;S;Sul;UHE;DESSEM
2026-09-25;2026-09-25;2026-09-25 04:30:00;04:30:00;369,0;2;S;Sul;UHE;DESSEM
2026-09-25;2026-09-25;2026-09-25 05:00:00;05:00:00;369,0;2;S;Sul;UHE;DESSEM
2026-09-25;2026-09-25;2026-09-25 05:30:00;05:30:00;367,0;2;S;Sul;UHE;DESSEM
2026-09-25;2026-09-25;2026-09-25 06:00:00;06:00:00;364,0;2;S;Sul;UHE;DESSEM
2026-09-25;2026-09-25;2026-09-25 06:30:00;06:30:00;363,0;2;S;Sul;UHE;DESSEM
2026-09-25;2026-09-25;2026-09-25 07:00:00;07:00:00;363,0;2;S;Sul;UHE;DESSEM
2026-09-25;2026-09-25;2026-09-25 07:30:00;07:30:00;363,0;2;S;Sul;UHE;DESSEM
2026-09-25;2026-09-25;2026-09-25 08:00:00;08:00:00;362,0;2;S;Sul;UHE;DESSEM
2026-09-25;2026-09-25;2026-09-25 08:30:00;08:30:00;358,0;2;S;Sul;UHE;DESSEM
2026-09-25;2026-09-25;2026-09-25 09:00:00;09:00:00;356,0;2;S;Sul;UHE;DESSEM
2026-09-25;2026-09-25;2026-09-25 09:30:00;09:30:00;355,0;2;S;Sul;UHE;DESSEM
2026-09-25;2026-09-25;2026-09-25 10:00:00;10:00:00;355,0;2;S;Sul;UHE;DESSEM
2026-09-25;2026-09-25;2026-09-25 10:30:00;10:30:00;354,0;2;S;Sul;UHE;DESSEM
2026-09-25;2026-09-25;2026-09-25 11:00:00;11:00:00;354,0;2;S;Sul;UHE;DESSEM
2026-09-25;2026-09-25;2026-09-25 11:30:00;11:30:00;355,0;2;S;Sul;UHE;DESSEM
2026-09-25;2026-09-25;2026-09-25 12:00:00;12:00:00;355,0;2;S;Sul;UHE;DESSEM
2026-09-25;2026-09-25;2026-09-25 12:30:00;12:30:00;356,0;2;S;Sul;UHE;DESSEM
2026-09-25;2026-09-25;2026-09-25 13:00:00;13:00:00;357,0;2;S;Sul;UHE;DESSEM
2026-09-25;2026-09-25;2026-09-25 13:30:00;13:30:00;358,0;2;S;Sul;UHE;DESSEM
2026-09-25;2026-09-25;2026-09-25 14:00:00;14:00:00;361,0;2;S;Sul;UHE;DESSEM
2026-09-25;2026-09-25;2026-09-25 14:30:00;14:30:00;361,0;2;S;Sul;UHE;DESSEM
2026-09-25;2026-09-25;2026-09-25 15:00:00;15:00:00;363,0;2;S;Sul;UHE;DESSEM
2026-09-25;2026-09-25;2026-09-25 15:30:00;15:30:00;363,0;2;S;Sul;UHE;DESSEM
2026-09-25;2026-09-25;2026-09-25 16:00:00;16:00:00;369,0;2;S;Sul;UHE;DESSEM
2026-09-25;2026-09-25;2026-09-25 16:30:00;16:30:00;372,0;2;S;Sul;UHE;DESSEM
2026-09-25;2026-09-25;2026-09-25 17:00:00;17:00:00;376,0;2;S;Sul;UHE;DESSEM
2026-09-25;2026-09-25;2026-09-25 17:30:00;17:30:00;382,0;2;S;Sul;UHE;DESSEM
2026-09-25;2026-09-25;2026-09-25 18:00:00;18:00:00;386,0;2;S;Sul;UHE;DESSEM
2026-09-25;2026-09-25;2026-09-25 18:30:00;18:30:00;388,0;2;S;Sul;UHE;DESSEM
2026-09-25;2026-09-25;2026-09-25 19:00:00;19:00:00;389,0;2;S;Sul;UHE;DESSEM
2026-09-25;2026-09-25;2026-09-25 19:30:00;19:30:00;390,0;2;S;Sul;UHE;DESSEM
2026-09-25;2026-09-25;2026-09-25 20:00:00;20:00:00;390,0;2;S;Sul;UHE;DESSEM
2026-09-25;2026-09-25;2026-09-25 20:30:00;20:30:00;390,0;2;S;Sul;UHE;DESSEM
2026-09-25;2026-09-25;2026-09-25 21:00:00;21:00:00;388,0;2;S;Sul;UHE;DESSEM
2026-09-25;2026-09-25;2026-09-25 21:30:00;21:30:00;388,0;2;S;Sul;UHE;DESSEM
2026-09-25;2026-09-25;2026-09-25 22:00:00;22:00:00;388,0;2;S;Sul;UHE;DESSEM
2026-09-25;2026-09-25;2026-09-25 22:30:00;22:30:00;385,0;2;S;Sul;UHE;DESSEM
2026-09-25;2026-09-25;2026-09-25 23:00:00;23:00:00;382,0;2;S;Sul;UHE;DESSEM
2026-09-25;2026-09-25;2026-09-25 23:30:00;23:30:00;380,0;2;S;Sul;UHE;DESSEM
2026-09-25;2026-09-26;2026-09-26 00:00:00;00:00:00;376,854;2;S;Sul;UHE;PERFIL
2026-09-25;2026-09-26;2026-09-26 00:30:00;00:30:00;375,05;2;S;Sul;UHE;PERFIL
2026-09-25;2026-09-26;2026-09-26 01:00:00;01:00:00;373,135;2;S;Sul;UHE;PERFIL
2026-09-25;2026-09-26;2026-09-26 01:30:00;01:30:00;371,955;2;S;Sul;UHE;PERFIL
2026-09-25;2026-09-26;2026-09-26 02:00:00;02:00:00;370,92;2;S;Sul;UHE;PERFIL
2026-09-25;2026-09-26;2026-09-26 02:30:00;02:30:00;370,649;2;S;Sul;UHE;PERFIL
2026-09-25;2026-09-26;2026-09-26 03:00:00;03:00:00;370,649;2;S;Sul;UHE;PERFIL
2026-09-25;2026-09-26;2026-09-26 03:30:00;03:30:00;370,323;2;S;Sul;UHE;PERFIL
2026-09-25;2026-09-26;2026-09-26 04:00:00;04:00:00;369,366;2;S;Sul;UHE;PERFIL
2026-09-25;2026-09-26;2026-09-26 04:30:00;04:30:00;368,866;2;S;Sul;UHE;PERFIL
2026-09-25;2026-09-26;2026-09-26 05:00:00;05:00:00;368,712;2;S;Sul;UHE;PERFIL
2026-09-25;2026-09-26;2026-09-26 05:30:00;05:30:00;368,036;2;S;Sul;UHE;PERFIL
2026-09-25;2026-09-26;2026-09-26 06:00:00;06:00:00;366,99;2;S;Sul;UHE;PERFIL
2026-09-25;2026-09-26;2026-09-26 06:30:00;06:30:00;365,995;2;S;Sul;UHE;PERFIL
2026-09-25;2026-09-26;2026-09-26 07:00:00;07:00:00;365,154;2;S;Sul;UHE;PERFIL
2026-09-25;2026-09-26;2026-09-26 07:30:00;07:30:00;363,098;2;S;Sul;UHE;PERFIL
2026-09-25;2026-09-26;2026-09-26 08:00:00;08:00:00;362,245;2;S;Sul;UHE;PERFIL
2026-09-25;2026-09-26;2026-09-26 08:30:00;08:30:00;359,839;2;S;Sul;UHE;PERFIL
2026-09-25;2026-09-26;2026-09-26 09:00:00;09:00:00;356,593;2;S;Sul;UHE;PERFIL
2026-09-25;2026-09-26;2026-09-26 09:30:00;09:30:00;355,678;2;S;Sul;UHE;PERFIL
2026-09-25;2026-09-26;2026-09-26 10:00:00;10:00:00;355,44;2;S;Sul;UHE;PERFIL
2026-09-25;2026-09-26;2026-09-26 10:30:00;10:30:00;354,862;2;S;Sul;UHE;PERFIL
2026-09-25;2026-09-26;2026-09-26 11:00:00;11:00:00;354,605;2;S;Sul;UHE;PERFIL
2026-09-25;2026-09-26;2026-09-26 11:30:00;11:30:00;354,781;2;S;Sul;UHE;PERFIL
2026-09-25;2026-09-26;2026-09-26 12:00:00;12:00:00;354,869;2;S;Sul;UHE;PERFIL
2026-09-25;2026-09-26;2026-09-26 12:30:00;12:30:00;355,742;2;S;Sul;UHE;PERFIL
2026-09-25;2026-09-26;2026-09-26 13:00:00;13:00:00;356,723;2;S;Sul;UHE;PERFIL
2026-09-25;2026-09-26;2026-09-26 13:30:00;13:30:00;358,062;2;S;Sul;UHE;PERFIL
2026-09-25;2026-09-26;2026-09-26 14:00:00;14:00:00;358,786;2;S;Sul;UHE;PERFIL
2026-09-25;2026-09-26;2026-09-26 14:30:00;14:30:00;360,298;2;S;Sul;UHE;PERFIL
2026-09-25;2026-09-26;2026-09-26 15:00:00;15:00:00;362,654;2;S;Sul;UHE;PERFIL
2026-09-25;2026-09-26;2026-09-26 15:30:00;15:30:00;365,395;2;S;Sul;UHE;PERFIL
2026-09-25;2026-09-26;2026-09-26 16:00:00;16:00:00;368,671;2;S;Sul;UHE;PERFIL
2026-09-25;2026-09-26;2026-09-26 16:30:00;16:30:00;372,73;2;S;Sul;UHE;PERFIL
2026-09-25;2026-09-26;2026-09-26 17:00:00;17:00:00;377,663;2;S;Sul;UHE;PERFIL
2026-09-25;2026-09-26;2026-09-26 17:30:00;17:30:00;381,448;2;S;Sul;UHE;PERFIL
2026-09-25;2026-09-26;2026-09-26 18:00:00;18:00:00;384,535;2;S;Sul;UHE;PERFIL
2026-09-25;2026-09-26;2026-09-26 18:30:00;18:30:00;387,393;2;S;Sul;UHE;PERFIL
2026-09-25;2026-09-26;2026-09-26 19:00:00;19:00:00;388,026;2;S;Sul;UHE;PERFIL
2026-09-25;2026-09-26;2026-09-26 19:30:00;19:30:00;388,676;2;S;Sul;UHE;PERFIL
2026-09-25;2026-09-26;2026-09-26 20:00:00;20:00:00;388,676;2;S;Sul;UHE;PERFIL
2026-09-25;2026-09-26;2026-09-26 20:30:00;20:30:00;388,458;2;S;Sul;UHE;PERFIL
2026-09-25;2026-09-26;2026-09-26 21:00:00;21:00:00;387,884;2;S;Sul;UHE;PERFIL
2026-09-25;2026-09-26;2026-09-26 21:30:00;21:30:00;387,434;2;S;Sul;UHE;PERFIL
2026-09-25;2026-09-26;2026-09-26 22:00:00;22:00:00;385,734;2;S;Sul;UHE;PERFIL
2026-09-25;2026-09-26;2026-09-26 22:30:00;22:30:00;383,882;2;S;Sul;UHE;PERFIL
2026-09-25;2026-09-26;2026-09-26 23:00:00;23:00:00;381,366;2;S;Sul;UHE;PERFIL
2026-09-25;2026-09-26;2026-09-26 23:30:00;23:30:00;379,097;2;S;Sul;UHE;PERFIL
2026-09-25;2026-09-27;2026-09-27 00:00:00;00:00:00;376,854;2;S;Sul;UHE;PERFIL
2026-09-25;2026-09-27;2026-09-27 00:30:00;00:30:00;375,05;2;S;Sul;UHE;PERFIL
2026-09-25;2026-09-27;2026-09-27 01:00:00;01:00:00;373,135;2;S;Sul;UHE;PERFIL
2026-09-25;2026-09-27;2026-09-27 01:30:00;01:30:00;371,955;2;S;Sul;UHE;PERFIL
2026-09-25;2026-09-27;2026-09-27 02:00:00;02:00:00;370,92;2;S;Sul;UHE;PERFIL
2026-09-25;2026-09-27;2026-09-27 02:30:00;02:30:00;370,649;2;S;Sul;UHE;PERFIL
2026-09-25;2026-09-27;2026-09-27 03:00:00;03:00:00;370,649;2;S;Sul;UHE;PERFIL
2026-09-25;2026-09-27;2026-09-27 03:30:00;03:30:00;370,323;2;S;Sul;UHE;PERFIL
2026-09-25;2026-09-27;2026-09-27 04:00:00;04:00:00;369,366;2;S;Sul;UHE;PERFIL
2026-09-25;2026-09-27;2026-09-27 04:30:00;04:30:00;368,866;2;S;Sul;UHE;PERFIL
2026-09-25;2026-09-27;2026-09-27 05:00:00;05:00:00;368,712;2;S;Sul;UHE;PERFIL
2026-09-25;2026-09-27;2026-09-27 05:30:00;05:30:00;368,036;2;S;Sul;UHE;PERFIL
2026-09-25;2026-09-27;2026-09-27 06:00:00;06:00:00;366,99;2;S;Sul;UHE;PERFIL
2026-09-25;2026-09-27;2026-09-27 06:30:00;06:30:00;365,995;2;S;Sul;UHE;PERFIL
2026-09-25;2026-09-27;2026-09-27 07:00:00;07:00:00;365,154;2;S;Sul;UHE;PERFIL
2026-09-25;2026-09-27;2026-09-27 07:30:00;07:30:00;363,098;2;S;Sul;UHE;PERFIL
2026-09-25;2026-09-27;2026-09-27 08:00:00;08:00:00;362,245;2;S;Sul;UHE;PERFIL
2026-09-25;2026-09-27;2026-09-27 08:30:00;08:30:00;359,839;2;S;Sul;UHE;PERFIL
2026-09-25;2026-09-27;2026-09-27 09:00:00;09:00:00;356,593;2;S;Sul;UHE;PERFIL
2026-09-25;2026-09-27;2026-09-27 09:30:00;09:30:00;355,678;2;S;Sul;UHE;PERFIL
2026-09-25;2026-09-27;2026-09-27 10:00:00;10:00:00;355,44;2;S;Sul;UHE;PERFIL
2026-09-25;2026-09-27;2026-09-27 10:30:00;10:30:00;354,862;2;S;Sul;UHE;PERFIL
2026-09-25;2026-09-27;2026-09-27 11:00:00;11:00:00;354,605;2;S;Sul;UHE;PERFIL
2026-09-25;2026-09-27;2026-09-27 11:30:00;11:30:00;354,781;2;S;Sul;UHE;PERFIL
2026-09-25;2026-09-27;2026-09-27 12:00:00;12:00:00;354,869;2;S;Sul;UHE;PERFIL
2026-09-25;2026-09-27;2026-09-27 12:30:00;12:30:00;355,742;2;S;Sul;UHE;PERFIL
2026-09-25;2026-09-27;2026-09-27 13:00:00;13:00:00;356,723;2;S;Sul;UHE;PERFIL
2026-09-25;2026-09-27;2026-09-27 13:30:00;13:30:00;358,062;2;S;Sul;UHE;PERFIL
2026-09-25;2026-09-27;2026-09-27 14:00:00;14:00:00;358,786;2;S;Sul;UHE;PERFIL
2026-09-25;2026-09-27;2026-09-27 14:30:00;14:30:00;360,298;2;S;Sul;UHE;PERFIL
2026-09-25;2026-09-27;2026-09-27 15:00:00;15:00:00;362,654;2;S;Sul;UHE;PERFIL
2026-09-25;2026-09-27;2026-09-27 15:30:00;15:30:00;365,395;2;S;Sul;UHE;PERFIL
2026-09-25;2026-09-27;2026-09-27 16:00:00;16:00:00;368,671;2;S;Sul;UHE;PERFIL
2026-09-25;2026-09-27;2026-09-27 16:30:00;16:30:00;372,73;2;S;Sul;UHE;PERFIL
2026-09-25;2026-09-27;2026-09-27 17:00:00;17:00:00;377,663;2;S;Sul;UHE;PERFIL
2026-09-25;2026-09-27;2026-09-27 17:30:00;17:30:00;381,448;2;S;Sul;UHE;PERFIL
2026-09-25;2026-09-27;2026-09-27 18:00:00;18:00:00;384,535;2;S;Sul;UHE;PERFIL
2026-09-25;2026-09-27;2026-09-27 18:30:00;18:30:00;387,393;2;S;Sul;UHE;PERFIL
2026-09-25;2026-09-27;2026-09-27 19:00:00;19:00:00;388,026;2;S;Sul;UHE;PERFIL
2026-09-25;2026-09-27;2026-09-27 19:30:00;19:30:00;388,676;2;S;Sul;UHE;PERFIL
2026-09-25;2026-09-27;2026-09-27 20:00:00;20:00:00;388,676;2;S;Sul;UHE;PERFIL
2026-09-25;2026-09-27;2026-09-27 20:30:00;20:30:00;388,458;2;S;Sul;UHE;PERFIL
2026-09-25;2026-09-27;2026-09-27 21:00:00;21:00:00;387,884;2;S;Sul;UHE;PERFIL
2026-09-25;2026-09-27;2026-09-27 21:30:00;21:30:00;387,434;2;S;Sul;UHE;PERFIL
2026-09-25;2026-09-27;2026-09-27 22:00:00;22:00:00;385,734;2;S;Sul;UHE;PERFIL
2026-09-25;2026-09-27;2026-09-27 22:30:00;22:30:00;383,882;2;S;Sul;UHE;PERFIL
2026-09-25;2026-09-27;2026-09-27 23:00:00;23:00:00;381,366;2;S;Sul;UHE;PERFIL
2026-09-25;2026-09-27;2026-09-27 23:30:00;23:30:00;379,097;2;S;Sul;UHE;PERFIL
2026-09-25;2026-09-28;2026-09-28 00:00:00;00:00:00;376,854;2;S;Sul;UHE;PERFIL
2026-09-25;2026-09-28;2026-09-28 00:30:00;00:30:00;375,05;2;S;Sul;UHE;PERFIL
2026-09-25;2026-09-28;2026-09-28 01:00:00;01:00:00;373,135;2;S;Sul;UHE;PERFIL
2026-09-25;2026-09-28;2026-09-28 01:30:00;01:30:00;371,955;2;S;Sul;UHE;PERFIL
2026-09-25;2026-09-28;2026-09-28 02:00:00;02:00:00;370,92;2;S;Sul;UHE;PERFIL
2026-09-25;2026-09-28;2026-09-28 02:30:00;02:30:00;370,649;2;S;Sul;UHE;PERFIL
2026-09-25;2026-09-28;2026-09-28 03:00:00;03:00:00;370,649;2;S;Sul;UHE;PERFIL
2026-09-25;2026-09-28;2026-09-28 03:30:00;03:30:00;370,323;2;S;Sul;UHE;PERFIL
2026-09-25;2026-09-28;2026-09-28 04:00:00;04:00:00;369,366;2;S;Sul;UHE;PERFIL
2026-09-25;2026-09-28;2026-09-28 04:30:00;04:30:00;368,866;2;S;Sul;UHE;PERFIL
2026-09-25;2026-09-28;2026-09-28 05:00:00;05:00:00;368,712;2;S;Sul;UHE;PERFIL
2026-09-25;2026-09-28;2026-09-28 05:30:00;05:30:00;368,036;2;S;Sul;UHE;PERFIL
2026-09-25;2026-09-28;2026-09-28 06:00:00;06:00:00;366,99;2;S;Sul;UHE;PERFIL
2026-09-25;2026-09-28;2026-09-28 06:30:00;06:30:00;365,995;2;S;Sul;UHE;PERFIL
2026-09-25;2026-09-28;2026-09-28 07:00:00;07:00:00;365,154;2;S;Sul;UHE;PERFIL
2026-09-25;2026-09-28;2026-09-28 07:30:00;07:30:00;363,098;2;S;Sul;UHE;PERFIL
2026-09-25;2026-09-28;2026-09-28 08:00:00;08:00:00;362,245;2;S;Sul;UHE;PERFIL
2026-09-25;2026-09-28;2026-09-28 08:30:00;08:30:00;359,839;2;S;Sul;UHE;PERFIL
2026-09-25;2026-09-28;2026-09-28 09:00:00;09:00:00;356,593;2;S;Sul;UHE;PERFIL
2026-09-25;2026-09-28;2026-09-28 09:30:00;09:30:00;355,678;2;S;Sul;UHE;PERFIL
2026-09-25;2026-09-28;2026-09-28 10:00:00;10:00:00;355,44;2;S;Sul;UHE;PERFIL
2026-09-25;2026-09-28;2026-09-28 10:30:00;10:30:00;354,862;2;S;Sul;UHE;PERFIL
2026-09-25;2026-09-28;2026-09-28 11:00:00;11:00:00;354,605;2;S;Sul;UHE;PERFIL
2026-09-25;2026-09-28;2026-09-28 11:30:00;11:30:00;354,781;2;S;Sul;UHE;PERFIL
2026-09-25;2026-09-28;2026-09-28 12:00:00;12:00:00;354,869;2;S;Sul;UHE;PERFIL
2026-09-25;2026-09-28;2026-09-28 12:30:00;12:30:00;355,742;2;S;Sul;UHE;PERFIL
2026-09-25;2026-09-28;2026-09-28 13:00:00;13:00:00;356,723;2;S;Sul;UHE;PERFIL
2026-09-25;2026-09-28;2026-09-28 13:30:00;13:30:00;358,062;2;S;Sul;UHE;PERFIL
2026-09-25;2026-09-28;2026-09-28 14:00:00;14:00:00;358,786;2;S;Sul;UHE;PERFIL
2026-09-25;2026-09-28;2026-09-28 14:30:00;14:30:00;360,298;2;S;Sul;UHE;PERFIL
2026-09-25;2026-09-28;2026-09-28 15:00:00;15:00:00;362,654;2;S;Sul;UHE;PERFIL
2026-09-25;2026-09-28;2026-09-28 15:30:00;15:30:00;365,395;2;S;Sul;UHE;PERFIL
2026-09-25;2026-09-28;2026-09-28 16:00:00;16:00:00;368,671;2;S;Sul;UHE;PERFIL
2026-09-25;2026-09-28;2026-09-28 16:30:00;16:30:00;372,73;2;S;Sul;UHE;PERFIL
2026-09-25;2026-09-28;2026-09-28 17:00:00;17:00:00;377,663;2;S;Sul;UHE;PERFIL
2026-09-25;2026-09-28;2026-09-28 17:30:00;17:30:00;381,448;2;S;Sul;UHE;PERFIL
2026-09-25;2026-09-28;2026-09-28 18:00:00;18:00:00;384,535;2;S;Sul;UHE;PERFIL
2026-09-25;2026-09-28;2026-09-28 18:30:00;18:30:00;387,393;2;S;Sul;UHE;PERFIL
2026-09-25;2026-09-28;2026-09-28 19:00:00;19:00:00;388,026;2;S;Sul;UHE;PERFIL
2026-09-25;2026-09-28;2026-09-28 19:30:00;19:30:00;388,676;2;S;Sul;UHE;PERFIL
2026-09-25;2026-09-28;2026-09-28 20:00:00;20:00:00;388,676;2;S;Sul;UHE;PERFIL
2026-09-25;2026-09-28;2026-09-28 20:30:00;20:30:00;388,458;2;S;Sul;UHE;PERFIL
2026-09-25;2026-09-28;2026-09-28 21:00:00;21:00:00;387,884;2;S;Sul;UHE;PERFIL
2026-09-25;2026-09-28;2026-09-28 21:30:00;21:30:00;387,434;2;S;Sul;UHE;PERFIL
2026-09-25;2026-09-28;2026-09-28 22:00:00;22:00:00;385,734;2;S;Sul;UHE;PERFIL
2026-09-25;2026-09-28;2026-09-28 22:30:00;22:30:00;383,882;2;S;Sul;UHE;PERFIL
2026-09-25;2026-09-28;2026-09-28 23:00:00;23:00:00;381,366;2;S;Sul;UHE;PERFIL
2026-09-25;2026-09-28;2026-09-28 23:30:00;23:30:00;379,097;2;S;Sul;UHE;PERFIL
2026-09-25;2026-09-29;2026-09-29 00:00:00;00:00:00;376,854;2;S;Sul;UHE;PERFIL
2026-09-25;2026-09-29;2026-09-29 00:30:00;00:30:00;375,05;2;S;Sul;UHE;PERFIL
2026-09-25;2026-09-29;2026-09-29 01:00:00;01:00:00;373,135;2;S;Sul;UHE;PERFIL
2026-09-25;2026-09-29;2026-09-29 01:30:00;01:30:00;371,955;2;S;Sul;UHE;PERFIL
2026-09-25;2026-09-29;2026-09-29 02:00:00;02:00:00;370,92;2;S;Sul;UHE;PERFIL
2026-09-25;2026-09-29;2026-09-29 02:30:00;02:30:00;370,649;2;S;Sul;UHE;PERFIL
2026-09-25;2026-09-29;2026-09-29 03:00:00;03:00:00;370,649;2;S;Sul;UHE;PERFIL
2026-09-25;2026-09-29;2026-09-29 03:30:00;03:30:00;370,323;2;S;Sul;UHE;PERFIL
2026-09-25;2026-09-29;2026-09-29 04:00:00;04:00:00;369,366;2;S;Sul;UHE;PERFIL
2026-09-25;2026-09-29;2026-09-29 04:30:00;04:30:00;368,866;2;S;Sul;UHE;PERFIL
2026-09-25;2026-09-29;2026-09-29 05:00:00;05:00:00;368,712;2;S;Sul;UHE;PERFIL
2026-09-25;2026-09-29;2026-09-29 05:30:00;05:30:00;368,036;2;S;Sul;UHE;PERFIL
2026-09-25;2026-09-29;2026-09-29 06:00:00;06:00:00;366,99;2;S;Sul;UHE;PERFIL
2026-09-25;2026-09-29;2026-09-29 06:30:00;06:30:00;365,995;2;S;Sul;UHE;PERFIL
2026-09-25;2026-09-29;2026-09-29 07:00:00;07:00:00;365,154;2;S;Sul;UHE;PERFIL
2026-09-25;2026-09-29;2026-09-29 07:30:00;07:30:00;363,098;2;S;Sul;UHE;PERFIL
2026-09-25;2026-09-29;2026-09-29 08:00:00;08:00:00;362,245;2;S;Sul;UHE;PERFIL
2026-09-25;2026-09-29;2026-09-29 08:30:00;08:30:00;359,839;2;S;Sul;UHE;PERFIL
2026-09-25;2026-09-29;2026-09-29 09:00:00;09:00:00;356,593;2;S;Sul;UHE;PERFIL
2026-09-25;2026-09-29;2026-09-29 09:30:00;09:30:00;355,678;2;S;Sul;UHE;PERFIL
2026-09-25;2026-09-29;2026-09-29 10:00:00;10:00:00;355,44;2;S;Sul;UHE;PERFIL
2026-09-25;2026-09-29;2026-09-29 10:30:00;10:30:00;354,862;2;S;Sul;UHE;PERFIL
2026-09-25;2026-09-29;2026-09-29 11:00:00;11:00:00;354,605;2;S;Sul;UHE;PERFIL
2026-09-25;2026-09-29;2026-09-29 11:30:00;11:30:00;354,781;2;S;Sul;UHE;PERFIL
2026-09-25;2026-09-29;2026-09-29 12:00:00;12:00:00;354,869;2;S;Sul;UHE;PERFIL
2026-09-25;2026-09-29;2026-09-29 12:30:00;12:30:00;355,742;2;S;Sul;UHE;PERFIL
2026-09-25;2026-09-29;2026-09-29 13:00:00;13:00:00;356,723;2;S;Sul;UHE;PERFIL
2026-09-25;2026-09-29;2026-09-29 13:30:00;13:30:00;358,062;2;S;Sul;UHE;PERFIL
2026-09-25;2026-09-29;2026-09-29 14:00:00;14:00:00;358,786;2;S;Sul;UHE;PERFIL
2026-09-25;2026-09-29;2026-09-29 14:30:00;14:30:00;360,298;2;S;Sul;UHE;PERFIL
2026-09-25;2026-09-29;2026-09-29 15:00:00;15:00:00;362,654;2;S;Sul;UHE;PERFIL
2026-09-25;2026-09-29;2026-09-29 15:30:00;15:30:00;365,395;2;S;Sul;UHE;PERFIL
2026-09-25;2026-09-29;2026-09-29 16:00:00;16:00:00;368,671;2;S;Sul;UHE;PERFIL
2026-09-25;2026-09-29;2026-09-29 16:30:00;16:30:00;372,73;2;S;Sul;UHE;PERFIL
2026-09-25;2026-09-29;2026-09-29 17:00:00;17:00:00;377,663;2;S;Sul;UHE;PERFIL
2026-09-25;2026-09-29;2026-09-29 17:30:00;17:30:00;381,448;2;S;Sul;UHE;PERFIL
2026-09-25;2026-09-29;2026-09-29 18:00:00;18:00:00;384,535;2;S;Sul;UHE;PERFIL
2026-09-25;2026-09-29;2026-09-29 18:30:00;18:30:00;387,393;2;S;Sul;UHE;PERFIL
2026-09-25;2026-09-29;2026-09-29 19:00:00;19:00:00;388,026;2;S;Sul;UHE;PERFIL
2026-09-25;2026-09-29;2026-09-29 19:30:00;19:30:00;388,676;2;S;Sul;UHE;PERFIL
2026-09-25;2026-09-29;2026-09-29 20:00:00;20:00:00;388,676;2;S;Sul;UHE;PERFIL
2026-09-25;2026-09-29;2026-09-29 20:30:00;20:30:00;388,458;2;S;Sul;UHE;PERFIL
2026-09-25;2026-09-29;2026-09-29 21:00:00;21:00:00;387,884;2;S;Sul;UHE;PERFIL
2026-09-25;2026-09-29;2026-09-29 21:30:00;21:30:00;387,434;2;S;Sul;UHE;PERFIL
2026-09-25;2026-09-29;2026-09-29 22:00:00;22:00:00;385,734;2;S;Sul;UHE;PERFIL
2026-09-25;2026-09-29;2026-09-29 22:30:00;22:30:00;383,882;2;S;Sul;UHE;PERFIL
2026-09-25;2026-09-29;2026-09-29 23:00:00;23:00:00;381,366;2;S;Sul;UHE;PERFIL
2026-09-25;2026-09-29;2026-09-29 23:30:00;23:30:00;379,097;2;S;Sul;UHE;PERFIL
2026-09-25;2026-09-30;2026-09-30 00:00:00;00:00:00;376,854;2;S;Sul;UHE;PERFIL
2026-09-25;2026-09-30;2026-09-30 00:30:00;00:30:00;375,05;2;S;Sul;UHE;PERFIL
2026-09-25;2026-09-30;2026-09-30 01:00:00;01:00:00;373,135;2;S;Sul;UHE;PERFIL
2026-09-25;2026-09-30;2026-09-30 01:30:00;01:30:00;371,955;2;S;Sul;UHE;PERFIL
2026-09-25;2026-09-30;2026-09-30 02:00:00;02:00:00;370,92;2;S;Sul;UHE;PERFIL
2026-09-25;2026-09-30;2026-09-30 02:30:00;02:30:00;370,649;2;S;Sul;UHE;PERFIL
2026-09-25;2026-09-30;2026-09-30 03:00:00;03:00:00;370,649;2;S;Sul;UHE;PERFIL
2026-09-25;2026-09-30;2026-09-30 03:30:00;03:30:00;370,323;2;S;Sul;UHE;PERFIL
2026-09-25;2026-09-30;2026-09-30 04:00:00;04:00:00;369,366;2;S;Sul;UHE;PERFIL
2026-09-25;2026-09-30;2026-09-30 04:30:00;04:30:00;368,866;2;S;Sul;UHE;PERFIL
2026-09-25;2026-09-30;2026-09-30 05:00:00;05:00:00;368,712;2;S;Sul;UHE;PERFIL
2026-09-25;2026-09-30;2026-09-30 05:30:00;05:30:00;368,036;2;S;Sul;UHE;PERFIL
2026-09-25;2026-09-30;2026-09-30 06:00:00;06:00:00;366,99;2;S;Sul;UHE;PERFIL
2026-09-25;2026-09-30;2026-09-30 06:30:00;06:30:00;365,995;2;S;Sul;UHE;PERFIL
2026-09-25;2026-09-30;2026-09-30 07:00:00;07:00:00;365,154;2;S;Sul;UHE;PERFIL
2026-09-25;2026-09-30;2026-09-30 07:30:00;07:30:00;363,098;2;S;Sul;UHE;PERFIL
2026-09-25;2026-09-30;2026-09-30 08:00:00;08:00:00;362,245;2;S;Sul;UHE;PERFIL
2026-09-25;2026-09-30;2026-09-30 08:30:00;08:30:00;359,839;2;S;Sul;UHE;PERFIL
2026-09-25;2026-09-30;2026-09-30 09:00:00;09:00:00;356,593;2;S;Sul;UHE;PERFIL
2026-09-25;2026-09-30;2026-09-30 09:30:00;09:30:00;355,678;2;S;Sul;UHE;PERFIL
2026-09-25;2026-09-30;2026-09-30 10:00:00;10:00:00;355,44;2;S;Sul;UHE;PERFIL
2026-09-25;2026-09-30;2026-09-30 10:30:00;10:30:00;354,862;2;S;Sul;UHE;PERFIL
2026-09-25;2026-09-30;2026-09-30 11:00:00;11:00:00;354,605;2;S;Sul;UHE;PERFIL
2026-09-25;2026-09-30;2026-09-30 11:30:00;11:30:00;354,781;2;S;Sul;UHE;PERFIL
2026-09-25;2026-09-30;2026-09-30 12:00:00;12:00:00;354,869;2;S;Sul;UHE;PERFIL
2026-09-25;2026-09-30;2026-09-30 12:30:00;12:30:00;355,742;2;S;Sul;UHE;PERFIL
2026-09-25;2026-09-30;2026-09-30 13:00:00;13:00:00;356,723;2;S;Sul;UHE;PERFIL
2026-09-25;2026-09-30;2026-09-30 13:30:00;13:30:00;358,062;2;S;Sul;UHE;PERFIL
2026-09-25;2026-09-30;2026-09-30 14:00:00;14:00:00;358,786;2;S;Sul;UHE;PERFIL
2026-09-25;2026-09-30;2026-09-30 14:30:00;14:30:00;360,298;2;S;Sul;UHE;PERFIL
2026-09-25;2026-09-30;2026-09-30 15:00:00;15:00:00;362,654;2;S;Sul;UHE;PERFIL
2026-09-25;2026-09-30;2026-09-30 15:30:00;15:30:00;365,395;2;S;Sul;UHE;PERFIL
2026-09-25;2026-09-30;2026-09-30 16:00:00;16:00:00;368,671;2;S;Sul;UHE;PERFIL
2026-09-25;2026-09-30;2026-09-30 16:30:00;16:30:00;372,73;2;S;Sul;UHE;PERFIL
2026-09-25;2026-09-30;2026-09-30 17:00:00;17:00:00;377,663;2;S;Sul;UHE;PERFIL
2026-09-25;2026-09-30;2026-09-30 17:30:00;17:30:00;381,448;2;S;Sul;UHE;PERFIL
2026-09-25;2026-09-30;2026-09-30 18:00:00;18:00:00;384,535;2;S;Sul;UHE;PERFIL
2026-09-25;2026-09-30;2026-09-30 18:30:00;18:30:00;387,393;2;S;Sul;UHE;PERFIL
2026-09-25;2026-09-30;2026-09-30 19:00:00;19:00:00;388,026;2;S;Sul;UHE;PERFIL
2026-09-25;2026-09-30;2026-09-30 19:30:00;19:30:00;388,676;2;S;Sul;UHE;PERFIL
2026-09-25;2026-09-30;2026-09-30 20:00:00;20:00:00;388,676;2;S;Sul;UHE;PERFIL
2026-09-25;2026-09-30;2026-09-30 20:30:00;20:30:00;388,458;2;S;Sul;UHE;PERFIL
2026-09-25;2026-09-30;2026-09-30 21:00:00;21:00:00;387,884;2;S;Sul;UHE;PERFIL
2026-09-25;2026-09-30;2026-09-30 21:30:00;21:30:00;387,434;2;S;Sul;UHE;PERFIL
2026-09-25;2026-09-30;2026-09-30 22:00:00;22:00:00;385,734;2;S;Sul;UHE;PERFIL
2026-09-25;2026-09-30;2026-09-30 22:30:00;22:30:00;383,882;2;S;Sul;UHE;PERFIL
2026-09-25;2026-09-30;2026-09-30 23:00:00;23:00:00;381,366;2;S;Sul;UHE;PERFIL
2026-09-25;2026-09-30;2026-09-30 23:30:00;23:30:00;379,097;2;S;Sul;UHE;PERFIL
2026-09-25;2026-10-01;2026-10-01 00:00:00;00:00:00;376,854;2;S;Sul;UHE;PERFIL
2026-09-25;2026-10-01;2026-10-01 00:30:00;00:30:00;375,05;2;S;Sul;UHE;PERFIL
2026-09-25;2026-10-01;2026-10-01 01:00:00;01:00:00;373,135;2;S;Sul;UHE;PERFIL
2026-09-25;2026-10-01;2026-10-01 01:30:00;01:30:00;371,955;2;S;Sul;UHE;PERFIL
2026-09-25;2026-10-01;2026-10-01 02:00:00;02:00:00;370,92;2;S;Sul;UHE;PERFIL
2026-09-25;2026-10-01;2026-10-01 02:30:00;02:30:00;370,649;2;S;Sul;UHE;PERFIL
2026-09-25;2026-10-01;2026-10-01 03:00:00;03:00:00;370,649;2;S;Sul;UHE;PERFIL
2026-09-25;2026-10-01;2026-10-01 03:30:00;03:30:00;370,323;2;S;Sul;UHE;PERFIL
2026-09-25;2026-10-01;2026-10-01 04:00:00;04:00:00;369,366;2;S;Sul;UHE;PERFIL
2026-09-25;2026-10-01;2026-10-01 04:30:00;04:30:00;368,866;2;S;Sul;UHE;PERFIL
2026-09-25;2026-10-01;2026-10-01 05:00:00;05:00:00;368,712;2;S;Sul;UHE;PERFIL
2026-09-25;2026-10-01;2026-10-01 05:30:00;05:30:00;368,036;2;S;Sul;UHE;PERFIL
2026-09-25;2026-10-01;2026-10-01 06:00:00;06:00:00;366,99;2;S;Sul;UHE;PERFIL
2026-09-25;2026-10-01;2026-10-01 06:30:00;06:30:00;365,995;2;S;Sul;UHE;PERFIL
2026-09-25;2026-10-01;2026-10-01 07:00:00;07:00:00;365,154;2;S;Sul;UHE;PERFIL
2026-09-25;2026-10-01;2026-10-01 07:30:00;07:30:00;363,098;2;S;Sul;UHE;PERFIL
2026-09-25;2026-10-01;2026-10-01 08:00:00;08:00:00;362,245;2;S;Sul;UHE;PERFIL
2026-09-25;2026-10-01;2026-10-01 08:30:00;08:30:00;359,839;2;S;Sul;UHE;PERFIL
2026-09-25;2026-10-01;2026-10-01 09:00:00;09:00:00;356,593;2;S;Sul;UHE;PERFIL
2026-09-25;2026-10-01;2026-10-01 09:30:00;09:30:00;355,678;2;S;Sul;UHE;PERFIL
2026-09-25;2026-10-01;2026-10-01 10:00:00;10:00:00;355,44;2;S;Sul;UHE;PERFIL
2026-09-25;2026-10-01;2026-10-01 10:30:00;10:30:00;354,862;2;S;Sul;UHE;PERFIL
2026-09-25;2026-10-01;2026-10-01 11:00:00;11:00:00;354,605;2;S;Sul;UHE;PERFIL
2026-09-25;2026-10-01;2026-10-01 11:30:00;11:30:00;354,781;2;S;Sul;UHE;PERFIL
2026-09-25;2026-10-01;2026-10-01 12:00:00;12:00:00;354,869;2;S;Sul;UHE;PERFIL
2026-09-25;2026-10-01;2026-10-01 12:30:00;12:30:00;355,742;2;S;Sul;UHE;PERFIL
2026-09-25;2026-10-01;2026-10-01 13:00:00;13:00:00;356,723;2;S;Sul;UHE;PERFIL
2026-09-25;2026-10-01;2026-10-01 13:30:00;13:30:00;358,062;2;S;Sul;UHE;PERFIL
2026-09-25;2026-10-01;2026-10-01 14:00:00;14:00:00;358,786;2;S;Sul;UHE;PERFIL
2026-09-25;2026-10-01;2026-10-01 14:30:00;14:30:00;360,298;2;S;Sul;UHE;PERFIL
2026-09-25;2026-10-01;2026-10-01 15:00:00;15:00:00;362,654;2;S;Sul;UHE;PERFIL
2026-09-25;2026-10-01;2026-10-01 15:30:00;15:30:00;365,395;2;S;Sul;UHE;PERFIL
2026-09-25;2026-10-01;2026-10-01 16:00:00;16:00:00;368,671;2;S;Sul;UHE;PERFIL
2026-09-25;2026-10-01;2026-10-01 16:30:00;16:30:00;372,73;2;S;Sul;UHE;PERFIL
2026-09-25;2026-10-01;2026-10-01 17:00:00;17:00:00;377,663;2;S;Sul;UHE;PERFIL
2026-09-25;2026-10-01;2026-10-01 17:30:00;17:30:00;381,448;2;S;Sul;UHE;PERFIL
2026-09-25;2026-10-01;2026-10-01 18:00:00;18:00:00;384,535;2;S;Sul;UHE;PERFIL
2026-09-25;2026-10-01;2026-10-01 18:30:00;18:30:00;387,393;2;S;Sul;UHE;PERFIL
2026-09-25;2026-10-01;2026-10-01 19:00:00;19:00:00;388,026;2;S;Sul;UHE;PERFIL
2026-09-25;2026-10-01;2026-10-01 19:30:00;19:30:00;388,676;2;S;Sul;UHE;PERFIL
2026-09-25;2026-10-01;2026-10-01 20:00:00;20:00:00;388,676;2;S;Sul;UHE;PERFIL
2026-09-25;2026-10-01;2026-10-01 20:30:00;20:30:00;388,458;2;S;Sul;UHE;PERFIL
2026-09-25;2026-10-01;2026-10-01 21:00:00;21:00:00;387,884;2;S;Sul;UHE;PERFIL
2026-09-25;2026-10-01;2026-10-01 21:30:00;21:30:00;387,434;2;S;Sul;UHE;PERFIL
2026-09-25;2026-10-01;2026-10-01 22:00:00;22:00:00;385,734;2;S;Sul;UHE;PERFIL
2026-09-25;2026-10-01;2026-10-01 22:30:00;22:30:00;383,882;2;S;Sul;UHE;PERFIL
2026-09-25;2026-10-01;2026-10-01 23:00:00;23:00:00;381,366;2;S;Sul;UHE;PERFIL
2026-09-25;2026-10-01;2026-10-01 23:30:00;23:30:00;379,097;2;S;Sul;UHE;PERFIL
2026-09-25;2026-10-02;2026-10-02 00:00:00;00:00:00;376,854;2;S;Sul;UHE;PERFIL
2026-09-25;2026-10-02;2026-10-02 00:30:00;00:30:00;375,05;2;S;Sul;UHE;PERFIL
2026-09-25;2026-10-02;2026-10-02 01:00:00;01:00:00;373,135;2;S;Sul;UHE;PERFIL
2026-09-25;2026-10-02;2026-10-02 01:30:00;01:30:00;371,955;2;S;Sul;UHE;PERFIL
2026-09-25;2026-10-02;2026-10-02 02:00:00;02:00:00;370,92;2;S;Sul;UHE;PERFIL
2026-09-25;2026-10-02;2026-10-02 02:30:00;02:30:00;370,649;2;S;Sul;UHE;PERFIL
2026-09-25;2026-10-02;2026-10-02 03:00:00;03:00:00;370,649;2;S;Sul;UHE;PERFIL
2026-09-25;2026-10-02;2026-10-02 03:30:00;03:30:00;370,323;2;S;Sul;UHE;PERFIL
2026-09-25;2026-10-02;2026-10-02 04:00:00;04:00:00;369,366;2;S;Sul;UHE;PERFIL
2026-09-25;2026-10-02;2026-10-02 04:30:00;04:30:00;368,866;2;S;Sul;UHE;PERFIL
2026-09-25;2026-10-02;2026-10-02 05:00:00;05:00:00;368,712;2;S;Sul;UHE;PERFIL
2026-09-25;2026-10-02;2026-10-02 05:30:00;05:30:00;368,036;2;S;Sul;UHE;PERFIL
2026-09-25;2026-10-02;2026-10-02 06:00:00;06:00:00;366,99;2;S;Sul;UHE;PERFIL
2026-09-25;2026-10-02;2026-10-02 06:30:00;06:30:00;365,995;2;S;Sul;UHE;PERFIL
2026-09-25;2026-10-02;2026-10-02 07:00:00;07:00:00;365,154;2;S;Sul;UHE;PERFIL
2026-09-25;2026-10-02;2026-10-02 07:30:00;07:30:00;363,098;2;S;Sul;UHE;PERFIL
2026-09-25;2026-10-02;2026-10-02 08:00:00;08:00:00;362,245;2;S;Sul;UHE;PERFIL
2026-09-25;2026-10-02;2026-10-02 08:30:00;08:30:00;359,839;2;S;Sul;UHE;PERFIL
2026-09-25;2026-10-02;2026-10-02 09:00:00;09:00:00;356,593;2;S;Sul;UHE;PERFIL
2026-09-25;2026-10-02;2026-10-02 09:30:00;09:30:00;355,678;2;S;Sul;UHE;PERFIL
2026-09-25;2026-10-02;2026-10-02 10:00:00;10:00:00;355,44;2;S;Sul;UHE;PERFIL
2026-09-25;2026-10-02;2026-10-02 10:30:00;10:30:00;354,862;2;S;Sul;UHE;PERFIL
2026-09-25;2026-10-02;2026-10-02 11:00:00;11:00:00;354,605;2;S;Sul;UHE;PERFIL
2026-09-25;2026-10-02;2026-10-02 11:30:00;11:30:00;354,781;2;S;Sul;UHE;PERFIL
2026-09-25;2026-10-02;2026-10-02 12:00:00;12:00:00;354,869;2;S;Sul;UHE;PERFIL
2026-09-25;2026-10-02;2026-10-02 12:30:00;12:30:00;355,742;2;S;Sul;UHE;PERFIL
2026-09-25;2026-10-02;2026-10-02 13:00:00;13:00:00;356,723;2;S;Sul;UHE;PERFIL
2026-09-25;2026-10-02;2026-10-02 13:30:00;13:30:00;358,062;2;S;Sul;UHE;PERFIL
2026-09-25;2026-10-02;2026-10-02 14:00:00;14:00:00;358,786;2;S;Sul;UHE;PERFIL
2026-09-25;2026-10-02;2026-10-02 14:30:00;14:30:00;360,298;2;S;Sul;UHE;PERFIL
2026-09-25;2026-10-02;2026-10-02 15:00:00;15:00:00;362,654;2;S;Sul;UHE;PERFIL
2026-09-25;2026-10-02;2026-10-02 15:30:00;15:30:00;365,395;2;S;Sul;UHE;PERFIL
2026-09-25;2026-10-02;2026-10-02 16:00:00;16:00:00;368,671;2;S;Sul;UHE;PERFIL
2026-09-25;2026-10-02;2026-10-02 16:30:00;16:30:00;372,73;2;S;Sul;UHE;PERFIL
2026-09-25;2026-10-02;2026-10-02 17:00:00;17:00:00;377,663;2;S;Sul;UHE;PERFIL
2026-09-25;2026-10-02;2026-10-02 17:30:00;17:30:00;381,448;2;S;Sul;UHE;PERFIL
2026-09-25;2026-10-02;2026-10-02 18:00:00;18:00:00;384,535;2;S;Sul;UHE;PERFIL
2026-09-25;2026-10-02;2026-10-02 18:30:00;18:30:00;387,393;2;S;Sul;UHE;PERFIL
2026-09-25;2026-10-02;2026-10-02 19:00:00;19:00:00;388,026;2;S;Sul;UHE;PERFIL
2026-09-25;2026-10-02;2026-10-02 19:30:00;19:30:00;388,676;2;S;Sul;UHE;PERFIL
2026-09-25;2026-10-02;2026-10-02 20:00:00;20:00:00;388,676;2;S;Sul;UHE;PERFIL
2026-09-25;2026-10-02;2026-10-02 20:30:00;20:30:00;388,458;2;S;Sul;UHE;PERFIL
2026-09-25;2026-10-02;2026-10-02 21:00:00;21:00:00;387,884;2;S;Sul;UHE;PERFIL
2026-09-25;2026-10-02;2026-10-02 21:30:00;21:30:00;387,434;2;S;Sul;UHE;PERFIL
2026-09-25;2026-10-02;2026-10-02 22:00:00;22:00:00;385,734;2;S;Sul;UHE;PERFIL
2026-09-25;2026-10-02;2026-10-02 22:30:00;22:30:00;383,882;2;S;Sul;UHE;PERFIL
2026-09-25;2026-10-02;2026-10-02 23:00:00;23:00:00;381,366;2;S;Sul;UHE;PERFIL
2026-09-25;2026-10-02;2026-10-02 23:30:00;23:30:00;379,097;2;S;Sul;UHE;PERFIL
2026-09-25;2026-09-25;2026-09-25 00:00:00;00:00:00;574,0;1;SE;Sudeste;UHE;DESSEM
2026-09-25;2026-09-25;2026-09-25 00:30:00;00:30:00;573,0;1;SE;Sudeste;UHE;DESSEM
2026-09-25;2026-09-25;2026-09-25 01:00:00;01:00:00;572,0;1;SE;Sudeste;UHE;DESSEM
2026-09-25;2026-09-25;2026-09-25 01:30:00;01:30:00;571,0;1;SE;Sudeste;UHE;DESSEM
2026-09-25;2026-09-25;2026-09-25 02:00:00;02:00:00;571,0;1;SE;Sudeste;UHE;DESSEM
2026-09-25;2026-09-25;2026-09-25 02:30:00;02:30:00;570,0;1;SE;Sudeste;UHE;DESSEM
2026-09-25;2026-09-25;2026-09-25 03:00:00;03:00:00;567,0;1;SE;Sudeste;UHE;DESSEM
2026-09-25;2026-09-25;2026-09-25 03:30:00;03:30:00;567,0;1;SE;Sudeste;UHE;DESSEM
2026-09-25;2026-09-25;2026-09-25 04:00:00;04:00:00;565,0;1;SE;Sudeste;UHE;DESSEM
2026-09-25;2026-09-25;2026-09-25 04:30:00;04:30:00;563,0;1;SE;Sudeste;UHE;DESSEM
2026-09-25;2026-09-25;2026-09-25 05:00:00;05:00:00;562,0;1;SE;Sudeste;UHE;DESSEM
2026-09-25;2026-09-25;2026-09-25 05:30:00;05:30:00;559,0;1;SE;Sudeste;UHE;DESSEM
2026-09-25;2026-09-25;2026-09-25 06:00:00;06:00:00;555,0;1;SE;Sudeste;UHE;DESSEM
2026-09-25;2026-09-25;2026-09-25 06:30:00;06:30:00;555,0;1;SE;Sudeste;UHE;DESSEM
2026-09-25;2026-09-25;2026-09-25 07:00:00;07:00:00;554,0;1;SE;Sudeste;UHE;DESSEM
2026-09-25;2026-09-25;2026-09-25 07:30:00;07:30:00;549,0;1;SE;Sudeste;UHE;DESSEM
2026-09-25;2026-09-25;2026-09-25 08:00:00;08:00:00;548,0;1;SE;Sudeste;UHE;DESSEM
2026-09-25;2026-09-25;2026-09-25 08:30:00;08:30:00;547,0;1;SE;Sudeste;UHE;DESSEM
2026-09-25;2026-09-25;2026-09-25 09:00:00;09:00:00;542,0;1;SE;Sudeste;UHE;DESSEM
2026-09-25;2026-09-25;2026-09-25 09:30:00;09:30:00;540,0;1;SE;Sudeste;UHE;DESSEM
2026-09-25;2026-09-25;2026-09-25 10:00:00;10:00:00;539,0;1;SE;Sudeste;UHE;DESSEM
2026-09-25;2026-09-25;2026-09-25 10:30:00;10:30:00;538,0;1;SE;Sudeste;UHE;DESSEM
2026-09-25;2026-09-25;2026-09-25 11:00:00;11:00:00;538,0;1;SE;Sudeste;UHE;DESSEM
2026-09-25;2026-09-25;2026-09-25 11:30:00;11:30:00;538,0;1;SE;Sudeste;UHE;DESSEM
2026-09-25;2026-09-25;2026-09-25 12:00:00;12:00:00;540,0;1;SE;Sudeste;UHE;DESSEM
2026-09-25;2026-09-25;2026-09-25 12:30:00;12:30:00;542,0;1;SE;Sudeste;UHE;DESSEM
2026-09-25;2026-09-25;2026-09-25 13:00:00;13:00:00;544,0;1;SE;Sudeste;UHE;DESSEM
2026-09-25;2026-09-25;2026-09-25 13:30:00;13:30:00;545,0;1;SE;Sudeste;UHE;DESSEM
2026-09-25;2026-09-25;2026-09-25 14:00:00;14:00:00;547,0;1;SE;Sudeste;UHE;DESSEM
2026-09-25;2026-09-25;2026-09-25 14:30:00;14:30:00;548,0;1;SE;Sudeste;UHE;DESSEM
2026-09-25;2026-09-25;2026-09-25 15:00:00;15:00:00;549,0;1;SE;Sudeste;UHE;DESSEM
2026-09-25;2026-09-25;2026-09-25 15:30:00;15:30:00;553,0;1;SE;Sudeste;UHE;DESSEM
2026-09-25;2026-09-25;2026-09-25 16:00:00;16:00:00;562,0;1;SE;Sudeste;UHE;DESSEM
2026-09-25;2026-09-25;2026-09-25 16:30:00;16:30:00;570,0;1;SE;Sudeste;UHE;DESSEM
2026-09-25;2026-09-25;2026-09-25 17:00:00;17:00:00;575,0;1;SE;Sudeste;UHE;DESSEM
2026-09-25;2026-09-25;2026-09-25 17:30:00;17:30:00;582,0;1;SE;Sudeste;UHE;DESSEM
2026-09-25;2026-09-25;2026-09-25 18:00:00;18:00:00;586,0;1;SE;Sudeste;UHE;DESSEM
2026-09-25;2026-09-25;2026-09-25 18:30:00;18:30:00;588,0;1;SE;Sudeste;UHE;DESSEM
2026-09-25;2026-09-25;2026-09-25 19:00:00;19:00:00;590,0;1;SE;Sudeste;UHE;DESSEM
2026-09-25;2026-09-25;2026-09-25 19:30:00;19:30:00;590,0;1;SE;Sudeste;UHE;DESSEM
2026-09-25;2026-09-25;2026-09-25 20:00:00;20:00:00;590,0;1;SE;Sudeste;UHE;DESSEM
2026-09-25;2026-09-25;2026-09-25 20:30:00;20:30:00;590,0;1;SE;Sudeste;UHE;DESSEM
2026-09-25;2026-09-25;2026-09-25 21:00:00;21:00:00;588,0;1;SE;Sudeste;UHE;DESSEM
2026-09-25;2026-09-25;2026-09-25 21:30:00;21:30:00;588,0;1;SE;Sudeste;UHE;DESSEM
2026-09-25;2026-09-25;2026-09-25 22:00:00;22:00:00;588,0;1;SE;Sudeste;UHE;DESSEM
2026-09-25;2026-09-25;2026-09-25 22:30:00;22:30:00;587,0;1;SE;Sudeste;UHE;DESSEM
2026-09-25;2026-09-25;2026-09-25 23:00:00;23:00:00;584,0;1;SE;Sudeste;UHE;DESSEM
2026-09-25;2026-09-25;2026-09-25 23:30:00;23:30:00;578,0;1;SE;Sudeste;UHE;DESSEM
2026-09-25;2026-09-26;2026-09-26 00:00:00;00:00:00;574,28;1;SE;Sudeste;UHE;PERFIL
2026-09-25;2026-09-26;2026-09-26 00:30:00;00:30:00;571,965;1;SE;Sudeste;UHE;PERFIL
2026-09-25;2026-09-26;2026-09-26 01:00:00;01:00:00;570,494;1;SE;Sudeste;UHE;PERFIL
2026-09-25;2026-09-26;2026-09-26 01:30:00;01:30:00;569,207;1;SE;Sudeste;UHE;PERFIL
2026-09-25;2026-09-26;2026-09-26 02:00:00;02:00:00;568,537;1;SE;Sudeste;UHE;PERFIL
2026-09-25;2026-09-26;2026-09-26 02:30:00;02:30:00;568,109;1;SE;Sudeste;UHE;PERFIL
2026-09-25;2026-09-26;2026-09-26 03:00:00;03:00:00;566,976;1;SE;Sudeste;UHE;PERFIL
2026-09-25;2026-09-26;2026-09-26 03:30:00;03:30:00;565,851;1;SE;Sudeste;UHE;PERFIL
2026-09-25;2026-09-26;2026-09-26 04:00:00;04:00:00;564,035;1;SE;Sudeste;UHE;PERFIL
2026-09-25;2026-09-26;2026-09-26 04:30:00;04:30:00;563,04;1;SE;Sudeste;UHE;PERFIL
2026-09-25;2026-09-26;2026-09-26 05:00:00;05:00:00;561,633;1;SE;Sudeste;UHE;PERFIL
2026-09-25;2026-09-26;2026-09-26 05:30:00;05:30:00;558,76;1;SE;Sudeste;UHE;PERFIL
2026-09-25;2026-09-26;2026-09-26 06:00:00;06:00:00;557,005;1;SE;Sudeste;UHE;PERFIL
2026-09-25;2026-09-26;2026-09-26 06:30:00;06:30:00;556,24;1;SE;Sudeste;UHE;PERFIL
2026-09-25;2026-09-26;2026-09-26 07:00:00;07:00:00;555,217;1;SE;Sudeste;UHE;PERFIL
2026-09-25;2026-09-26;2026-09-26 07:30:00;07:30:00;552,894;1;SE;Sudeste;UHE;PERFIL
2026-09-25;2026-09-26;2026-09-26 08:00:00;08:00:00;550,43;1;SE;Sudeste;UHE;PERFIL
2026-09-25;2026-09-26;2026-09-26 08:30:00;08:30:00;547,921;1;SE;Sudeste;UHE;PERFIL
2026-09-25;2026-09-26;2026-09-26 09:00:00;09:00:00;543,408;1;SE;Sudeste;UHE;PERFIL
2026-09-25;2026-09-26;2026-09-26 09:30:00;09:30:00;541,906;1;SE;Sudeste;UHE;PERFIL
2026-09-25;2026-09-26;2026-09-26 10:00:00;10:00:00;541,318;1;SE;Sudeste;UHE;PERFIL
2026-09-25;2026-09-26;2026-09-26 10:30:00;10:30:00;540,819;1;SE;Sudeste;UHE;PERFIL
2026-09-25;2026-09-26;2026-09-26 11:00:00;11:00:00;540,336;1;SE;Sudeste;UHE;PERFIL
2026-09-25;2026-09-26;2026-09-26 11:30:00;11:30:00;540,232;1;SE;Sudeste;UHE;PERFIL
2026-09-25;2026-09-26;2026-09-26 12:00:00;12:00:00;540,919;1;SE;Sudeste;UHE;PERFIL
2026-09-25;2026-09-26;2026-09-26 12:30:00;12:30:00;542,319;1;SE;Sudeste;UHE;PERFIL
2026-09-25;2026-09-26;2026-09-26 13:00:00;13:00:00;543,721;1;SE;Sudeste;UHE;PERFIL
2026-09-25;2026-09-26;2026-09-26 13:30:00;13:30:00;544,233;1;SE;Sudeste;UHE;PERFIL
2026-09-25;2026-09-26;2026-09-26 14:00:00;14:00:00;545,413;1;SE;Sudeste;UHE;PERFIL
2026-09-25;2026-09-26;2026-09-26 14:30:00;14:30:00;547,559;1;SE;Sudeste;UHE;PERFIL
2026-09-25;2026-09-26;2026-09-26 15:00:00;15:00:00;550,755;1;SE;Sudeste;UHE;PERFIL
2026-09-25;2026-09-26;2026-09-26 15:30:00;15:30:00;553,771;1;SE;Sudeste;UHE;PERFIL
2026-09-25;2026-09-26;2026-09-26 16:00:00;16:00:00;560,781;1;SE;Sudeste;UHE;PERFIL
2026-09-25;2026-09-26;2026-09-26 16:30:00;16:30:00;568,708;1;SE;Sudeste;UHE;PERFIL
2026-09-25;2026-09-26;2026-09-26 17:00:00;17:00:00;574,775;1;SE;Sudeste;UHE;PERFIL
2026-09-25;2026-09-26;2026-09-26 17:30:00;17:30:00;581,164;1;SE;Sudeste;UHE;PERFIL
2026-09-25;2026-09-26;2026-09-26 18:00:00;18:00:00;584,987;1;SE;Sudeste;UHE;PERFIL
2026-09-25;2026-09-26;2026-09-26 18:30:00;18:30:00;587,362;1;SE;Sudeste;UHE;PERFIL
2026-09-25;2026-09-26;2026-09-26 19:00:00;19:00:00;588,268;1;SE;Sudeste;UHE;PERFIL
2026-09-25;2026-09-26;2026-09-26 19:30:00;19:30:00;589,635;1;SE;Sudeste;UHE;PERFIL
2026-09-25;2026-09-26;2026-09-26 20:00:00;20:00:00;590,002;1;SE;Sudeste;UHE;PERFIL
2026-09-25;2026-09-26;2026-09-26 20:30:00;20:30:00;589,802;1;SE;Sudeste;UHE;PERFIL
2026-09-25;2026-09-26;2026-09-26 21:00:00;21:00:00;588,402;1;SE;Sudeste;UHE;PERFIL
2026-09-25;2026-09-26;2026-09-26 21:30:00;21:30:00;587,954;1;SE;Sudeste;UHE;PERFIL
2026-09-25;2026-09-26;2026-09-26 22:00:00;22:00:00;586,443;1;SE;Sudeste;UHE;PERFIL
2026-09-25;2026-09-26;2026-09-26 22:30:00;22:30:00;584,016;1;SE;Sudeste;UHE;PERFIL
2026-09-25;2026-09-26;2026-09-26 23:00:00;23:00:00;581,708;1;SE;Sudeste;UHE;PERFIL
2026-09-25;2026-09-26;2026-09-26 23:30:00;23:30:00;577,687;1;SE;Sudeste;UHE;PERFIL
2026-09-25;2026-09-27;2026-09-27 00:00:00;00:00:00;574,28;1;SE;Sudeste;UHE;PERFIL
2026-09-25;2026-09-27;2026-09-27 00:30:00;00:30:00;571,965;1;SE;Sudeste;UHE;PERFIL
2026-09-25;2026-09-27;2026-09-27 01:00:00;01:00:00;570,494;1;SE;Sudeste;UHE;PERFIL
2026-09-25;2026-09-27;2026-09-27 01:30:00;01:30:00;569,207;1;SE;Sudeste;UHE;PERFIL
2026-09-25;2026-09-27;2026-09-27 02:00:00;02:00:00;568,537;1;SE;Sudeste;UHE;PERFIL
2026-09-25;2026-09-27;2026-09-27 02:30:00;02:30:00;568,109;1;SE;Sudeste;UHE;PERFIL
2026-09-25;2026-09-27;2026-09-27 03:00:00;03:00:00;566,976;1;SE;Sudeste;UHE;PERFIL
2026-09-25;2026-09-27;2026-09-27 03:30:00;03:30:00;565,851;1;SE;Sudeste;UHE;PERFIL
2026-09-25;2026-09-27;2026-09-27 04:00:00;04:00:00;564,035;1;SE;Sudeste;UHE;PERFIL
2026-09-25;2026-09-27;2026-09-27 04:30:00;04:30:00;563,04;1;SE;Sudeste;UHE;PERFIL
2026-09-25;2026-09-27;2026-09-27 05:00:00;05:00:00;561,633;1;SE;Sudeste;UHE;PERFIL
2026-09-25;2026-09-27;2026-09-27 05:30:00;05:30:00;558,76;1;SE;Sudeste;UHE;PERFIL
2026-09-25;2026-09-27;2026-09-27 06:00:00;06:00:00;557,005;1;SE;Sudeste;UHE;PERFIL
2026-09-25;2026-09-27;2026-09-27 06:30:00;06:30:00;556,24;1;SE;Sudeste;UHE;PERFIL
2026-09-25;2026-09-27;2026-09-27 07:00:00;07:00:00;555,217;1;SE;Sudeste;UHE;PERFIL
2026-09-25;2026-09-27;2026-09-27 07:30:00;07:30:00;552,894;1;SE;Sudeste;UHE;PERFIL
2026-09-25;2026-09-27;2026-09-27 08:00:00;08:00:00;550,43;1;SE;Sudeste;UHE;PERFIL
2026-09-25;2026-09-27;2026-09-27 08:30:00;08:30:00;547,921;1;SE;Sudeste;UHE;PERFIL
2026-09-25;2026-09-27;2026-09-27 09:00:00;09:00:00;543,408;1;SE;Sudeste;UHE;PERFIL
2026-09-25;2026-09-27;2026-09-27 09:30:00;09:30:00;541,906;1;SE;Sudeste;UHE;PERFIL
2026-09-25;2026-09-27;2026-09-27 10:00:00;10:00:00;541,318;1;SE;Sudeste;UHE;PERFIL
2026-09-25;2026-09-27;2026-09-27 10:30:00;10:30:00;540,819;1;SE;Sudeste;UHE;PERFIL
2026-09-25;2026-09-27;2026-09-27 11:00:00;11:00:00;540,336;1;SE;Sudeste;UHE;PERFIL
2026-09-25;2026-09-27;2026-09-27 11:30:00;11:30:00;540,232;1;SE;Sudeste;UHE;PERFIL
2026-09-25;2026-09-27;2026-09-27 12:00:00;12:00:00;540,919;1;SE;Sudeste;UHE;PERFIL
2026-09-25;2026-09-27;2026-09-27 12:30:00;12:30:00;542,319;1;SE;Sudeste;UHE;PERFIL
2026-09-25;2026-09-27;2026-09-27 13:00:00;13:00:00;543,721;1;SE;Sudeste;UHE;PERFIL
2026-09-25;2026-09-27;2026-09-27 13:30:00;13:30:00;544,233;1;SE;Sudeste;UHE;PERFIL
2026-09-25;2026-09-27;2026-09-27 14:00:00;14:00:00;545,413;1;SE;Sudeste;UHE;PERFIL
2026-09-25;2026-09-27;2026-09-27 14:30:00;14:30:00;547,559;1;SE;Sudeste;UHE;PERFIL
2026-09-25;2026-09-27;2026-09-27 15:00:00;15:00:00;550,755;1;SE;Sudeste;UHE;PERFIL
2026-09-25;2026-09-27;2026-09-27 15:30:00;15:30:00;553,771;1;SE;Sudeste;UHE;PERFIL
2026-09-25;2026-09-27;2026-09-27 16:00:00;16:00:00;560,781;1;SE;Sudeste;UHE;PERFIL
2026-09-25;2026-09-27;2026-09-27 16:30:00;16:30:00;568,708;1;SE;Sudeste;UHE;PERFIL
2026-09-25;2026-09-27;2026-09-27 17:00:00;17:00:00;574,775;1;SE;Sudeste;UHE;PERFIL
2026-09-25;2026-09-27;2026-09-27 17:30:00;17:30:00;581,164;1;SE;Sudeste;UHE;PERFIL
2026-09-25;2026-09-27;2026-09-27 18:00:00;18:00:00;584,987;1;SE;Sudeste;UHE;PERFIL
2026-09-25;2026-09-27;2026-09-27 18:30:00;18:30:00;587,362;1;SE;Sudeste;UHE;PERFIL
2026-09-25;2026-09-27;2026-09-27 19:00:00;19:00:00;588,268;1;SE;Sudeste;UHE;PERFIL
2026-09-25;2026-09-27;2026-09-27 19:30:00;19:30:00;589,635;1;SE;Sudeste;UHE;PERFIL
2026-09-25;2026-09-27;2026-09-27 20:00:00;20:00:00;590,002;1;SE;Sudeste;UHE;PERFIL
2026-09-25;2026-09-27;2026-09-27 20:30:00;20:30:00;589,802;1;SE;Sudeste;UHE;PERFIL
2026-09-25;2026-09-27;2026-09-27 21:00:00;21:00:00;588,402;1;SE;Sudeste;UHE;PERFIL
2026-09-25;2026-09-27;2026-09-27 21:30:00;21:30:00;587,954;1;SE;Sudeste;UHE;PERFIL
2026-09-25;2026-09-27;2026-09-27 22:00:00;22:00:00;586,443;1;SE;Sudeste;UHE;PERFIL
2026-09-25;2026-09-27;2026-09-27 22:30:00;22:30:00;584,016;1;SE;Sudeste;UHE;PERFIL
2026-09-25;2026-09-27;2026-09-27 23:00:00;23:00:00;581,708;1;SE;Sudeste;UHE;PERFIL
2026-09-25;2026-09-27;2026-09-27 23:30:00;23:30:00;577,687;1;SE;Sudeste;UHE;PERFIL
2026-09-25;2026-09-28;2026-09-28 00:00:00;00:00:00;574,28;1;SE;Sudeste;UHE;PERFIL
2026-09-25;2026-09-28;2026-09-28 00:30:00;00:30:00;571,965;1;SE;Sudeste;UHE;PERFIL
2026-09-25;2026-09-28;2026-09-28 01:00:00;01:00:00;570,494;1;SE;Sudeste;UHE;PERFIL
2026-09-25;2026-09-28;2026-09-28 01:30:00;01:30:00;569,207;1;SE;Sudeste;UHE;PERFIL
2026-09-25;2026-09-28;2026-09-28 02:00:00;02:00:00;568,537;1;SE;Sudeste;UHE;PERFIL
2026-09-25;2026-09-28;2026-09-28 02:30:00;02:30:00;568,109;1;SE;Sudeste;UHE;PERFIL
2026-09-25;2026-09-28;2026-09-28 03:00:00;03:00:00;566,976;1;SE;Sudeste;UHE;PERFIL
2026-09-25;2026-09-28;2026-09-28 03:30:00;03:30:00;565,851;1;SE;Sudeste;UHE;PERFIL
2026-09-25;2026-09-28;2026-09-28 04:00:00;04:00:00;564,035;1;SE;Sudeste;UHE;PERFIL
2026-09-25;2026-09-28;2026-09-28 04:30:00;04:30:00;563,04;1;SE;Sudeste;UHE;PERFIL
2026-09-25;2026-09-28;2026-09-28 05:00:00;05:00:00;561,633;1;SE;Sudeste;UHE;PERFIL
2026-09-25;2026-09-28;2026-09-28 05:30:00;05:30:00;558,76;1;SE;Sudeste;UHE;PERFIL
2026-09-25;2026-09-28;2026-09-28 06:00:00;06:00:00;557,005;1;SE;Sudeste;UHE;PERFIL
2026-09-25;2026-09-28;2026-09-28 06:30:00;06:30:00;556,24;1;SE;Sudeste;UHE;PERFIL
2026-09-25;2026-09-28;2026-09-28 07:00:00;07:00:00;555,217;1;SE;Sudeste;UHE;PERFIL
2026-09-25;2026-09-28;2026-09-28 07:30:00;07:30:00;552,894;1;SE;Sudeste;UHE;PERFIL
2026-09-25;2026-09-28;2026-09-28 08:00:00;08:00:00;550,43;1;SE;Sudeste;UHE;PERFIL
2026-09-25;2026-09-28;2026-09-28 08:30:00;08:30:00;547,921;1;SE;Sudeste;UHE;PERFIL
2026-09-25;2026-09-28;2026-09-28 09:00:00;09:00:00;543,408;1;SE;Sudeste;UHE;PERFIL
2026-09-25;2026-09-28;2026-09-28 09:30:00;09:30:00;541,906;1;SE;Sudeste;UHE;PERFIL
2026-09-25;2026-09-28;2026-09-28 10:00:00;10:00:00;541,318;1;SE;Sudeste;UHE;PERFIL
2026-09-25;2026-09-28;2026-09-28 10:30:00;10:30:00;540,819;1;SE;Sudeste;UHE;PERFIL
2026-09-25;2026-09-28;2026-09-28 11:00:00;11:00:00;540,336;1;SE;Sudeste;UHE;PERFIL
2026-09-25;2026-09-28;2026-09-28 11:30:00;11:30:00;540,232;1;SE;Sudeste;UHE;PERFIL
2026-09-25;2026-09-28;2026-09-28 12:00:00;12:00:00;540,919;1;SE;Sudeste;UHE;PERFIL
2026-09-25;2026-09-28;2026-09-28 12:30:00;12:30:00;542,319;1;SE;Sudeste;UHE;PERFIL
2026-09-25;2026-09-28;2026-09-28 13:00:00;13:00:00;543,721;1;SE;Sudeste;UHE;PERFIL
2026-09-25;2026-09-28;2026-09-28 13:30:00;13:30:00;544,233;1;SE;Sudeste;UHE;PERFIL
2026-09-25;2026-09-28;2026-09-28 14:00:00;14:00:00;545,413;1;SE;Sudeste;UHE;PERFIL
2026-09-25;2026-09-28;2026-09-28 14:30:00;14:30:00;547,559;1;SE;Sudeste;UHE;PERFIL
2026-09-25;2026-09-28;2026-09-28 15:00:00;15:00:00;550,755;1;SE;Sudeste;UHE;PERFIL
2026-09-25;2026-09-28;2026-09-28 15:30:00;15:30:00;553,771;1;SE;Sudeste;UHE;PERFIL
2026-09-25;2026-09-28;2026-09-28 16:00:00;16:00:00;560,781;1;SE;Sudeste;UHE;PERFIL
2026-09-25;2026-09-28;2026-09-28 16:30:00;16:30:00;568,708;1;SE;Sudeste;UHE;PERFIL
2026-09-25;2026-09-28;2026-09-28 17:00:00;17:00:00;574,775;1;SE;Sudeste;UHE;PERFIL
2026-09-25;2026-09-28;2026-09-28 17:30:00;17:30:00;581,164;1;SE;Sudeste;UHE;PERFIL
2026-09-25;2026-09-28;2026-09-28 18:00:00;18:00:00;584,987;1;SE;Sudeste;UHE;PERFIL
2026-09-25;2026-09-28;2026-09-28 18:30:00;18:30:00;587,362;1;SE;Sudeste;UHE;PERFIL
2026-09-25;2026-09-28;2026-09-28 19:00:00;19:00:00;588,268;1;SE;Sudeste;UHE;PERFIL
2026-09-25;2026-09-28;2026-09-28 19:30:00;19:30:00;589,635;1;SE;Sudeste;UHE;PERFIL
2026-09-25;2026-09-28;2026-09-28 20:00:00;20:00:00;590,002;1;SE;Sudeste;UHE;PERFIL
2026-09-25;2026-09-28;2026-09-28 20:30:00;20:30:00;589,802;1;SE;Sudeste;UHE;PERFIL
2026-09-25;2026-09-28;2026-09-28 21:00:00;21:00:00;588,402;1;SE;Sudeste;UHE;PERFIL
2026-09-25;2026-09-28;2026-09-28 21:30:00;21:30:00;587,954;1;SE;Sudeste;UHE;PERFIL
2026-09-25;2026-09-28;2026-09-28 22:00:00;22:00:00;586,443;1;SE;Sudeste;UHE;PERFIL
2026-09-25;2026-09-28;2026-09-28 22:30:00;22:30:00;584,016;1;SE;Sudeste;UHE;PERFIL
2026-09-25;2026-09-28;2026-09-28 23:00:00;23:00:00;581,708;1;SE;Sudeste;UHE;PERFIL
2026-09-25;2026-09-28;2026-09-28 23:30:00;23:30:00;577,687;1;SE;Sudeste;UHE;PERFIL
2026-09-25;2026-09-29;2026-09-29 00:00:00;00:00:00;574,28;1;SE;Sudeste;UHE;PERFIL
2026-09-25;2026-09-29;2026-09-29 00:30:00;00:30:00;571,965;1;SE;Sudeste;UHE;PERFIL
2026-09-25;2026-09-29;2026-09-29 01:00:00;01:00:00;570,494;1;SE;Sudeste;UHE;PERFIL
2026-09-25;2026-09-29;2026-09-29 01:30:00;01:30:00;569,207;1;SE;Sudeste;UHE;PERFIL
2026-09-25;2026-09-29;2026-09-29 02:00:00;02:00:00;568,537;1;SE;Sudeste;UHE;PERFIL
2026-09-25;2026-09-29;2026-09-29 02:30:00;02:30:00;568,109;1;SE;Sudeste;UHE;PERFIL
2026-09-25;2026-09-29;2026-09-29 03:00:00;03:00:00;566,976;1;SE;Sudeste;UHE;PERFIL
2026-09-25;2026-09-29;2026-09-29 03:30:00;03:30:00;565,851;1;SE;Sudeste;UHE;PERFIL
2026-09-25;2026-09-29;2026-09-29 04:00:00;04:00:00;564,035;1;SE;Sudeste;UHE;PERFIL
2026-09-25;2026-09-29;2026-09-29 04:30:00;04:30:00;563,04;1;SE;Sudeste;UHE;PERFIL
2026-09-25;2026-09-29;2026-09-29 05:00:00;05:00:00;561,633;1;SE;Sudeste;UHE;PERFIL
2026-09-25;2026-09-29;2026-09-29 05:30:00;05:30:00;558,76;1;SE;Sudeste;UHE;PERFIL
2026-09-25;2026-09-29;2026-09-29 06:00:00;06:00:00;557,005;1;SE;Sudeste;UHE;PERFIL
2026-09-25;2026-09-29;2026-09-29 06:30:00;06:30:00;556,24;1;SE;Sudeste;UHE;PERFIL
2026-09-25;2026-09-29;2026-09-29 07:00:00;07:00:00;555,217;1;SE;Sudeste;UHE;PERFIL
2026-09-25;2026-09-29;2026-09-29 07:30:00;07:30:00;552,894;1;SE;Sudeste;UHE;PERFIL
2026-09-25;2026-09-29;2026-09-29 08:00:00;08:00:00;550,43;1;SE;Sudeste;UHE;PERFIL
2026-09-25;2026-09-29;2026-09-29 08:30:00;08:30:00;547,921;1;SE;Sudeste;UHE;PERFIL
2026-09-25;2026-09-29;2026-09-29 09:00:00;09:00:00;543,408;1;SE;Sudeste;UHE;PERFIL
2026-09-25;2026-09-29;2026-09-29 09:30:00;09:30:00;541,906;1;SE;Sudeste;UHE;PERFIL
2026-09-25;2026-09-29;2026-09-29 10:00:00;10:00:00;541,318;1;SE;Sudeste;UHE;PERFIL
2026-09-25;2026-09-29;2026-09-29 10:30:00;10:30:00;540,819;1;SE;Sudeste;UHE;PERFIL
2026-09-25;2026-09-29;2026-09-29 11:00:00;11:00:00;540,336;1;SE;Sudeste;UHE;PERFIL
2026-09-25;2026-09-29;2026-09-29 11:30:00;11:30:00;540,232;1;SE;Sudeste;UHE;PERFIL
2026-09-25;2026-09-29;2026-09-29 12:00:00;12:00:00;540,919;1;SE;Sudeste;UHE;PERFIL
2026-09-25;2026-09-29;2026-09-29 12:30:00;12:30:00;542,319;1;SE;Sudeste;UHE;PERFIL
2026-09-25;2026-09-29;2026-09-29 13:00:00;13:00:00;543,721;1;SE;Sudeste;UHE;PERFIL
2026-09-25;2026-09-29;2026-09-29 13:30:00;13:30:00;544,233;1;SE;Sudeste;UHE;PERFIL
2026-09-25;2026-09-29;2026-09-29 14:00:00;14:00:00;545,413;1;SE;Sudeste;UHE;PERFIL
2026-09-25;2026-09-29;2026-09-29 14:30:00;14:30:00;547,559;1;SE;Sudeste;UHE;PERFIL
2026-09-25;2026-09-29;2026-09-29 15:00:00;15:00:00;550,755;1;SE;Sudeste;UHE;PERFIL
2026-09-25;2026-09-29;2026-09-29 15:30:00;15:30:00;553,771;1;SE;Sudeste;UHE;PERFIL
2026-09-25;2026-09-29;2026-09-29 16:00:00;16:00:00;560,781;1;SE;Sudeste;UHE;PERFIL
2026-09-25;2026-09-29;2026-09-29 16:30:00;16:30:00;568,708;1;SE;Sudeste;UHE;PERFIL
2026-09-25;2026-09-29;2026-09-29 17:00:00;17:00:00;574,775;1;SE;Sudeste;UHE;PERFIL
2026-09-25;2026-09-29;2026-09-29 17:30:00;17:30:00;581,164;1;SE;Sudeste;UHE;PERFIL
2026-09-25;2026-09-29;2026-09-29 18:00:00;18:00:00;584,987;1;SE;Sudeste;UHE;PERFIL
2026-09-25;2026-09-29;2026-09-29 18:30:00;18:30:00;587,362;1;SE;Sudeste;UHE;PERFIL
2026-09-25;2026-09-29;2026-09-29 19:00:00;19:00:00;588,268;1;SE;Sudeste;UHE;PERFIL
2026-09-25;2026-09-29;2026-09-29 19:30:00;19:30:00;589,635;1;SE;Sudeste;UHE;PERFIL
2026-09-25;2026-09-29;2026-09-29 20:00:00;20:00:00;590,002;1;SE;Sudeste;UHE;PERFIL
2026-09-25;2026-09-29;2026-09-29 20:30:00;20:30:00;589,802;1;SE;Sudeste;UHE;PERFIL
2026-09-25;2026-09-29;2026-09-29 21:00:00;21:00:00;588,402;1;SE;Sudeste;UHE;PERFIL
2026-09-25;2026-09-29;2026-09-29 21:30:00;21:30:00;587,954;1;SE;Sudeste;UHE;PERFIL
2026-09-25;2026-09-29;2026-09-29 22:00:00;22:00:00;586,443;1;SE;Sudeste;UHE;PERFIL
2026-09-25;2026-09-29;2026-09-29 22:30:00;22:30:00;584,016;1;SE;Sudeste;UHE;PERFIL
2026-09-25;2026-09-29;2026-09-29 23:00:00;23:00:00;581,708;1;SE;Sudeste;UHE;PERFIL
2026-09-25;2026-09-29;2026-09-29 23:30:00;23:30:00;577,687;1;SE;Sudeste;UHE;PERFIL
2026-09-25;2026-09-30;2026-09-30 00:00:00;00:00:00;574,28;1;SE;Sudeste;UHE;PERFIL
2026-09-25;2026-09-30;2026-09-30 00:30:00;00:30:00;571,965;1;SE;Sudeste;UHE;PERFIL
2026-09-25;2026-09-30;2026-09-30 01:00:00;01:00:00;570,494;1;SE;Sudeste;UHE;PERFIL
2026-09-25;2026-09-30;2026-09-30 01:30:00;01:30:00;569,207;1;SE;Sudeste;UHE;PERFIL
2026-09-25;2026-09-30;2026-09-30 02:00:00;02:00:00;568,537;1;SE;Sudeste;UHE;PERFIL
2026-09-25;2026-09-30;2026-09-30 02:30:00;02:30:00;568,109;1;SE;Sudeste;UHE;PERFIL
2026-09-25;2026-09-30;2026-09-30 03:00:00;03:00:00;566,976;1;SE;Sudeste;UHE;PERFIL
2026-09-25;2026-09-30;2026-09-30 03:30:00;03:30:00;565,851;1;SE;Sudeste;UHE;PERFIL
2026-09-25;2026-09-30;2026-09-30 04:00:00;04:00:00;564,035;1;SE;Sudeste;UHE;PERFIL
2026-09-25;2026-09-30;2026-09-30 04:30:00;04:30:00;563,04;1;SE;Sudeste;UHE;PERFIL
2026-09-25;2026-09-30;2026-09-30 05:00:00;05:00:00;561,633;1;SE;Sudeste;UHE;PERFIL
2026-09-25;2026-09-30;2026-09-30 05:30:00;05:30:00;558,76;1;SE;Sudeste;UHE;PERFIL
2026-09-25;2026-09-30;2026-09-30 06:00:00;06:00:00;557,005;1;SE;Sudeste;UHE;PERFIL
2026-09-25;2026-09-30;2026-09-30 06:30:00;06:30:00;556,24;1;SE;Sudeste;UHE;PERFIL
2026-09-25;2026-09-30;2026-09-30 07:00:00;07:00:00;555,217;1;SE;Sudeste;UHE;PERFIL
2026-09-25;2026-09-30;2026-09-30 07:30:00;07:30:00;552,894;1;SE;Sudeste;UHE;PERFIL
2026-09-25;2026-09-30;2026-09-30 08:00:00;08:00:00;550,43;1;SE;Sudeste;UHE;PERFIL
2026-09-25;2026-09-30;2026-09-30 08:30:00;08:30:00;547,921;1;SE;Sudeste;UHE;PERFIL
2026-09-25;2026-09-30;2026-09-30 09:00:00;09:00:00;543,408;1;SE;Sudeste;UHE;PERFIL
2026-09-25;2026-09-30;2026-09-30 09:30:00;09:30:00;541,906;1;SE;Sudeste;UHE;PERFIL
2026-09-25;2026-09-30;2026-09-30 10:00:00;10:00:00;541,318;1;SE;Sudeste;UHE;PERFIL
2026-09-25;2026-09-30;2026-09-30 10:30:00;10:30:00;540,819;1;SE;Sudeste;UHE;PERFIL
2026-09-25;2026-09-30;2026-09-30 11:00:00;11:00:00;540,336;1;SE;Sudeste;UHE;PERFIL
2026-09-25;2026-09-30;2026-09-30 11:30:00;11:30:00;540,232;1;SE;Sudeste;UHE;PERFIL
2026-09-25;2026-09-30;2026-09-30 12:00:00;12:00:00;540,919;1;SE;Sudeste;UHE;PERFIL
2026-09-25;2026-09-30;2026-09-30 12:30:00;12:30:00;542,319;1;SE;Sudeste;UHE;PERFIL
2026-09-25;2026-09-30;2026-09-30 13:00:00;13:00:00;543,721;1;SE;Sudeste;UHE;PERFIL
2026-09-25;2026-09-30;2026-09-30 13:30:00;13:30:00;544,233;1;SE;Sudeste;UHE;PERFIL
2026-09-25;2026-09-30;2026-09-30 14:00:00;14:00:00;545,413;1;SE;Sudeste;UHE;PERFIL
2026-09-25;2026-09-30;2026-09-30 14:30:00;14:30:00;547,559;1;SE;Sudeste;UHE;PERFIL
2026-09-25;2026-09-30;2026-09-30 15:00:00;15:00:00;550,755;1;SE;Sudeste;UHE;PERFIL
2026-09-25;2026-09-30;2026-09-30 15:30:00;15:30:00;553,771;1;SE;Sudeste;UHE;PERFIL
2026-09-25;2026-09-30;2026-09-30 16:00:00;16:00:00;560,781;1;SE;Sudeste;UHE;PERFIL
2026-09-25;2026-09-30;2026-09-30 16:30:00;16:30:00;568,708;1;SE;Sudeste;UHE;PERFIL
2026-09-25;2026-09-30;2026-09-30 17:00:00;17:00:00;574,775;1;SE;Sudeste;UHE;PERFIL
2026-09-25;2026-09-30;2026-09-30 17:30:00;17:30:00;581,164;1;SE;Sudeste;UHE;PERFIL
2026-09-25;2026-09-30;2026-09-30 18:00:00;18:00:00;584,987;1;SE;Sudeste;UHE;PERFIL
2026-09-25;2026-09-30;2026-09-30 18:30:00;18:30:00;587,362;1;SE;Sudeste;UHE;PERFIL
2026-09-25;2026-09-30;2026-09-30 19:00:00;19:00:00;588,268;1;SE;Sudeste;UHE;PERFIL
2026-09-25;2026-09-30;2026-09-30 19:30:00;19:30:00;589,635;1;SE;Sudeste;UHE;PERFIL
2026-09-25;2026-09-30;2026-09-30 20:00:00;20:00:00;590,002;1;SE;Sudeste;UHE;PERFIL
2026-09-25;2026-09-30;2026-09-30 20:30:00;20:30:00;589,802;1;SE;Sudeste;UHE;PERFIL
2026-09-25;2026-09-30;2026-09-30 21:00:00;21:00:00;588,402;1;SE;Sudeste;UHE;PERFIL
2026-09-25;2026-09-30;2026-09-30 21:30:00;21:30:00;587,954;1;SE;Sudeste;UHE;PERFIL
2026-09-25;2026-09-30;2026-09-30 22:00:00;22:00:00;586,443;1;SE;Sudeste;UHE;PERFIL
2026-09-25;2026-09-30;2026-09-30 22:30:00;22:30:00;584,016;1;SE;Sudeste;UHE;PERFIL
2026-09-25;2026-09-30;2026-09-30 23:00:00;23:00:00;581,708;1;SE;Sudeste;UHE;PERFIL
2026-09-25;2026-09-30;2026-09-30 23:30:00;23:30:00;577,687;1;SE;Sudeste;UHE;PERFIL
2026-09-25;2026-10-01;2026-10-01 00:00:00;00:00:00;574,28;1;SE;Sudeste;UHE;PERFIL
2026-09-25;2026-10-01;2026-10-01 00:30:00;00:30:00;571,965;1;SE;Sudeste;UHE;PERFIL
2026-09-25;2026-10-01;2026-10-01 01:00:00;01:00:00;570,494;1;SE;Sudeste;UHE;PERFIL
2026-09-25;2026-10-01;2026-10-01 01:30:00;01:30:00;569,207;1;SE;Sudeste;UHE;PERFIL
2026-09-25;2026-10-01;2026-10-01 02:00:00;02:00:00;568,537;1;SE;Sudeste;UHE;PERFIL
2026-09-25;2026-10-01;2026-10-01 02:30:00;02:30:00;568,109;1;SE;Sudeste;UHE;PERFIL
2026-09-25;2026-10-01;2026-10-01 03:00:00;03:00:00;566,976;1;SE;Sudeste;UHE;PERFIL
2026-09-25;2026-10-01;2026-10-01 03:30:00;03:30:00;565,851;1;SE;Sudeste;UHE;PERFIL
2026-09-25;2026-10-01;2026-10-01 04:00:00;04:00:00;564,035;1;SE;Sudeste;UHE;PERFIL
2026-09-25;2026-10-01;2026-10-01 04:30:00;04:30:00;563,04;1;SE;Sudeste;UHE;PERFIL
2026-09-25;2026-10-01;2026-10-01 05:00:00;05:00:00;561,633;1;SE;Sudeste;UHE;PERFIL
2026-09-25;2026-10-01;2026-10-01 05:30:00;05:30:00;558,76;1;SE;Sudeste;UHE;PERFIL
2026-09-25;2026-10-01;2026-10-01 06:00:00;06:00:00;557,005;1;SE;Sudeste;UHE;PERFIL
2026-09-25;2026-10-01;2026-10-01 06:30:00;06:30:00;556,24;1;SE;Sudeste;UHE;PERFIL
2026-09-25;2026-10-01;2026-10-01 07:00:00;07:00:00;555,217;1;SE;Sudeste;UHE;PERFIL
2026-09-25;2026-10-01;2026-10-01 07:30:00;07:30:00;552,894;1;SE;Sudeste;UHE;PERFIL
2026-09-25;2026-10-01;2026-10-01 08:00:00;08:00:00;550,43;1;SE;Sudeste;UHE;PERFIL
2026-09-25;2026-10-01;2026-10-01 08:30:00;08:30:00;547,921;1;SE;Sudeste;UHE;PERFIL
2026-09-25;2026-10-01;2026-10-01 09:00:00;09:00:00;543,408;1;SE;Sudeste;UHE;PERFIL
2026-09-25;2026-10-01;2026-10-01 09:30:00;09:30:00;541,906;1;SE;Sudeste;UHE;PERFIL
2026-09-25;2026-10-01;2026-10-01 10:00:00;10:00:00;541,318;1;SE;Sudeste;UHE;PERFIL
2026-09-25;2026-10-01;2026-10-01 10:30:00;10:30:00;540,819;1;SE;Sudeste;UHE;PERFIL
2026-09-25;2026-10-01;2026-10-01 11:00:00;11:00:00;540,336;1;SE;Sudeste;UHE;PERFIL
2026-09-25;2026-10-01;2026-10-01 11:30:00;11:30:00;540,232;1;SE;Sudeste;UHE;PERFIL
2026-09-25;2026-10-01;2026-10-01 12:00:00;12:00:00;540,919;1;SE;Sudeste;UHE;PERFIL
2026-09-25;2026-10-01;2026-10-01 12:30:00;12:30:00;542,319;1;SE;Sudeste;UHE;PERFIL
2026-09-25;2026-10-01;2026-10-01 13:00:00;13:00:00;543,721;1;SE;Sudeste;UHE;PERFIL
2026-09-25;2026-10-01;2026-10-01 13:30:00;13:30:00;544,233;1;SE;Sudeste;UHE;PERFIL
2026-09-25;2026-10-01;2026-10-01 14:00:00;14:00:00;545,413;1;SE;Sudeste;UHE;PERFIL
2026-09-25;2026-10-01;2026-10-01 14:30:00;14:30:00;547,559;1;SE;Sudeste;UHE;PERFIL
2026-09-25;2026-10-01;2026-10-01 15:00:00;15:00:00;550,755;1;SE;Sudeste;UHE;PERFIL
2026-09-25;2026-10-01;2026-10-01 15:30:00;15:30:00;553,771;1;SE;Sudeste;UHE;PERFIL
2026-09-25;2026-10-01;2026-10-01 16:00:00;16:00:00;560,781;1;SE;Sudeste;UHE;PERFIL
2026-09-25;2026-10-01;2026-10-01 16:30:00;16:30:00;568,708;1;SE;Sudeste;UHE;PERFIL
2026-09-25;2026-10-01;2026-10-01 17:00:00;17:00:00;574,775;1;SE;Sudeste;UHE;PERFIL
2026-09-25;2026-10-01;2026-10-01 17:30:00;17:30:00;581,164;1;SE;Sudeste;UHE;PERFIL
2026-09-25;2026-10-01;2026-10-01 18:00:00;18:00:00;584,987;1;SE;Sudeste;UHE;PERFIL
2026-09-25;2026-10-01;2026-10-01 18:30:00;18:30:00;587,362;1;SE;Sudeste;UHE;PERFIL
2026-09-25;2026-10-01;2026-10-01 19:00:00;19:00:00;588,268;1;SE;Sudeste;UHE;PERFIL
2026-09-25;2026-10-01;2026-10-01 19:30:00;19:30:00;589,635;1;SE;Sudeste;UHE;PERFIL
2026-09-25;2026-10-01;2026-10-01 20:00:00;20:00:00;590,002;1;SE;Sudeste;UHE;PERFIL
2026-09-25;2026-10-01;2026-10-01 20:30:00;20:30:00;589,802;1;SE;Sudeste;UHE;PERFIL
2026-09-25;2026-10-01;2026-10-01 21:00:00;21:00:00;588,402;1;SE;Sudeste;UHE;PERFIL
2026-09-25;2026-10-01;2026-10-01 21:30:00;21:30:00;587,954;1;SE;Sudeste;UHE;PERFIL
2026-09-25;2026-10-01;2026-10-01 22:00:00;22:00:00;586,443;1;SE;Sudeste;UHE;PERFIL
2026-09-25;2026-10-01;2026-10-01 22:30:00;22:30:00;584,016;1;SE;Sudeste;UHE;PERFIL
2026-09-25;2026-10-01;2026-10-01 23:00:00;23:00:00;581,708;1;SE;Sudeste;UHE;PERFIL
2026-09-25;2026-10-01;2026-10-01 23:30:00;23:30:00;577,687;1;SE;Sudeste;UHE;PERFIL
2026-09-25;2026-10-02;2026-10-02 00:00:00;00:00:00;574,28;1;SE;Sudeste;UHE;PERFIL
2026-09-25;2026-10-02;2026-10-02 00:30:00;00:30:00;571,965;1;SE;Sudeste;UHE;PERFIL
2026-09-25;2026-10-02;2026-10-02 01:00:00;01:00:00;570,494;1;SE;Sudeste;UHE;PERFIL
2026-09-25;2026-10-02;2026-10-02 01:30:00;01:30:00;569,207;1;SE;Sudeste;UHE;PERFIL
2026-09-25;2026-10-02;2026-10-02 02:00:00;02:00:00;568,537;1;SE;Sudeste;UHE;PERFIL
2026-09-25;2026-10-02;2026-10-02 02:30:00;02:30:00;568,109;1;SE;Sudeste;UHE;PERFIL
2026-09-25;2026-10-02;2026-10-02 03:00:00;03:00:00;566,976;1;SE;Sudeste;UHE;PERFIL
2026-09-25;2026-10-02;2026-10-02 03:30:00;03:30:00;565,851;1;SE;Sudeste;UHE;PERFIL
2026-09-25;2026-10-02;2026-10-02 04:00:00;04:00:00;564,035;1;SE;Sudeste;UHE;PERFIL
2026-09-25;2026-10-02;2026-10-02 04:30:00;04:30:00;563,04;1;SE;Sudeste;UHE;PERFIL
2026-09-25;2026-10-02;2026-10-02 05:00:00;05:00:00;561,633;1;SE;Sudeste;UHE;PERFIL
2026-09-25;2026-10-02;2026-10-02 05:30:00;05:30:00;558,76;1;SE;Sudeste;UHE;PERFIL
2026-09-25;2026-10-02;2026-10-02 06:00:00;06:00:00;557,005;1;SE;Sudeste;UHE;PERFIL
2026-09-25;2026-10-02;2026-10-02 06:30:00;06:30:00;556,24;1;SE;Sudeste;UHE;PERFIL
2026-09-25;2026-10-02;2026-10-02 07:00:00;07:00:00;555,217;1;SE;Sudeste;UHE;PERFIL
2026-09-25;2026-10-02;2026-10-02 07:30:00;07:30:00;552,894;1;SE;Sudeste;UHE;PERFIL
2026-09-25;2026-10-02;2026-10-02 08:00:00;08:00:00;550,43;1;SE;Sudeste;UHE;PERFIL
2026-09-25;2026-10-02;2026-10-02 08:30:00;08:30:00;547,921;1;SE;Sudeste;UHE;PERFIL
2026-09-25;2026-10-02;2026-10-02 09:00:00;09:00:00;543,408;1;SE;Sudeste;UHE;PERFIL
2026-09-25;2026-10-02;2026-10-02 09:30:00;09:30:00;541,906;1;SE;Sudeste;UHE;PERFIL
2026-09-25;2026-10-02;2026-10-02 10:00:00;10:00:00;541,318;1;SE;Sudeste;UHE;PERFIL
2026-09-25;2026-10-02;2026-10-02 10:30:00;10:30:00;540,819;1;SE;Sudeste;UHE;PERFIL
2026-09-25;2026-10-02;2026-10-02 11:00:00;11:00:00;540,336;1;SE;Sudeste;UHE;PERFIL
2026-09-25;2026-10-02;2026-10-02 11:30:00;11:30:00;540,232;1;SE;Sudeste;UHE;PERFIL
2026-09-25;2026-10-02;2026-10-02 12:00:00;12:00:00;540,919;1;SE;Sudeste;UHE;PERFIL
2026-09-25;2026-10-02;2026-10-02 12:30:00;12:30:00;542,319;1;SE;Sudeste;UHE;PERFIL
2026-09-25;2026-10-02;2026-10-02 13:00:00;13:00:00;543,721;1;SE;Sudeste;UHE;PERFIL
2026-09-25;2026-10-02;2026-10-02 13:30:00;13:30:00;544,233;1;SE;Sudeste;UHE;PERFIL
2026-09-25;2026-10-02;2026-10-02 14:00:00;14:00:00;545,413;1;SE;Sudeste;UHE;PERFIL
2026-09-25;2026-10-02;2026-10-02 14:30:00;14:30:00;547,559;1;SE;Sudeste;UHE;PERFIL
2026-09-25;2026-10-02;2026-10-02 15:00:00;15:00:00;550,755;1;SE;Sudeste;UHE;PERFIL
2026-09-25;2026-10-02;2026-10-02 15:30:00;15:30:00;553,771;1;SE;Sudeste;UHE;PERFIL
2026-09-25;2026-10-02;2026-10-02 16:00:00;16:00:00;560,781;1;SE;Sudeste;UHE;PERFIL
2026-09-25;2026-10-02;2026-10-02 16:30:00;16:30:00;568,708;1;SE;Sudeste;UHE;PERFIL
2026-09-25;2026-10-02;2026-10-02 17:00:00;17:00:00;574,775;1;SE;Sudeste;UHE;PERFIL
2026-09-25;2026-10-02;2026-10-02 17:30:00;17:30:00;581,164;1;SE;Sudeste;UHE;PERFIL
2026-09-25;2026-10-02;2026-10-02 18:00:00;18:00:00;584,987;1;SE;Sudeste;UHE;PERFIL
2026-09-25;2026-10-02;2026-10-02 18:30:00;18:30:00;587,362;1;SE;Sudeste;UHE;PERFIL
2026-09-25;2026-10-02;2026-10-02 19:00:00;19:00:00;588,268;1;SE;Sudeste;UHE;PERFIL
2026-09-25;2026-10-02;2026-10-02 19:30:00;19:30:00;589,635;1;SE;Sudeste;UHE;PERFIL
2026-09-25;2026-10-02;2026-10-02 20:00:00;20:00:00;590,002;1;SE;Sudeste;UHE;PERFIL
2026-09-25;2026-10-02;2026-10-02 20:30:00;20:30:00;589,802;1;SE;Sudeste;UHE;PERFIL
2026-09-25;2026-10-02;2026-10-02 21:00:00;21:00:00;588,402;1;SE;Sudeste;UHE;PERFIL
2026-09-25;2026-10-02;2026-10-02 21:30:00;21:30:00;587,954;1;SE;Sudeste;UHE;PERFIL
2026-09-25;2026-10-02;2026-10-02 22:00:00;22:00:00;586,443;1;SE;Sudeste;UHE;PERFIL
2026-09-25;2026-10-02;2026-10-02 22:30:00;22:30:00;584,016;1;SE;Sudeste;UHE;PERFIL
2026-09-25;2026-10-02;2026-10-02 23:00:00;23:00:00;581,708;1;SE;Sudeste;UHE;PERFIL
2026-09-25;2026-10-02;2026-10-02 23:30:00;23:30:00;577,687;1;SE;Sudeste;UHE;PERFIL
2026-09-25;2026-09-25;2026-09-25 00:00:00;00:00:00;236,0;4;N;Norte;UTE;DESSEM
2026-09-25;2026-09-25;2026-09-25 00:30:00;00:30:00;236,0;4;N;Norte;UTE;DESSEM
2026-09-25;2026-09-25;2026-09-25 01:00:00;01:00:00;236,0;4;N;Norte;UTE;DESSEM
2026-09-25;2026-09-25;2026-09-25 01:30:00;01:30:00;236,0;4;N;Norte;UTE;DESSEM
2026-09-25;2026-09-25;2026-09-25 02:00:00;02:00:00;237,0;4;N;Norte;UTE;DESSEM
2026-09-25;2026-09-25;2026-09-25 02:30:00;02:30:00;237,0;4;N;Norte;UTE;DESSEM
2026-09-25;2026-09-25;2026-09-25 03:00:00;03:00:00;237,0;4;N;Norte;UTE;DESSEM
2026-09-25;2026-09-25;2026-09-25 03:30:00;03:30:00;237,0;4;N;Norte;UTE;DESSEM
2026-09-25;2026-09-25;2026-09-25 04:00:00;04:00:00;237,0;4;N;Norte;UTE;DESSEM
2026-09-25;2026-09-25;2026-09-25 04:30:00;04:30:00;237,0;4;N;Norte;UTE;DESSEM
2026-09-25;2026-09-25;2026-09-25 05:00:00;05:00:00;237,0;4;N;Norte;UTE;DESSEM
2026-09-25;2026-09-25;2026-09-25 05:30:00;05:30:00;237,0;4;N;Norte;UTE;DESSEM
2026-09-25;2026-09-25;2026-09-25 06:00:00;06:00:00;236,0;4;N;Norte;UTE;DESSEM
2026-09-25;2026-09-25;2026-09-25 06:30:00;06:30:00;236,0;4;N;Norte;UTE;DESSEM
2026-09-25;2026-09-25;2026-09-25 07:00:00;07:00:00;236,0;4;N;Norte;UTE;DESSEM
2026-09-25;2026-09-25;2026-09-25 07:30:00;07:30:00;234,0;4;N;Norte;UTE;DESSEM
2026-09-25;2026-09-25;2026-09-25 08:00:00;08:00:00;233,0;4;N;Norte;UTE;DESSEM
2026-09-25;2026-09-25;2026-09-25 08:30:00;08:30:00;231,0;4;N;Norte;UTE;DESSEM
2026-09-25;2026-09-25;2026-09-25 09:00:00;09:00:00;230,0;4;N;Norte;UTE;DESSEM
2026-09-25;2026-09-25;2026-09-25 09:30:00;09:30:00;230,0;4;N;Norte;UTE;DESSEM
2026-09-25;2026-09-25;2026-09-25 10:00:00;10:00:00;230,0;4;N;Norte;UTE;DESSEM
2026-09-25;2026-09-25;2026-09-25 10:30:00;10:30:00;229,0;4;N;Norte;UTE;DESSEM
2026-09-25;2026-09-25;2026-09-25 11:00:00;11:00:00;229,0;4;N;Norte;UTE;DESSEM
2026-09-25;2026-09-25;2026-09-25 11:30:00;11:30:00;228,0;4;N;Norte;UTE;DESSEM
2026-09-25;2026-09-25;2026-09-25 12:00:00;12:00:00;228,0;4;N;Norte;UTE;DESSEM
2026-09-25;2026-09-25;2026-09-25 12:30:00;12:30:00;229,0;4;N;Norte;UTE;DESSEM
2026-09-25;2026-09-25;2026-09-25 13:00:00;13:00:00;229,0;4;N;Norte;UTE;DESSEM
2026-09-25;2026-09-25;2026-09-25 13:30:00;13:30:00;228,0;4;N;Norte;UTE;DESSEM
2026-09-25;2026-09-25;2026-09-25 14:00:00;14:00:00;228,0;4;N;Norte;UTE;DESSEM
2026-09-25;2026-09-25;2026-09-25 14:30:00;14:30:00;229,0;4;N;Norte;UTE;DESSEM
2026-09-25;2026-09-25;2026-09-25 15:00:00;15:00:00;230,0;4;N;Norte;UTE;DESSEM
2026-09-25;2026-09-25;2026-09-25 15:30:00;15:30:00;230,0;4;N;Norte;UTE;DESSEM
2026-09-25;2026-09-25;2026-09-25 16:00:00;16:00:00;230,0;4;N;Norte;UTE;DESSEM
2026-09-25;2026-09-25;2026-09-25 16:30:00;16:30:00;230,0;4;N;Norte;UTE;DESSEM
2026-09-25;2026-09-25;2026-09-25 17:00:00;17:00:00;231,0;4;N;Norte;UTE;DESSEM
2026-09-25;2026-09-25;2026-09-25 17:30:00;17:30:00;231,0;4;N;Norte;UTE;DESSEM
2026-09-25;2026-09-25;2026-09-25 18:00:00;18:00:00;231,0;4;N;Norte;UTE;DESSEM
2026-09-25;2026-09-25;2026-09-25 18:30:00;18:30:00;231,0;4;N;Norte;UTE;DESSEM
2026-09-25;2026-09-25;2026-09-25 19:00:00;19:00:00;232,0;4;N;Norte;UTE;DESSEM
2026-09-25;2026-09-25;2026-09-25 19:30:00;19:30:00;233,0;4;N;Norte;UTE;DESSEM
2026-09-25;2026-09-25;2026-09-25 20:00:00;20:00:00;234,0;4;N;Norte;UTE;DESSEM
2026-09-25;2026-09-25;2026-09-25 20:30:00;20:30:00;234,0;4;N;Norte;UTE;DESSEM
2026-09-25;2026-09-25;2026-09-25 21:00:00;21:00:00;234,0;4;N;Norte;UTE;DESSEM
2026-09-25;2026-09-25;2026-09-25 21:30:00;21:30:00;234,0;4;N;Norte;UTE;DESSEM
2026-09-25;2026-09-25;2026-09-25 22:00:00;22:00:00;235,0;4;N;Norte;UTE;DESSEM
2026-09-25;2026-09-25;2026-09-25 22:30:00;22:30:00;235,0;4;N;Norte;UTE;DESSEM
2026-09-25;2026-09-25;2026-09-25 23:00:00;23:00:00;236,0;4;N;Norte;UTE;DESSEM
2026-09-25;2026-09-25;2026-09-25 23:30:00;23:30:00;236,0;4;N;Norte;UTE;DESSEM
2026-09-25;2026-09-26;2026-09-26 00:00:00;00:00:00;235,972;4;N;Norte;UTE;PERFIL
2026-09-25;2026-09-26;2026-09-26 00:30:00;00:30:00;236,359;4;N;Norte;UTE;PERFIL
2026-09-25;2026-09-26;2026-09-26 01:00:00;01:00:00;236,359;4;N;Norte;UTE;PERFIL
2026-09-25;2026-09-26;2026-09-26 01:30:00;01:30:00;236,647;4;N;Norte;UTE;PERFIL
2026-09-25;2026-09-26;2026-09-26 02:00:00;02:00:00;237,438;4;N;Norte;UTE;PERFIL
2026-09-25;2026-09-26;2026-09-26 02:30:00;02:30:00;237,438;4;N;Norte;UTE;PERFIL
2026-09-25;2026-09-26;2026-09-26 03:00:00;03:00:00;237,684;4;N;Norte;UTE;PERFIL
2026-09-25;2026-09-26;2026-09-26 03:30:00;03:30:00;237,684;4;N;Norte;UTE;PERFIL
2026-09-25;2026-09-26;2026-09-26 04:00:00;04:00:00;237,684;4;N;Norte;UTE;PERFIL
2026-09-25;2026-09-26;2026-09-26 04:30:00;04:30:00;237,684;4;N;Norte;UTE;PERFIL
2026-09-25;2026-09-26;2026-09-26 05:00:00;05:00:00;237,755;4;N;Norte;UTE;PERFIL
2026-09-25;2026-09-26;2026-09-26 05:30:00;05:30:00;237,438;4;N;Norte;UTE;PERFIL
2026-09-25;2026-09-26;2026-09-26 06:00:00;06:00:00;236,538;4;N;Norte;UTE;PERFIL
2026-09-25;2026-09-26;2026-09-26 06:30:00;06:30:00;235,972;4;N;Norte;UTE;PERFIL
2026-09-25;2026-09-26;2026-09-26 07:00:00;07:00:00;235,9;4;N;Norte;UTE;PERFIL
2026-09-25;2026-09-26;2026-09-26 07:30:00;07:30:00;234,0;4;N;Norte;UTE;PERFIL
2026-09-25;2026-09-26;2026-09-26 08:00:00;08:00:00;232,854;4;N;Norte;UTE;PERFIL
2026-09-25;2026-09-26;2026-09-26 08:30:00;08:30:00;230,883;4;N;Norte;UTE;PERFIL
2026-09-25;2026-09-26;2026-09-26 09:00:00;09:00:00;229,984;4;N;Norte;UTE;PERFIL
2026-09-25;2026-09-26;2026-09-26 09:30:00;09:30:00;229,594;4;N;Norte;UTE;PERFIL
2026-09-25;2026-09-26;2026-09-26 10:00:00;10:00:00;229,594;4;N;Norte;UTE;PERFIL
2026-09-25;2026-09-26;2026-09-26 10:30:00;10:30:00;228,803;4;N;Norte;UTE;PERFIL
2026-09-25;2026-09-26;2026-09-26 11:00:00;11:00:00;228,732;4;N;Norte;UTE;PERFIL
2026-09-25;2026-09-26;2026-09-26 11:30:00;11:30:00;228,625;4;N;Norte;UTE;PERFIL
2026-09-25;2026-09-26;2026-09-26 12:00:00;12:00:00;228,414;4;N;Norte;UTE;PERFIL
2026-09-25;2026-09-26;2026-09-26 12:30:00;12:30:00;228,592;4;N;Norte;UTE;PERFIL
2026-09-25;2026-09-26;2026-09-26 13:00:00;13:00:00;228,592;4;N;Norte;UTE;PERFIL
2026-09-25;2026-09-26;2026-09-26 13:30:00;13:30:00;228,414;4;N;Norte;UTE;PERFIL
2026-09-25;2026-09-26;2026-09-26 14:00:00;14:00:00;228,414;4;N;Norte;UTE;PERFIL
2026-09-25;2026-09-26;2026-09-26 14:30:00;14:30:00;228,346;4;N;Norte;UTE;PERFIL
2026-09-25;2026-09-26;2026-09-26 15:00:00;15:00:00;229,316;4;N;Norte;UTE;PERFIL
2026-09-25;2026-09-26;2026-09-26 15:30:00;15:30:00;229,316;4;N;Norte;UTE;PERFIL
2026-09-25;2026-09-26;2026-09-26 16:00:00;16:00:00;229,562;4;N;Norte;UTE;PERFIL
2026-09-25;2026-09-26;2026-09-26 16:30:00;16:30:00;229,562;4;N;Norte;UTE;PERFIL
2026-09-25;2026-09-26;2026-09-26 17:00:00;17:00:00;230,564;4;N;Norte;UTE;PERFIL
2026-09-25;2026-09-26;2026-09-26 17:30:00;17:30:00;230,564;4;N;Norte;UTE;PERFIL
2026-09-25;2026-09-26;2026-09-26 18:00:00;18:00:00;230,564;4;N;Norte;UTE;PERFIL
2026-09-25;2026-09-26;2026-09-26 18:30:00;18:30:00;230,922;4;N;Norte;UTE;PERFIL
2026-09-25;2026-09-26;2026-09-26 19:00:00;19:00:00;231,782;4;N;Norte;UTE;PERFIL
2026-09-25;2026-09-26;2026-09-26 19:30:00;19:30:00;232,643;4;N;Norte;UTE;PERFIL
2026-09-25;2026-09-26;2026-09-26 20:00:00;20:00:00;233,645;4;N;Norte;UTE;PERFIL
2026-09-25;2026-09-26;2026-09-26 20:30:00;20:30:00;233,752;4;N;Norte;UTE;PERFIL
2026-09-25;2026-09-26;2026-09-26 21:00:00;21:00:00;233,752;4;N;Norte;UTE;PERFIL
2026-09-25;2026-09-26;2026-09-26 21:30:00;21:30:00;234,0;4;N;Norte;UTE;PERFIL
2026-09-25;2026-09-26;2026-09-26 22:00:00;22:00:00;234,79;4;N;Norte;UTE;PERFIL
2026-09-25;2026-09-26;2026-09-26 22:30:00;22:30:00;235,001;4;N;Norte;UTE;PERFIL
2026-09-25;2026-09-26;2026-09-26 23:00:00;23:00:00;235,9;4;N;Norte;UTE;PERFIL
2026-09-25;2026-09-26;2026-09-26 23:30:00;23:30:00;235,972;4;N;Norte;UTE;PERFIL
2026-09-25;2026-09-27;2026-09-27 00:00:00;00:00:00;235,972;4;N;Norte;UTE;PERFIL
2026-09-25;2026-09-27;2026-09-27 00:30:00;00:30:00;236,359;4;N;Norte;UTE;PERFIL
2026-09-25;2026-09-27;2026-09-27 01:00:00;01:00:00;236,359;4;N;Norte;UTE;PERFIL
2026-09-25;2026-09-27;2026-09-27 01:30:00;01:30:00;236,647;4;N;Norte;UTE;PERFIL
2026-09-25;2026-09-27;2026-09-27 02:00:00;02:00:00;237,438;4;N;Norte;UTE;PERFIL
2026-09-25;2026-09-27;2026-09-27 02:30:00;02:30:00;237,438;4;N;Norte;UTE;PERFIL
2026-09-25;2026-09-27;2026-09-27 03:00:00;03:00:00;237,684;4;N;Norte;UTE;PERFIL
2026-09-25;2026-09-27;2026-09-27 03:30:00;03:30:00;237,684;4;N;Norte;UTE;PERFIL
2026-09-25;2026-09-27;2026-09-27 04:00:00;04:00:00;237,684;4;N;Norte;UTE;PERFIL
2026-09-25;2026-09-27;2026-09-27 04:30:00;04:30:00;237,684;4;N;Norte;UTE;PERFIL
2026-09-25;2026-09-27;2026-09-27 05:00:00;05:00:00;237,755;4;N;Norte;UTE;PERFIL
2026-09-25;2026-09-27;2026-09-27 05:30:00;05:30:00;237,438;4;N;Norte;UTE;PERFIL
2026-09-25;2026-09-27;2026-09-27 06:00:00;06:00:00;236,538;4;N;Norte;UTE;PERFIL
2026-09-25;2026-09-27;2026-09-27 06:30:00;06:30:00;235,972;4;N;Norte;UTE;PERFIL
2026-09-25;2026-09-27;2026-09-27 07:00:00;07:00:00;235,9;4;N;Norte;UTE;PERFIL
2026-09-25;2026-09-27;2026-09-27 07:30:00;07:30:00;234,0;4;N;Norte;UTE;PERFIL
2026-09-25;2026-09-27;2026-09-27 08:00:00;08:00:00;232,854;4;N;Norte;UTE;PERFIL
2026-09-25;2026-09-27;2026-09-27 08:30:00;08:30:00;230,883;4;N;Norte;UTE;PERFIL
2026-09-25;2026-09-27;2026-09-27 09:00:00;09:00:00;229,984;4;N;Norte;UTE;PERFIL
2026-09-25;2026-09-27;2026-09-27 09:30:00;09:30:00;229,594;4;N;Norte;UTE;PERFIL
2026-09-25;2026-09-27;2026-09-27 10:00:00;10:00:00;229,594;4;N;Norte;UTE;PERFIL
2026-09-25;2026-09-27;2026-09-27 10:30:00;10:30:00;228,803;4;N;Norte;UTE;PERFIL
2026-09-25;2026-09-27;2026-09-27 11:00:00;11:00:00;228,732;4;N;Norte;UTE;PERFIL
2026-09-25;2026-09-27;2026-09-27 11:30:00;11:30:00;228,625;4;N;Norte;UTE;PERFIL
2026-09-25;2026-09-27;2026-09-27 12:00:00;12:00:00;228,414;4;N;Norte;UTE;PERFIL
2026-09-25;2026-09-27;2026-09-27 12:30:00;12:30:00;228,592;4;N;Norte;UTE;PERFIL
2026-09-25;2026-09-27;2026-09-27 13:00:00;13:00:00;228,592;4;N;Norte;UTE;PERFIL
2026-09-25;2026-09-27;2026-09-27 13:30:00;13:30:00;228,414;4;N;Norte;UTE;PERFIL
2026-09-25;2026-09-27;2026-09-27 14:00:00;14:00:00;228,414;4;N;Norte;UTE;PERFIL
2026-09-25;2026-09-27;2026-09-27 14:30:00;14:30:00;228,346;4;N;Norte;UTE;PERFIL
2026-09-25;2026-09-27;2026-09-27 15:00:00;15:00:00;229,316;4;N;Norte;UTE;PERFIL
2026-09-25;2026-09-27;2026-09-27 15:30:00;15:30:00;229,316;4;N;Norte;UTE;PERFIL
2026-09-25;2026-09-27;2026-09-27 16:00:00;16:00:00;229,562;4;N;Norte;UTE;PERFIL
2026-09-25;2026-09-27;2026-09-27 16:30:00;16:30:00;229,562;4;N;Norte;UTE;PERFIL
2026-09-25;2026-09-27;2026-09-27 17:00:00;17:00:00;230,564;4;N;Norte;UTE;PERFIL
2026-09-25;2026-09-27;2026-09-27 17:30:00;17:30:00;230,564;4;N;Norte;UTE;PERFIL
2026-09-25;2026-09-27;2026-09-27 18:00:00;18:00:00;230,564;4;N;Norte;UTE;PERFIL
2026-09-25;2026-09-27;2026-09-27 18:30:00;18:30:00;230,922;4;N;Norte;UTE;PERFIL
2026-09-25;2026-09-27;2026-09-27 19:00:00;19:00:00;231,782;4;N;Norte;UTE;PERFIL
2026-09-25;2026-09-27;2026-09-27 19:30:00;19:30:00;232,643;4;N;Norte;UTE;PERFIL
2026-09-25;2026-09-27;2026-09-27 20:00:00;20:00:00;233,645;4;N;Norte;UTE;PERFIL
2026-09-25;2026-09-27;2026-09-27 20:30:00;20:30:00;233,752;4;N;Norte;UTE;PERFIL
2026-09-25;2026-09-27;2026-09-27 21:00:00;21:00:00;233,752;4;N;Norte;UTE;PERFIL
2026-09-25;2026-09-27;2026-09-27 21:30:00;21:30:00;234,0;4;N;Norte;UTE;PERFIL
2026-09-25;2026-09-27;2026-09-27 22:00:00;22:00:00;234,79;4;N;Norte;UTE;PERFIL
2026-09-25;2026-09-27;2026-09-27 22:30:00;22:30:00;235,001;4;N;Norte;UTE;PERFIL
2026-09-25;2026-09-27;2026-09-27 23:00:00;23:00:00;235,9;4;N;Norte;UTE;PERFIL
2026-09-25;2026-09-27;2026-09-27 23:30:00;23:30:00;235,972;4;N;Norte;UTE;PERFIL
2026-09-25;2026-09-28;2026-09-28 00:00:00;00:00:00;235,972;4;N;Norte;UTE;PERFIL
2026-09-25;2026-09-28;2026-09-28 00:30:00;00:30:00;236,359;4;N;Norte;UTE;PERFIL
2026-09-25;2026-09-28;2026-09-28 01:00:00;01:00:00;236,359;4;N;Norte;UTE;PERFIL
2026-09-25;2026-09-28;2026-09-28 01:30:00;01:30:00;236,647;4;N;Norte;UTE;PERFIL
2026-09-25;2026-09-28;2026-09-28 02:00:00;02:00:00;237,438;4;N;Norte;UTE;PERFIL
2026-09-25;2026-09-28;2026-09-28 02:30:00;02:30:00;237,438;4;N;Norte;UTE;PERFIL
2026-09-25;2026-09-28;2026-09-28 03:00:00;03:00:00;237,684;4;N;Norte;UTE;PERFIL
2026-09-25;2026-09-28;2026-09-28 03:30:00;03:30:00;237,684;4;N;Norte;UTE;PERFIL
2026-09-25;2026-09-28;2026-09-28 04:00:00;04:00:00;237,684;4;N;Norte;UTE;PERFIL
2026-09-25;2026-09-28;2026-09-28 04:30:00;04:30:00;237,684;4;N;Norte;UTE;PERFIL
2026-09-25;2026-09-28;2026-09-28 05:00:00;05:00:00;237,755;4;N;Norte;UTE;PERFIL
2026-09-25;2026-09-28;2026-09-28 05:30:00;05:30:00;237,438;4;N;Norte;UTE;PERFIL
2026-09-25;2026-09-28;2026-09-28 06:00:00;06:00:00;236,538;4;N;Norte;UTE;PERFIL
2026-09-25;2026-09-28;2026-09-28 06:30:00;06:30:00;235,972;4;N;Norte;UTE;PERFIL
2026-09-25;2026-09-28;2026-09-28 07:00:00;07:00:00;235,9;4;N;Norte;UTE;PERFIL
2026-09-25;2026-09-28;2026-09-28 07:30:00;07:30:00;234,0;4;N;Norte;UTE;PERFIL
2026-09-25;2026-09-28;2026-09-28 08:00:00;08:00:00;232,854;4;N;Norte;UTE;PERFIL
2026-09-25;2026-09-28;2026-09-28 08:30:00;08:30:00;230,883;4;N;Norte;UTE;PERFIL
2026-09-25;2026-09-28;2026-09-28 09:00:00;09:00:00;229,984;4;N;Norte;UTE;PERFIL
2026-09-25;2026-09-28;2026-09-28 09:30:00;09:30:00;229,594;4;N;Norte;UTE;PERFIL
2026-09-25;2026-09-28;2026-09-28 10:00:00;10:00:00;229,594;4;N;Norte;UTE;PERFIL
2026-09-25;2026-09-28;2026-09-28 10:30:00;10:30:00;228,803;4;N;Norte;UTE;PERFIL
2026-09-25;2026-09-28;2026-09-28 11:00:00;11:00:00;228,732;4;N;Norte;UTE;PERFIL
2026-09-25;2026-09-28;2026-09-28 11:30:00;11:30:00;228,625;4;N;Norte;UTE;PERFIL
2026-09-25;2026-09-28;2026-09-28 12:00:00;12:00:00;228,414;4;N;Norte;UTE;PERFIL
2026-09-25;2026-09-28;2026-09-28 12:30:00;12:30:00;228,592;4;N;Norte;UTE;PERFIL
2026-09-25;2026-09-28;2026-09-28 13:00:00;13:00:00;228,592;4;N;Norte;UTE;PERFIL
2026-09-25;2026-09-28;2026-09-28 13:30:00;13:30:00;228,414;4;N;Norte;UTE;PERFIL
2026-09-25;2026-09-28;2026-09-28 14:00:00;14:00:00;228,414;4;N;Norte;UTE;PERFIL
2026-09-25;2026-09-28;2026-09-28 14:30:00;14:30:00;228,346;4;N;Norte;UTE;PERFIL
2026-09-25;2026-09-28;2026-09-28 15:00:00;15:00:00;229,316;4;N;Norte;UTE;PERFIL
2026-09-25;2026-09-28;2026-09-28 15:30:00;15:30:00;229,316;4;N;Norte;UTE;PERFIL
2026-09-25;2026-09-28;2026-09-28 16:00:00;16:00:00;229,562;4;N;Norte;UTE;PERFIL
2026-09-25;2026-09-28;2026-09-28 16:30:00;16:30:00;229,562;4;N;Norte;UTE;PERFIL
2026-09-25;2026-09-28;2026-09-28 17:00:00;17:00:00;230,564;4;N;Norte;UTE;PERFIL
2026-09-25;2026-09-28;2026-09-28 17:30:00;17:30:00;230,564;4;N;Norte;UTE;PERFIL
2026-09-25;2026-09-28;2026-09-28 18:00:00;18:00:00;230,564;4;N;Norte;UTE;PERFIL
2026-09-25;2026-09-28;2026-09-28 18:30:00;18:30:00;230,922;4;N;Norte;UTE;PERFIL
2026-09-25;2026-09-28;2026-09-28 19:00:00;19:00:00;231,782;4;N;Norte;UTE;PERFIL
2026-09-25;2026-09-28;2026-09-28 19:30:00;19:30:00;232,643;4;N;Norte;UTE;PERFIL
2026-09-25;2026-09-28;2026-09-28 20:00:00;20:00:00;233,645;4;N;Norte;UTE;PERFIL
2026-09-25;2026-09-28;2026-09-28 20:30:00;20:30:00;233,752;4;N;Norte;UTE;PERFIL
2026-09-25;2026-09-28;2026-09-28 21:00:00;21:00:00;233,752;4;N;Norte;UTE;PERFIL
2026-09-25;2026-09-28;2026-09-28 21:30:00;21:30:00;234,0;4;N;Norte;UTE;PERFIL
2026-09-25;2026-09-28;2026-09-28 22:00:00;22:00:00;234,79;4;N;Norte;UTE;PERFIL
2026-09-25;2026-09-28;2026-09-28 22:30:00;22:30:00;235,001;4;N;Norte;UTE;PERFIL
2026-09-25;2026-09-28;2026-09-28 23:00:00;23:00:00;235,9;4;N;Norte;UTE;PERFIL
2026-09-25;2026-09-28;2026-09-28 23:30:00;23:30:00;235,972;4;N;Norte;UTE;PERFIL
2026-09-25;2026-09-29;2026-09-29 00:00:00;00:00:00;235,972;4;N;Norte;UTE;PERFIL
2026-09-25;2026-09-29;2026-09-29 00:30:00;00:30:00;236,359;4;N;Norte;UTE;PERFIL
2026-09-25;2026-09-29;2026-09-29 01:00:00;01:00:00;236,359;4;N;Norte;UTE;PERFIL
2026-09-25;2026-09-29;2026-09-29 01:30:00;01:30:00;236,647;4;N;Norte;UTE;PERFIL
2026-09-25;2026-09-29;2026-09-29 02:00:00;02:00:00;237,438;4;N;Norte;UTE;PERFIL
2026-09-25;2026-09-29;2026-09-29 02:30:00;02:30:00;237,438;4;N;Norte;UTE;PERFIL
2026-09-25;2026-09-29;2026-09-29 03:00:00;03:00:00;237,684;4;N;Norte;UTE;PERFIL
2026-09-25;2026-09-29;2026-09-29 03:30:00;03:30:00;237,684;4;N;Norte;UTE;PERFIL
2026-09-25;2026-09-29;2026-09-29 04:00:00;04:00:00;237,684;4;N;Norte;UTE;PERFIL
2026-09-25;2026-09-29;2026-09-29 04:30:00;04:30:00;237,684;4;N;Norte;UTE;PERFIL
2026-09-25;2026-09-29;2026-09-29 05:00:00;05:00:00;237,755;4;N;Norte;UTE;PERFIL
2026-09-25;2026-09-29;2026-09-29 05:30:00;05:30:00;237,438;4;N;Norte;UTE;PERFIL
2026-09-25;2026-09-29;2026-09-29 06:00:00;06:00:00;236,538;4;N;Norte;UTE;PERFIL
2026-09-25;2026-09-29;2026-09-29 06:30:00;06:30:00;235,972;4;N;Norte;UTE;PERFIL
2026-09-25;2026-09-29;2026-09-29 07:00:00;07:00:00;235,9;4;N;Norte;UTE;PERFIL
2026-09-25;2026-09-29;2026-09-29 07:30:00;07:30:00;234,0;4;N;Norte;UTE;PERFIL
2026-09-25;2026-09-29;2026-09-29 08:00:00;08:00:00;232,854;4;N;Norte;UTE;PERFIL
2026-09-25;2026-09-29;2026-09-29 08:30:00;08:30:00;230,883;4;N;Norte;UTE;PERFIL
2026-09-25;2026-09-29;2026-09-29 09:00:00;09:00:00;229,984;4;N;Norte;UTE;PERFIL
2026-09-25;2026-09-29;2026-09-29 09:30:00;09:30:00;229,594;4;N;Norte;UTE;PERFIL
2026-09-25;2026-09-29;2026-09-29 10:00:00;10:00:00;229,594;4;N;Norte;UTE;PERFIL
2026-09-25;2026-09-29;2026-09-29 10:30:00;10:30:00;228,803;4;N;Norte;UTE;PERFIL
2026-09-25;2026-09-29;2026-09-29 11:00:00;11:00:00;228,732;4;N;Norte;UTE;PERFIL
2026-09-25;2026-09-29;2026-09-29 11:30:00;11:30:00;228,625;4;N;Norte;UTE;PERFIL
2026-09-25;2026-09-29;2026-09-29 12:00:00;12:00:00;228,414;4;N;Norte;UTE;PERFIL
2026-09-25;2026-09-29;2026-09-29 12:30:00;12:30:00;228,592;4;N;Norte;UTE;PERFIL
2026-09-25;2026-09-29;2026-09-29 13:00:00;13:00:00;228,592;4;N;Norte;UTE;PERFIL
2026-09-25;2026-09-29;2026-09-29 13:30:00;13:30:00;228,414;4;N;Norte;UTE;PERFIL
2026-09-25;2026-09-29;2026-09-29 14:00:00;14:00:00;228,414;4;N;Norte;UTE;PERFIL
2026-09-25;2026-09-29;2026-09-29 14:30:00;14:30:00;228,346;4;N;Norte;UTE;PERFIL
2026-09-25;2026-09-29;2026-09-29 15:00:00;15:00:00;229,316;4;N;Norte;UTE;PERFIL
2026-09-25;2026-09-29;2026-09-29 15:30:00;15:30:00;229,316;4;N;Norte;UTE;PERFIL
2026-09-25;2026-09-29;2026-09-29 16:00:00;16:00:00;229,562;4;N;Norte;UTE;PERFIL
2026-09-25;2026-09-29;2026-09-29 16:30:00;16:30:00;229,562;4;N;Norte;UTE;PERFIL
2026-09-25;2026-09-29;2026-09-29 17:00:00;17:00:00;230,564;4;N;Norte;UTE;PERFIL
2026-09-25;2026-09-29;2026-09-29 17:30:00;17:30:00;230,564;4;N;Norte;UTE;PERFIL
2026-09-25;2026-09-29;2026-09-29 18:00:00;18:00:00;230,564;4;N;Norte;UTE;PERFIL
2026-09-25;2026-09-29;2026-09-29 18:30:00;18:30:00;230,922;4;N;Norte;UTE;PERFIL
2026-09-25;2026-09-29;2026-09-29 19:00:00;19:00:00;231,782;4;N;Norte;UTE;PERFIL
2026-09-25;2026-09-29;2026-09-29 19:30:00;19:30:00;232,643;4;N;Norte;UTE;PERFIL
2026-09-25;2026-09-29;2026-09-29 20:00:00;20:00:00;233,645;4;N;Norte;UTE;PERFIL
2026-09-25;2026-09-29;2026-09-29 20:30:00;20:30:00;233,752;4;N;Norte;UTE;PERFIL
2026-09-25;2026-09-29;2026-09-29 21:00:00;21:00:00;233,752;4;N;Norte;UTE;PERFIL
2026-09-25;2026-09-29;2026-09-29 21:30:00;21:30:00;234,0;4;N;Norte;UTE;PERFIL
2026-09-25;2026-09-29;2026-09-29 22:00:00;22:00:00;234,79;4;N;Norte;UTE;PERFIL
2026-09-25;2026-09-29;2026-09-29 22:30:00;22:30:00;235,001;4;N;Norte;UTE;PERFIL
2026-09-25;2026-09-29;2026-09-29 23:00:00;23:00:00;235,9;4;N;Norte;UTE;PERFIL
2026-09-25;2026-09-29;2026-09-29 23:30:00;23:30:00;235,972;4;N;Norte;UTE;PERFIL
2026-09-25;2026-09-30;2026-09-30 00:00:00;00:00:00;235,972;4;N;Norte;UTE;PERFIL
2026-09-25;2026-09-30;2026-09-30 00:30:00;00:30:00;236,359;4;N;Norte;UTE;PERFIL
2026-09-25;2026-09-30;2026-09-30 01:00:00;01:00:00;236,359;4;N;Norte;UTE;PERFIL
2026-09-25;2026-09-30;2026-09-30 01:30:00;01:30:00;236,647;4;N;Norte;UTE;PERFIL
2026-09-25;2026-09-30;2026-09-30 02:00:00;02:00:00;237,438;4;N;Norte;UTE;PERFIL
2026-09-25;2026-09-30;2026-09-30 02:30:00;02:30:00;237,438;4;N;Norte;UTE;PERFIL
2026-09-25;2026-09-30;2026-09-30 03:00:00;03:00:00;237,684;4;N;Norte;UTE;PERFIL
2026-09-25;2026-09-30;2026-09-30 03:30:00;03:30:00;237,684;4;N;Norte;UTE;PERFIL
2026-09-25;2026-09-30;2026-09-30 04:00:00;04:00:00;237,684;4;N;Norte;UTE;PERFIL
2026-09-25;2026-09-30;2026-09-30 04:30:00;04:30:00;237,684;4;N;Norte;UTE;PERFIL
2026-09-25;2026-09-30;2026-09-30 05:00:00;05:00:00;237,755;4;N;Norte;UTE;PERFIL
2026-09-25;2026-09-30;2026-09-30 05:30:00;05:30:00;237,438;4;N;Norte;UTE;PERFIL
2026-09-25;2026-09-30;2026-09-30 06:00:00;06:00:00;236,538;4;N;Norte;UTE;PERFIL
2026-09-25;2026-09-30;2026-09-30 06:30:00;06:30:00;235,972;4;N;Norte;UTE;PERFIL
2026-09-25;2026-09-30;2026-09-30 07:00:00;07:00:00;235,9;4;N;Norte;UTE;PERFIL
2026-09-25;2026-09-30;2026-09-30 07:30:00;07:30:00;234,0;4;N;Norte;UTE;PERFIL
2026-09-25;2026-09-30;2026-09-30 08:00:00;08:00:00;232,854;4;N;Norte;UTE;PERFIL
2026-09-25;2026-09-30;2026-09-30 08:30:00;08:30:00;230,883;4;N;Norte;UTE;PERFIL
2026-09-25;2026-09-30;2026-09-30 09:00:00;09:00:00;229,984;4;N;Norte;UTE;PERFIL
2026-09-25;2026-09-30;2026-09-30 09:30:00;09:30:00;229,594;4;N;Norte;UTE;PERFIL
2026-09-25;2026-09-30;2026-09-30 10:00:00;10:00:00;229,594;4;N;Norte;UTE;PERFIL
2026-09-25;2026-09-30;2026-09-30 10:30:00;10:30:00;228,803;4;N;Norte;UTE;PERFIL
2026-09-25;2026-09-30;2026-09-30 11:00:00;11:00:00;228,732;4;N;Norte;UTE;PERFIL
2026-09-25;2026-09-30;2026-09-30 11:30:00;11:30:00;228,625;4;N;Norte;UTE;PERFIL
2026-09-25;2026-09-30;2026-09-30 12:00:00;12:00:00;228,414;4;N;Norte;UTE;PERFIL
2026-09-25;2026-09-30;2026-09-30 12:30:00;12:30:00;228,592;4;N;Norte;UTE;PERFIL
2026-09-25;2026-09-30;2026-09-30 13:00:00;13:00:00;228,592;4;N;Norte;UTE;PERFIL
2026-09-25;2026-09-30;2026-09-30 13:30:00;13:30:00;228,414;4;N;Norte;UTE;PERFIL
2026-09-25;2026-09-30;2026-09-30 14:00:00;14:00:00;228,414;4;N;Norte;UTE;PERFIL
2026-09-25;2026-09-30;2026-09-30 14:30:00;14:30:00;228,346;4;N;Norte;UTE;PERFIL
2026-09-25;2026-09-30;2026-09-30 15:00:00;15:00:00;229,316;4;N;Norte;UTE;PERFIL
2026-09-25;2026-09-30;2026-09-30 15:30:00;15:30:00;229,316;4;N;Norte;UTE;PERFIL
2026-09-25;2026-09-30;2026-09-30 16:00:00;16:00:00;229,562;4;N;Norte;UTE;PERFIL
2026-09-25;2026-09-30;2026-09-30 16:30:00;16:30:00;229,562;4;N;Norte;UTE;PERFIL
2026-09-25;2026-09-30;2026-09-30 17:00:00;17:00:00;230,564;4;N;Norte;UTE;PERFIL
2026-09-25;2026-09-30;2026-09-30 17:30:00;17:30:00;230,564;4;N;Norte;UTE;PERFIL
2026-09-25;2026-09-30;2026-09-30 18:00:00;18:00:00;230,564;4;N;Norte;UTE;PERFIL
2026-09-25;2026-09-30;2026-09-30 18:30:00;18:30:00;230,922;4;N;Norte;UTE;PERFIL
2026-09-25;2026-09-30;2026-09-30 19:00:00;19:00:00;231,782;4;N;Norte;UTE;PERFIL
2026-09-25;2026-09-30;2026-09-30 19:30:00;19:30:00;232,643;4;N;Norte;UTE;PERFIL
2026-09-25;2026-09-30;2026-09-30 20:00:00;20:00:00;233,645;4;N;Norte;UTE;PERFIL
2026-09-25;2026-09-30;2026-09-30 20:30:00;20:30:00;233,752;4;N;Norte;UTE;PERFIL
2026-09-25;2026-09-30;2026-09-30 21:00:00;21:00:00;233,752;4;N;Norte;UTE;PERFIL
2026-09-25;2026-09-30;2026-09-30 21:30:00;21:30:00;234,0;4;N;Norte;UTE;PERFIL
2026-09-25;2026-09-30;2026-09-30 22:00:00;22:00:00;234,79;4;N;Norte;UTE;PERFIL
2026-09-25;2026-09-30;2026-09-30 22:30:00;22:30:00;235,001;4;N;Norte;UTE;PERFIL
2026-09-25;2026-09-30;2026-09-30 23:00:00;23:00:00;235,9;4;N;Norte;UTE;PERFIL
2026-09-25;2026-09-30;2026-09-30 23:30:00;23:30:00;235,972;4;N;Norte;UTE;PERFIL
2026-09-25;2026-10-01;2026-10-01 00:00:00;00:00:00;235,972;4;N;Norte;UTE;PERFIL
2026-09-25;2026-10-01;2026-10-01 00:30:00;00:30:00;236,359;4;N;Norte;UTE;PERFIL
2026-09-25;2026-10-01;2026-10-01 01:00:00;01:00:00;236,359;4;N;Norte;UTE;PERFIL
2026-09-25;2026-10-01;2026-10-01 01:30:00;01:30:00;236,647;4;N;Norte;UTE;PERFIL
2026-09-25;2026-10-01;2026-10-01 02:00:00;02:00:00;237,438;4;N;Norte;UTE;PERFIL
2026-09-25;2026-10-01;2026-10-01 02:30:00;02:30:00;237,438;4;N;Norte;UTE;PERFIL
2026-09-25;2026-10-01;2026-10-01 03:00:00;03:00:00;237,684;4;N;Norte;UTE;PERFIL
2026-09-25;2026-10-01;2026-10-01 03:30:00;03:30:00;237,684;4;N;Norte;UTE;PERFIL
2026-09-25;2026-10-01;2026-10-01 04:00:00;04:00:00;237,684;4;N;Norte;UTE;PERFIL
2026-09-25;2026-10-01;2026-10-01 04:30:00;04:30:00;237,684;4;N;Norte;UTE;PERFIL
2026-09-25;2026-10-01;2026-10-01 05:00:00;05:00:00;237,755;4;N;Norte;UTE;PERFIL
2026-09-25;2026-10-01;2026-10-01 05:30:00;05:30:00;237,438;4;N;Norte;UTE;PERFIL
2026-09-25;2026-10-01;2026-10-01 06:00:00;06:00:00;236,538;4;N;Norte;UTE;PERFIL
2026-09-25;2026-10-01;2026-10-01 06:30:00;06:30:00;235,972;4;N;Norte;UTE;PERFIL
2026-09-25;2026-10-01;2026-10-01 07:00:00;07:00:00;235,9;4;N;Norte;UTE;PERFIL
2026-09-25;2026-10-01;2026-10-01 07:30:00;07:30:00;234,0;4;N;Norte;UTE;PERFIL
2026-09-25;2026-10-01;2026-10-01 08:00:00;08:00:00;232,854;4;N;Norte;UTE;PERFIL
2026-09-25;2026-10-01;2026-10-01 08:30:00;08:30:00;230,883;4;N;Norte;UTE;PERFIL
2026-09-25;2026-10-01;2026-10-01 09:00:00;09:00:00;229,984;4;N;Norte;UTE;PERFIL
2026-09-25;2026-10-01;2026-10-01 09:30:00;09:30:00;229,594;4;N;Norte;UTE;PERFIL
2026-09-25;2026-10-01;2026-10-01 10:00:00;10:00:00;229,594;4;N;Norte;UTE;PERFIL
2026-09-25;2026-10-01;2026-10-01 10:30:00;10:30:00;228,803;4;N;Norte;UTE;PERFIL
2026-09-25;2026-10-01;2026-10-01 11:00:00;11:00:00;228,732;4;N;Norte;UTE;PERFIL
2026-09-25;2026-10-01;2026-10-01 11:30:00;11:30:00;228,625;4;N;Norte;UTE;PERFIL
2026-09-25;2026-10-01;2026-10-01 12:00:00;12:00:00;228,414;4;N;Norte;UTE;PERFIL
2026-09-25;2026-10-01;2026-10-01 12:30:00;12:30:00;228,592;4;N;Norte;UTE;PERFIL
2026-09-25;2026-10-01;2026-10-01 13:00:00;13:00:00;228,592;4;N;Norte;UTE;PERFIL
2026-09-25;2026-10-01;2026-10-01 13:30:00;13:30:00;228,414;4;N;Norte;UTE;PERFIL
2026-09-25;2026-10-01;2026-10-01 14:00:00;14:00:00;228,414;4;N;Norte;UTE;PERFIL
2026-09-25;2026-10-01;2026-10-01 14:30:00;14:30:00;228,346;4;N;Norte;UTE;PERFIL
2026-09-25;2026-10-01;2026-10-01 15:00:00;15:00:00;229,316;4;N;Norte;UTE;PERFIL
2026-09-25;2026-10-01;2026-10-01 15:30:00;15:30:00;229,316;4;N;Norte;UTE;PERFIL
2026-09-25;2026-10-01;2026-10-01 16:00:00;16:00:00;229,562;4;N;Norte;UTE;PERFIL
2026-09-25;2026-10-01;2026-10-01 16:30:00;16:30:00;229,562;4;N;Norte;UTE;PERFIL
2026-09-25;2026-10-01;2026-10-01 17:00:00;17:00:00;230,564;4;N;Norte;UTE;PERFIL
2026-09-25;2026-10-01;2026-10-01 17:30:00;17:30:00;230,564;4;N;Norte;UTE;PERFIL
2026-09-25;2026-10-01;2026-10-01 18:00:00;18:00:00;230,564;4;N;Norte;UTE;PERFIL
2026-09-25;2026-10-01;2026-10-01 18:30:00;18:30:00;230,922;4;N;Norte;UTE;PERFIL
2026-09-25;2026-10-01;2026-10-01 19:00:00;19:00:00;231,782;4;N;Norte;UTE;PERFIL
2026-09-25;2026-10-01;2026-10-01 19:30:00;19:30:00;232,643;4;N;Norte;UTE;PERFIL
2026-09-25;2026-10-01;2026-10-01 20:00:00;20:00:00;233,645;4;N;Norte;UTE;PERFIL
2026-09-25;2026-10-01;2026-10-01 20:30:00;20:30:00;233,752;4;N;Norte;UTE;PERFIL
2026-09-25;2026-10-01;2026-10-01 21:00:00;21:00:00;233,752;4;N;Norte;UTE;PERFIL
2026-09-25;2026-10-01;2026-10-01 21:30:00;21:30:00;234,0;4;N;Norte;UTE;PERFIL
2026-09-25;2026-10-01;2026-10-01 22:00:00;22:00:00;234,79;4;N;Norte;UTE;PERFIL
2026-09-25;2026-10-01;2026-10-01 22:30:00;22:30:00;235,001;4;N;Norte;UTE;PERFIL
2026-09-25;2026-10-01;2026-10-01 23:00:00;23:00:00;235,9;4;N;Norte;UTE;PERFIL
2026-09-25;2026-10-01;2026-10-01 23:30:00;23:30:00;235,972;4;N;Norte;UTE;PERFIL
2026-09-25;2026-10-02;2026-10-02 00:00:00;00:00:00;235,972;4;N;Norte;UTE;PERFIL
2026-09-25;2026-10-02;2026-10-02 00:30:00;00:30:00;236,359;4;N;Norte;UTE;PERFIL
2026-09-25;2026-10-02;2026-10-02 01:00:00;01:00:00;236,359;4;N;Norte;UTE;PERFIL
2026-09-25;2026-10-02;2026-10-02 01:30:00;01:30:00;236,647;4;N;Norte;UTE;PERFIL
2026-09-25;2026-10-02;2026-10-02 02:00:00;02:00:00;237,438;4;N;Norte;UTE;PERFIL
2026-09-25;2026-10-02;2026-10-02 02:30:00;02:30:00;237,438;4;N;Norte;UTE;PERFIL
2026-09-25;2026-10-02;2026-10-02 03:00:00;03:00:00;237,684;4;N;Norte;UTE;PERFIL
2026-09-25;2026-10-02;2026-10-02 03:30:00;03:30:00;237,684;4;N;Norte;UTE;PERFIL
2026-09-25;2026-10-02;2026-10-02 04:00:00;04:00:00;237,684;4;N;Norte;UTE;PERFIL
2026-09-25;2026-10-02;2026-10-02 04:30:00;04:30:00;237,684;4;N;Norte;UTE;PERFIL
2026-09-25;2026-10-02;2026-10-02 05:00:00;05:00:00;237,755;4;N;Norte;UTE;PERFIL
2026-09-25;2026-10-02;2026-10-02 05:30:00;05:30:00;237,438;4;N;Norte;UTE;PERFIL
2026-09-25;2026-10-02;2026-10-02 06:00:00;06:00:00;236,538;4;N;Norte;UTE;PERFIL
2026-09-25;2026-10-02;2026-10-02 06:30:00;06:30:00;235,972;4;N;Norte;UTE;PERFIL
2026-09-25;2026-10-02;2026-10-02 07:00:00;07:00:00;235,9;4;N;Norte;UTE;PERFIL
2026-09-25;2026-10-02;2026-10-02 07:30:00;07:30:00;234,0;4;N;Norte;UTE;PERFIL
2026-09-25;2026-10-02;2026-10-02 08:00:00;08:00:00;232,854;4;N;Norte;UTE;PERFIL
2026-09-25;2026-10-02;2026-10-02 08:30:00;08:30:00;230,883;4;N;Norte;UTE;PERFIL
2026-09-25;2026-10-02;2026-10-02 09:00:00;09:00:00;229,984;4;N;Norte;UTE;PERFIL
2026-09-25;2026-10-02;2026-10-02 09:30:00;09:30:00;229,594;4;N;Norte;UTE;PERFIL
2026-09-25;2026-10-02;2026-10-02 10:00:00;10:00:00;229,594;4;N;Norte;UTE;PERFIL
2026-09-25;2026-10-02;2026-10-02 10:30:00;10:30:00;228,803;4;N;Norte;UTE;PERFIL
2026-09-25;2026-10-02;2026-10-02 11:00:00;11:00:00;228,732;4;N;Norte;UTE;PERFIL
2026-09-25;2026-10-02;2026-10-02 11:30:00;11:30:00;228,625;4;N;Norte;UTE;PERFIL
2026-09-25;2026-10-02;2026-10-02 12:00:00;12:00:00;228,414;4;N;Norte;UTE;PERFIL
2026-09-25;2026-10-02;2026-10-02 12:30:00;12:30:00;228,592;4;N;Norte;UTE;PERFIL
2026-09-25;2026-10-02;2026-10-02 13:00:00;13:00:00;228,592;4;N;Norte;UTE;PERFIL
2026-09-25;2026-10-02;2026-10-02 13:30:00;13:30:00;228,414;4;N;Norte;UTE;PERFIL
2026-09-25;2026-10-02;2026-10-02 14:00:00;14:00:00;228,414;4;N;Norte;UTE;PERFIL
2026-09-25;2026-10-02;2026-10-02 14:30:00;14:30:00;228,346;4;N;Norte;UTE;PERFIL
2026-09-25;2026-10-02;2026-10-02 15:00:00;15:00:00;229,316;4;N;Norte;UTE;PERFIL
2026-09-25;2026-10-02;2026-10-02 15:30:00;15:30:00;229,316;4;N;Norte;UTE;PERFIL
2026-09-25;2026-10-02;2026-10-02 16:00:00;16:00:00;229,562;4;N;Norte;UTE;PERFIL
2026-09-25;2026-10-02;2026-10-02 16:30:00;16:30:00;229,562;4;N;Norte;UTE;PERFIL
2026-09-25;2026-10-02;2026-10-02 17:00:00;17:00:00;230,564;4;N;Norte;UTE;PERFIL
2026-09-25;2026-10-02;2026-10-02 17:30:00;17:30:00;230,564;4;N;Norte;UTE;PERFIL
2026-09-25;2026-10-02;2026-10-02 18:00:00;18:00:00;230,564;4;N;Norte;UTE;PERFIL
2026-09-25;2026-10-02;2026-10-02 18:30:00;18:30:00;230,922;4;N;Norte;UTE;PERFIL
2026-09-25;2026-10-02;2026-10-02 19:00:00;19:00:00;231,782;4;N;Norte;UTE;PERFIL
2026-09-25;2026-10-02;2026-10-02 19:30:00;19:30:00;232,643;4;N;Norte;UTE;PERFIL
2026-09-25;2026-10-02;2026-10-02 20:00:00;20:00:00;233,645;4;N;Norte;UTE;PERFIL
2026-09-25;2026-10-02;2026-10-02 20:30:00;20:30:00;233,752;4;N;Norte;UTE;PERFIL
2026-09-25;2026-10-02;2026-10-02 21:00:00;21:00:00;233,752;4;N;Norte;UTE;PERFIL
2026-09-25;2026-10-02;2026-10-02 21:30:00;21:30:00;234,0;4;N;Norte;UTE;PERFIL
2026-09-25;2026-10-02;2026-10-02 22:00:00;22:00:00;234,79;4;N;Norte;UTE;PERFIL
2026-09-25;2026-10-02;2026-10-02 22:30:00;22:30:00;235,001;4;N;Norte;UTE;PERFIL
2026-09-25;2026-10-02;2026-10-02 23:00:00;23:00:00;235,9;4;N;Norte;UTE;PERFIL
2026-09-25;2026-10-02;2026-10-02 23:30:00;23:30:00;235,972;4;N;Norte;UTE;PERFIL
2026-09-25;2026-09-25;2026-09-25 00:00:00;00:00:00;375,0;3;NE;Nordeste;UTE;DESSEM
2026-09-25;2026-09-25;2026-09-25 00:30:00;00:30:00;375,0;3;NE;Nordeste;UTE;DESSEM
2026-09-25;2026-09-25;2026-09-25 01:00:00;01:00:00;376,0;3;NE;Nordeste;UTE;DESSEM
2026-09-25;2026-09-25;2026-09-25 01:30:00;01:30:00;376,0;3;NE;Nordeste;UTE;DESSEM
2026-09-25;2026-09-25;2026-09-25 02:00:00;02:00:00;376,0;3;NE;Nordeste;UTE;DESSEM
2026-09-25;2026-09-25;2026-09-25 02:30:00;02:30:00;376,0;3;NE;Nordeste;UTE;DESSEM
2026-09-25;2026-09-25;2026-09-25 03:00:00;03:00:00;376,0;3;NE;Nordeste;UTE;DESSEM
2026-09-25;2026-09-25;2026-09-25 03:30:00;03:30:00;376,0;3;NE;Nordeste;UTE;DESSEM
2026-09-25;2026-09-25;2026-09-25 04:00:00;04:00:00;376,0;3;NE;Nordeste;UTE;DESSEM
2026-09-25;2026-09-25;2026-09-25 04:30:00;04:30:00;376,0;3;NE;Nordeste;UTE;DESSEM
2026-09-25;2026-09-25;2026-09-25 05:00:00;05:00:00;376,0;3;NE;Nordeste;UTE;DESSEM
2026-09-25;2026-09-25;2026-09-25 05:30:00;05:30:00;376,0;3;NE;Nordeste;UTE;DESSEM
2026-09-25;2026-09-25;2026-09-25 06:00:00;06:00:00;375,0;3;NE;Nordeste;UTE;DESSEM
2026-09-25;2026-09-25;2026-09-25 06:30:00;06:30:00;375,0;3;NE;Nordeste;UTE;DESSEM
2026-09-25;2026-09-25;2026-09-25 07:00:00;07:00:00;375,0;3;NE;Nordeste;UTE;DESSEM
2026-09-25;2026-09-25;2026-09-25 07:30:00;07:30:00;375,0;3;NE;Nordeste;UTE;DESSEM
2026-09-25;2026-09-25;2026-09-25 08:00:00;08:00:00;373,0;3;NE;Nordeste;UTE;DESSEM
2026-09-25;2026-09-25;2026-09-25 08:30:00;08:30:00;372,0;3;NE;Nordeste;UTE;DESSEM
2026-09-25;2026-09-25;2026-09-25 09:00:00;09:00:00;368,0;3;NE;Nordeste;UTE;DESSEM
2026-09-25;2026-09-25;2026-09-25 09:30:00;09:30:00;367,0;3;NE;Nordeste;UTE;DESSEM
2026-09-25;2026-09-25;2026-09-25 10:00:00;10:00:00;366,0;3;NE;Nordeste;UTE;DESSEM
2026-09-25;2026-09-25;2026-09-25 10:30:00;10:30:00;366,0;3;NE;Nordeste;UTE;DESSEM
2026-09-25;2026-09-25;2026-09-25 11:00:00;11:00:00;365,0;3;NE;Nordeste;UTE;DESSEM
2026-09-25;2026-09-25;2026-09-25 11:30:00;11:30:00;365,0;3;NE;Nordeste;UTE;DESSEM
2026-09-25;2026-09-25;2026-09-25 12:00:00;12:00:00;366,0;3;NE;Nordeste;UTE;DESSEM
2026-09-25;2026-09-25;2026-09-25 12:30:00;12:30:00;365,0;3;NE;Nordeste;UTE;DESSEM
2026-09-25;2026-09-25;2026-09-25 13:00:00;13:00:00;366,0;3;NE;Nordeste;UTE;DESSEM
2026-09-25;2026-09-25;2026-09-25 13:30:00;13:30:00;364,0;3;NE;Nordeste;UTE;DESSEM
2026-09-25;2026-09-25;2026-09-25 14:00:00;14:00:00;363,0;3;NE;Nordeste;UTE;DESSEM
2026-09-25;2026-09-25;2026-09-25 14:30:00;14:30:00;363,0;3;NE;Nordeste;UTE;DESSEM
2026-09-25;2026-09-25;2026-09-25 15:00:00;15:00:00;363,0;3;NE;Nordeste;UTE;DESSEM
2026-09-25;2026-09-25;2026-09-25 15:30:00;15:30:00;363,0;3;NE;Nordeste;UTE;DESSEM
2026-09-25;2026-09-25;2026-09-25 16:00:00;16:00:00;363,0;3;NE;Nordeste;UTE;DESSEM
2026-09-25;2026-09-25;2026-09-25 16:30:00;16:30:00;363,0;3;NE;Nordeste;UTE;DESSEM
2026-09-25;2026-09-25;2026-09-25 17:00:00;17:00:00;364,0;3;NE;Nordeste;UTE;DESSEM
2026-09-25;2026-09-25;2026-09-25 17:30:00;17:30:00;365,0;3;NE;Nordeste;UTE;DESSEM
2026-09-25;2026-09-25;2026-09-25 18:00:00;18:00:00;365,0;3;NE;Nordeste;UTE;DESSEM
2026-09-25;2026-09-25;2026-09-25 18:30:00;18:30:00;367,0;3;NE;Nordeste;UTE;DESSEM
2026-09-25;2026-09-25;2026-09-25 19:00:00;19:00:00;366,0;3;NE;Nordeste;UTE;DESSEM
2026-09-25;2026-09-25;2026-09-25 19:30:00;19:30:00;368,0;3;NE;Nordeste;UTE;DESSEM
2026-09-25;2026-09-25;2026-09-25 20:00:00;20:00:00;370,0;3;NE;Nordeste;UTE;DESSEM
2026-09-25;2026-09-25;2026-09-25 20:30:00;20:30:00;371,0;3;NE;Nordeste;UTE;DESSEM
2026-09-25;2026-09-25;2026-09-25 21:00:00;21:00:00;372,0;3;NE;Nordeste;UTE;DESSEM
2026-09-25;2026-09-25;2026-09-25 21:30:00;21:30:00;373,0;3;NE;Nordeste;UTE;DESSEM
2026-09-25;2026-09-25;2026-09-25 22:00:00;22:00:00;373,0;3;NE;Nordeste;UTE;DESSEM
2026-09-25;2026-09-25;2026-09-25 22:30:00;22:30:00;373,0;3;NE;Nordeste;UTE;DESSEM
2026-09-25;2026-09-25;2026-09-25 23:00:00;23:00:00;374,0;3;NE;Nordeste;UTE;DESSEM
2026-09-25;2026-09-25;2026-09-25 23:30:00;23:30:00;374,0;3;NE;Nordeste;UTE;DESSEM
2026-09-25;2026-09-26;2026-09-26 00:00:00;00:00:00;374,418;3;NE;Nordeste;UTE;PERFIL
2026-09-25;2026-09-26;2026-09-26 00:30:00;00:30:00;374,712;3;NE;Nordeste;UTE;PERFIL
2026-09-25;2026-09-26;2026-09-26 01:00:00;01:00:00;374,637;3;NE;Nordeste;UTE;PERFIL
2026-09-25;2026-09-26;2026-09-26 01:30:00;01:30:00;374,955;3;NE;Nordeste;UTE;PERFIL
2026-09-25;2026-09-26;2026-09-26 02:00:00;02:00:00;375,188;3;NE;Nordeste;UTE;PERFIL
2026-09-25;2026-09-26;2026-09-26 02:30:00;02:30:00;375,765;3;NE;Nordeste;UTE;PERFIL
2026-09-25;2026-09-26;2026-09-26 03:00:00;03:00:00;375,95;3;NE;Nordeste;UTE;PERFIL
2026-09-25;2026-09-26;2026-09-26 03:30:00;03:30:00;376,025;3;NE;Nordeste;UTE;PERFIL
2026-09-25;2026-09-26;2026-09-26 04:00:00;04:00:00;376,049;3;NE;Nordeste;UTE;PERFIL
2026-09-25;2026-09-26;2026-09-26 04:30:00;04:30:00;376,535;3;NE;Nordeste;UTE;PERFIL
2026-09-25;2026-09-26;2026-09-26 05:00:00;05:00:00;376,692;3;NE;Nordeste;UTE;PERFIL
2026-09-25;2026-09-26;2026-09-26 05:30:00;05:30:00;375,647;3;NE;Nordeste;UTE;PERFIL
2026-09-25;2026-09-26;2026-09-26 06:00:00;06:00:00;374,341;3;NE;Nordeste;UTE;PERFIL
2026-09-25;2026-09-26;2026-09-26 06:30:00;06:30:00;374,083;3;NE;Nordeste;UTE;PERFIL
2026-09-25;2026-09-26;2026-09-26 07:00:00;07:00:00;374,275;3;NE;Nordeste;UTE;PERFIL
2026-09-25;2026-09-26;2026-09-26 07:30:00;07:30:00;373,171;3;NE;Nordeste;UTE;PERFIL
2026-09-25;2026-09-26;2026-09-26 08:00:00;08:00:00;371,993;3;NE;Nordeste;UTE;PERFIL
2026-09-25;2026-09-26;2026-09-26 08:30:00;08:30:00;370,286;3;NE;Nordeste;UTE;PERFIL
2026-09-25;2026-09-26;2026-09-26 09:00:00;09:00:00;368,211;3;NE;Nordeste;UTE;PERFIL
2026-09-25;2026-09-26;2026-09-26 09:30:00;09:30:00;367,141;3;NE;Nordeste;UTE;PERFIL
2026-09-25;2026-09-26;2026-09-26 10:00:00;10:00:00;366,128;3;NE;Nordeste;UTE;PERFIL
2026-09-25;2026-09-26;2026-09-26 10:30:00;10:30:00;365,992;3;NE;Nordeste;UTE;PERFIL
2026-09-25;2026-09-26;2026-09-26 11:00:00;11:00:00;366,026;3;NE;Nordeste;UTE;PERFIL
2026-09-25;2026-09-26;2026-09-26 11:30:00;11:30:00;366,061;3;NE;Nordeste;UTE;PERFIL
2026-09-25;2026-09-26;2026-09-26 12:00:00;12:00:00;366,097;3;NE;Nordeste;UTE;PERFIL
2026-09-25;2026-09-26;2026-09-26 12:30:00;12:30:00;366,42;3;NE;Nordeste;UTE;PERFIL
2026-09-25;2026-09-26;2026-09-26 13:00:00;13:00:00;366,242;3;NE;Nordeste;UTE;PERFIL
2026-09-25;2026-09-26;2026-09-26 13:30:00;13:30:00;364,646;3;NE;Nordeste;UTE;PERFIL
2026-09-25;2026-09-26;2026-09-26 14:00:00;14:00:00;363,122;3;NE;Nordeste;UTE;PERFIL
2026-09-25;2026-09-26;2026-09-26 14:30:00;14:30:00;363,017;3;NE;Nordeste;UTE;PERFIL
2026-09-25;2026-09-26;2026-09-26 15:00:00;15:00:00;363,251;3;NE;Nordeste;UTE;PERFIL
2026-09-25;2026-09-26;2026-09-26 15:30:00;15:30:00;363,416;3;NE;Nordeste;UTE;PERFIL
2026-09-25;2026-09-26;2026-09-26 16:00:00;16:00:00;364,011;3;NE;Nordeste;UTE;PERFIL
2026-09-25;2026-09-26;2026-09-26 16:30:00;16:30:00;364,485;3;NE;Nordeste;UTE;PERFIL
2026-09-25;2026-09-26;2026-09-26 17:00:00;17:00:00;365,283;3;NE;Nordeste;UTE;PERFIL
2026-09-25;2026-09-26;2026-09-26 17:30:00;17:30:00;365,385;3;NE;Nordeste;UTE;PERFIL
2026-09-25;2026-09-26;2026-09-26 18:00:00;18:00:00;365,358;3;NE;Nordeste;UTE;PERFIL
2026-09-25;2026-09-26;2026-09-26 18:30:00;18:30:00;365,802;3;NE;Nordeste;UTE;PERFIL
2026-09-25;2026-09-26;2026-09-26 19:00:00;19:00:00;366,2;3;NE;Nordeste;UTE;PERFIL
2026-09-25;2026-09-26;2026-09-26 19:30:00;19:30:00;367,833;3;NE;Nordeste;UTE;PERFIL
2026-09-25;2026-09-26;2026-09-26 20:00:00;20:00:00;370,059;3;NE;Nordeste;UTE;PERFIL
2026-09-25;2026-09-26;2026-09-26 20:30:00;20:30:00;370,618;3;NE;Nordeste;UTE;PERFIL
2026-09-25;2026-09-26;2026-09-26 21:00:00;21:00:00;371,278;3;NE;Nordeste;UTE;PERFIL
2026-09-25;2026-09-26;2026-09-26 21:30:00;21:30:00;372,427;3;NE;Nordeste;UTE;PERFIL
2026-09-25;2026-09-26;2026-09-26 22:00:00;22:00:00;373,361;3;NE;Nordeste;UTE;PERFIL
2026-09-25;2026-09-26;2026-09-26 22:30:00;22:30:00;374,112;3;NE;Nordeste;UTE;PERFIL
2026-09-25;2026-09-26;2026-09-26 23:00:00;23:00:00;374,534;3;NE;Nordeste;UTE;PERFIL
2026-09-25;2026-09-26;2026-09-26 23:30:00;23:30:00;374,765;3;NE;Nordeste;UTE;PERFIL
2026-09-25;2026-09-27;2026-09-27 00:00:00;00:00:00;374,418;3;NE;Nordeste;UTE;PERFIL
2026-09-25;2026-09-27;2026-09-27 00:30:00;00:30:00;374,712;3;NE;Nordeste;UTE;PERFIL
2026-09-25;2026-09-27;2026-09-27 01:00:00;01:00:00;374,637;3;NE;Nordeste;UTE;PERFIL
2026-09-25;2026-09-27;2026-09-27 01:30:00;01:30:00;374,955;3;NE;Nordeste;UTE;PERFIL
2026-09-25;2026-09-27;2026-09-27 02:00:00;02:00:00;375,188;3;NE;Nordeste;UTE;PERFIL
2026-09-25;2026-09-27;2026-09-27 02:30:00;02:30:00;375,765;3;NE;Nordeste;UTE;PERFIL
2026-09-25;2026-09-27;2026-09-27 03:00:00;03:00:00;375,95;3;NE;Nordeste;UTE;PERFIL
2026-09-25;2026-09-27;2026-09-27 03:30:00;03:30:00;376,025;3;NE;Nordeste;UTE;PERFIL
2026-09-25;2026-09-27;2026-09-27 04:00:00;04:00:00;376,049;3;NE;Nordeste;UTE;PERFIL
2026-09-25;2026-09-27;2026-09-27 04:30:00;04:30:00;376,535;3;NE;Nordeste;UTE;PERFIL
2026-09-25;2026-09-27;2026-09-27 05:00:00;05:00:00;376,692;3;NE;Nordeste;UTE;PERFIL
2026-09-25;2026-09-27;2026-09-27 05:30:00;05:30:00;375,647;3;NE;Nordeste;UTE;PERFIL
2026-09-25;2026-09-27;2026-09-27 06:00:00;06:00:00;374,341;3;NE;Nordeste;UTE;PERFIL
2026-09-25;2026-09-27;2026-09-27 06:30:00;06:30:00;374,083;3;NE;Nordeste;UTE;PERFIL
2026-09-25;2026-09-27;2026-09-27 07:00:00;07:00:00;374,275;3;NE;Nordeste;UTE;PERFIL
2026-09-25;2026-09-27;2026-09-27 07:30:00;07:30:00;373,171;3;NE;Nordeste;UTE;PERFIL
2026-09-25;2026-09-27;2026-09-27 08:00:00;08:00:00;371,993;3;NE;Nordeste;UTE;PERFIL
2026-09-25;2026-09-27;2026-09-27 08:30:00;08:30:00;370,286;3;NE;Nordeste;UTE;PERFIL
2026-09-25;2026-09-27;2026-09-27 09:00:00;09:00:00;368,211;3;NE;Nordeste;UTE;PERFIL
2026-09-25;2026-09-27;2026-09-27 09:30:00;09:30:00;367,141;3;NE;Nordeste;UTE;PERFIL
2026-09-25;2026-09-27;2026-09-27 10:00:00;10:00:00;366,128;3;NE;Nordeste;UTE;PERFIL
2026-09-25;2026-09-27;2026-09-27 10:30:00;10:30:00;365,992;3;NE;Nordeste;UTE;PERFIL
2026-09-25;2026-09-27;2026-09-27 11:00:00;11:00:00;366,026;3;NE;Nordeste;UTE;PERFIL
2026-09-25;2026-09-27;2026-09-27 11:30:00;11:30:00;366,061;3;NE;Nordeste;UTE;PERFIL
2026-09-25;2026-09-27;2026-09-27 12:00:00;12:00:00;366,097;3;NE;Nordeste;UTE;PERFIL
2026-09-25;2026-09-27;2026-09-27 12:30:00;12:30:00;366,42;3;NE;Nordeste;UTE;PERFIL
2026-09-25;2026-09-27;2026-09-27 13:00:00;13:00:00;366,242;3;NE;Nordeste;UTE;PERFIL
2026-09-25;2026-09-27;2026-09-27 13:30:00;13:30:00;364,646;3;NE;Nordeste;UTE;PERFIL
2026-09-25;2026-09-27;2026-09-27 14:00:00;14:00:00;363,122;3;NE;Nordeste;UTE;PERFIL
2026-09-25;2026-09-27;2026-09-27 14:30:00;14:30:00;363,017;3;NE;Nordeste;UTE;PERFIL
2026-09-25;2026-09-27;2026-09-27 15:00:00;15:00:00;363,251;3;NE;Nordeste;UTE;PERFIL
2026-09-25;2026-09-27;2026-09-27 15:30:00;15:30:00;363,416;3;NE;Nordeste;UTE;PERFIL
2026-09-25;2026-09-27;2026-09-27 16:00:00;16:00:00;364,011;3;NE;Nordeste;UTE;PERFIL
2026-09-25;2026-09-27;2026-09-27 16:30:00;16:30:00;364,485;3;NE;Nordeste;UTE;PERFIL
2026-09-25;2026-09-27;2026-09-27 17:00:00;17:00:00;365,283;3;NE;Nordeste;UTE;PERFIL
2026-09-25;2026-09-27;2026-09-27 17:30:00;17:30:00;365,385;3;NE;Nordeste;UTE;PERFIL
2026-09-25;2026-09-27;2026-09-27 18:00:00;18:00:00;365,358;3;NE;Nordeste;UTE;PERFIL
2026-09-25;2026-09-27;2026-09-27 18:30:00;18:30:00;365,802;3;NE;Nordeste;UTE;PERFIL
2026-09-25;2026-09-27;2026-09-27 19:00:00;19:00:00;366,2;3;NE;Nordeste;UTE;PERFIL
2026-09-25;2026-09-27;2026-09-27 19:30:00;19:30:00;367,833;3;NE;Nordeste;UTE;PERFIL
2026-09-25;2026-09-27;2026-09-27 20:00:00;20:00:00;370,059;3;NE;Nordeste;UTE;PERFIL
2026-09-25;2026-09-27;2026-09-27 20:30:00;20:30:00;370,618;3;NE;Nordeste;UTE;PERFIL
2026-09-25;2026-09-27;2026-09-27 21:00:00;21:00:00;371,278;3;NE;Nordeste;UTE;PERFIL
2026-09-25;2026-09-27;2026-09-27 21:30:00;21:30:00;372,427;3;NE;Nordeste;UTE;PERFIL
2026-09-25;2026-09-27;2026-09-27 22:00:00;22:00:00;373,361;3;NE;Nordeste;UTE;PERFIL
2026-09-25;2026-09-27;2026-09-27 22:30:00;22:30:00;374,112;3;NE;Nordeste;UTE;PERFIL
2026-09-25;2026-09-27;2026-09-27 23:00:00;23:00:00;374,534;3;NE;Nordeste;UTE;PERFIL
2026-09-25;2026-09-27;2026-09-27 23:30:00;23:30:00;374,765;3;NE;Nordeste;UTE;PERFIL
2026-09-25;2026-09-28;2026-09-28 00:00:00;00:00:00;374,418;3;NE;Nordeste;UTE;PERFIL
2026-09-25;2026-09-28;2026-09-28 00:30:00;00:30:00;374,712;3;NE;Nordeste;UTE;PERFIL
2026-09-25;2026-09-28;2026-09-28 01:00:00;01:00:00;374,637;3;NE;Nordeste;UTE;PERFIL
2026-09-25;2026-09-28;2026-09-28 01:30:00;01:30:00;374,955;3;NE;Nordeste;UTE;PERFIL
2026-09-25;2026-09-28;2026-09-28 02:00:00;02:00:00;375,188;3;NE;Nordeste;UTE;PERFIL
2026-09-25;2026-09-28;2026-09-28 02:30:00;02:30:00;375,765;3;NE;Nordeste;UTE;PERFIL
2026-09-25;2026-09-28;2026-09-28 03:00:00;03:00:00;375,95;3;NE;Nordeste;UTE;PERFIL
2026-09-25;2026-09-28;2026-09-28 03:30:00;03:30:00;376,025;3;NE;Nordeste;UTE;PERFIL
2026-09-25;2026-09-28;2026-09-28 04:00:00;04:00:00;376,049;3;NE;Nordeste;UTE;PERFIL
2026-09-25;2026-09-28;2026-09-28 04:30:00;04:30:00;376,535;3;NE;Nordeste;UTE;PERFIL
2026-09-25;2026-09-28;2026-09-28 05:00:00;05:00:00;376,692;3;NE;Nordeste;UTE;PERFIL
2026-09-25;2026-09-28;2026-09-28 05:30:00;05:30:00;375,647;3;NE;Nordeste;UTE;PERFIL
2026-09-25;2026-09-28;2026-09-28 06:00:00;06:00:00;374,341;3;NE;Nordeste;UTE;PERFIL
2026-09-25;2026-09-28;2026-09-28 06:30:00;06:30:00;374,083;3;NE;Nordeste;UTE;PERFIL
2026-09-25;2026-09-28;2026-09-28 07:00:00;07:00:00;374,275;3;NE;Nordeste;UTE;PERFIL
2026-09-25;2026-09-28;2026-09-28 07:30:00;07:30:00;373,171;3;NE;Nordeste;UTE;PERFIL
2026-09-25;2026-09-28;2026-09-28 08:00:00;08:00:00;371,993;3;NE;Nordeste;UTE;PERFIL
2026-09-25;2026-09-28;2026-09-28 08:30:00;08:30:00;370,286;3;NE;Nordeste;UTE;PERFIL
2026-09-25;2026-09-28;2026-09-28 09:00:00;09:00:00;368,211;3;NE;Nordeste;UTE;PERFIL
2026-09-25;2026-09-28;2026-09-28 09:30:00;09:30:00;367,141;3;NE;Nordeste;UTE;PERFIL
2026-09-25;2026-09-28;2026-09-28 10:00:00;10:00:00;366,128;3;NE;Nordeste;UTE;PERFIL
2026-09-25;2026-09-28;2026-09-28 10:30:00;10:30:00;365,992;3;NE;Nordeste;UTE;PERFIL
2026-09-25;2026-09-28;2026-09-28 11:00:00;11:00:00;366,026;3;NE;Nordeste;UTE;PERFIL
2026-09-25;2026-09-28;2026-09-28 11:30:00;11:30:00;366,061;3;NE;Nordeste;UTE;PERFIL
2026-09-25;2026-09-28;2026-09-28 12:00:00;12:00:00;366,097;3;NE;Nordeste;UTE;PERFIL
2026-09-25;2026-09-28;2026-09-28 12:30:00;12:30:00;366,42;3;NE;Nordeste;UTE;PERFIL
2026-09-25;2026-09-28;2026-09-28 13:00:00;13:00:00;366,242;3;NE;Nordeste;UTE;PERFIL
2026-09-25;2026-09-28;2026-09-28 13:30:00;13:30:00;364,646;3;NE;Nordeste;UTE;PERFIL
2026-09-25;2026-09-28;2026-09-28 14:00:00;14:00:00;363,122;3;NE;Nordeste;UTE;PERFIL
2026-09-25;2026-09-28;2026-09-28 14:30:00;14:30:00;363,017;3;NE;Nordeste;UTE;PERFIL
2026-09-25;2026-09-28;2026-09-28 15:00:00;15:00:00;363,251;3;NE;Nordeste;UTE;PERFIL
2026-09-25;2026-09-28;2026-09-28 15:30:00;15:30:00;363,416;3;NE;Nordeste;UTE;PERFIL
2026-09-25;2026-09-28;2026-09-28 16:00:00;16:00:00;364,011;3;NE;Nordeste;UTE;PERFIL
2026-09-25;2026-09-28;2026-09-28 16:30:00;16:30:00;364,485;3;NE;Nordeste;UTE;PERFIL
2026-09-25;2026-09-28;2026-09-28 17:00:00;17:00:00;365,283;3;NE;Nordeste;UTE;PERFIL
2026-09-25;2026-09-28;2026-09-28 17:30:00;17:30:00;365,385;3;NE;Nordeste;UTE;PERFIL
2026-09-25;2026-09-28;2026-09-28 18:00:00;18:00:00;365,358;3;NE;Nordeste;UTE;PERFIL
2026-09-25;2026-09-28;2026-09-28 18:30:00;18:30:00;365,802;3;NE;Nordeste;UTE;PERFIL
2026-09-25;2026-09-28;2026-09-28 19:00:00;19:00:00;366,2;3;NE;Nordeste;UTE;PERFIL
2026-09-25;2026-09-28;2026-09-28 19:30:00;19:30:00;367,833;3;NE;Nordeste;UTE;PERFIL
2026-09-25;2026-09-28;2026-09-28 20:00:00;20:00:00;370,059;3;NE;Nordeste;UTE;PERFIL
2026-09-25;2026-09-28;2026-09-28 20:30:00;20:30:00;370,618;3;NE;Nordeste;UTE;PERFIL
2026-09-25;2026-09-28;2026-09-28 21:00:00;21:00:00;371,278;3;NE;Nordeste;UTE;PERFIL
2026-09-25;2026-09-28;2026-09-28 21:30:00;21:30:00;372,427;3;NE;Nordeste;UTE;PERFIL
2026-09-25;2026-09-28;2026-09-28 22:00:00;22:00:00;373,361;3;NE;Nordeste;UTE;PERFIL
2026-09-25;2026-09-28;2026-09-28 22:30:00;22:30:00;374,112;3;NE;Nordeste;UTE;PERFIL
2026-09-25;2026-09-28;2026-09-28 23:00:00;23:00:00;374,534;3;NE;Nordeste;UTE;PERFIL
2026-09-25;2026-09-28;2026-09-28 23:30:00;23:30:00;374,765;3;NE;Nordeste;UTE;PERFIL
2026-09-25;2026-09-29;2026-09-29 00:00:00;00:00:00;374,418;3;NE;Nordeste;UTE;PERFIL
2026-09-25;2026-09-29;2026-09-29 00:30:00;00:30:00;374,712;3;NE;Nordeste;UTE;PERFIL
2026-09-25;2026-09-29;2026-09-29 01:00:00;01:00:00;374,637;3;NE;Nordeste;UTE;PERFIL
2026-09-25;2026-09-29;2026-09-29 01:30:00;01:30:00;374,955;3;NE;Nordeste;UTE;PERFIL
2026-09-25;2026-09-29;2026-09-29 02:00:00;02:00:00;375,188;3;NE;Nordeste;UTE;PERFIL
2026-09-25;2026-09-29;2026-09-29 02:30:00;02:30:00;375,765;3;NE;Nordeste;UTE;PERFIL
2026-09-25;2026-09-29;2026-09-29 03:00:00;03:00:00;375,95;3;NE;Nordeste;UTE;PERFIL
2026-09-25;2026-09-29;2026-09-29 03:30:00;03:30:00;376,025;3;NE;Nordeste;UTE;PERFIL
2026-09-25;2026-09-29;2026-09-29 04:00:00;04:00:00;376,049;3;NE;Nordeste;UTE;PERFIL
2026-09-25;2026-09-29;2026-09-29 04:30:00;04:30:00;376,535;3;NE;Nordeste;UTE;PERFIL
2026-09-25;2026-09-29;2026-09-29 05:00:00;05:00:00;376,692;3;NE;Nordeste;UTE;PERFIL
2026-09-25;2026-09-29;2026-09-29 05:30:00;05:30:00;375,647;3;NE;Nordeste;UTE;PERFIL
2026-09-25;2026-09-29;2026-09-29 06:00:00;06:00:00;374,341;3;NE;Nordeste;UTE;PERFIL
2026-09-25;2026-09-29;2026-09-29 06:30:00;06:30:00;374,083;3;NE;Nordeste;UTE;PERFIL
2026-09-25;2026-09-29;2026-09-29 07:00:00;07:00:00;374,275;3;NE;Nordeste;UTE;PERFIL
2026-09-25;2026-09-29;2026-09-29 07:30:00;07:30:00;373,171;3;NE;Nordeste;UTE;PERFIL
2026-09-25;2026-09-29;2026-09-29 08:00:00;08:00:00;371,993;3;NE;Nordeste;UTE;PERFIL
2026-09-25;2026-09-29;2026-09-29 08:30:00;08:30:00;370,286;3;NE;Nordeste;UTE;PERFIL
2026-09-25;2026-09-29;2026-09-29 09:00:00;09:00:00;368,211;3;NE;Nordeste;UTE;PERFIL
2026-09-25;2026-09-29;2026-09-29 09:30:00;09:30:00;367,141;3;NE;Nordeste;UTE;PERFIL
2026-09-25;2026-09-29;2026-09-29 10:00:00;10:00:00;366,128;3;NE;Nordeste;UTE;PERFIL
2026-09-25;2026-09-29;2026-09-29 10:30:00;10:30:00;365,992;3;NE;Nordeste;UTE;PERFIL
2026-09-25;2026-09-29;2026-09-29 11:00:00;11:00:00;366,026;3;NE;Nordeste;UTE;PERFIL
2026-09-25;2026-09-29;2026-09-29 11:30:00;11:30:00;366,061;3;NE;Nordeste;UTE;PERFIL
2026-09-25;2026-09-29;2026-09-29 12:00:00;12:00:00;366,097;3;NE;Nordeste;UTE;PERFIL
2026-09-25;2026-09-29;2026-09-29 12:30:00;12:30:00;366,42;3;NE;Nordeste;UTE;PERFIL
2026-09-25;2026-09-29;2026-09-29 13:00:00;13:00:00;366,242;3;NE;Nordeste;UTE;PERFIL
2026-09-25;2026-09-29;2026-09-29 13:30:00;13:30:00;364,646;3;NE;Nordeste;UTE;PERFIL
2026-09-25;2026-09-29;2026-09-29 14:00:00;14:00:00;363,122;3;NE;Nordeste;UTE;PERFIL
2026-09-25;2026-09-29;2026-09-29 14:30:00;14:30:00;363,017;3;NE;Nordeste;UTE;PERFIL
2026-09-25;2026-09-29;2026-09-29 15:00:00;15:00:00;363,251;3;NE;Nordeste;UTE;PERFIL
2026-09-25;2026-09-29;2026-09-29 15:30:00;15:30:00;363,416;3;NE;Nordeste;UTE;PERFIL
2026-09-25;2026-09-29;2026-09-29 16:00:00;16:00:00;364,011;3;NE;Nordeste;UTE;PERFIL
2026-09-25;2026-09-29;2026-09-29 16:30:00;16:30:00;364,485;3;NE;Nordeste;UTE;PERFIL
2026-09-25;2026-09-29;2026-09-29 17:00:00;17:00:00;365,283;3;NE;Nordeste;UTE;PERFIL
2026-09-25;2026-09-29;2026-09-29 17:30:00;17:30:00;365,385;3;NE;Nordeste;UTE;PERFIL
2026-09-25;2026-09-29;2026-09-29 18:00:00;18:00:00;365,358;3;NE;Nordeste;UTE;PERFIL
2026-09-25;2026-09-29;2026-09-29 18:30:00;18:30:00;365,802;3;NE;Nordeste;UTE;PERFIL
2026-09-25;2026-09-29;2026-09-29 19:00:00;19:00:00;366,2;3;NE;Nordeste;UTE;PERFIL
2026-09-25;2026-09-29;2026-09-29 19:30:00;19:30:00;367,833;3;NE;Nordeste;UTE;PERFIL
2026-09-25;2026-09-29;2026-09-29 20:00:00;20:00:00;370,059;3;NE;Nordeste;UTE;PERFIL
2026-09-25;2026-09-29;2026-09-29 20:30:00;20:30:00;370,618;3;NE;Nordeste;UTE;PERFIL
2026-09-25;2026-09-29;2026-09-29 21:00:00;21:00:00;371,278;3;NE;Nordeste;UTE;PERFIL
2026-09-25;2026-09-29;2026-09-29 21:30:00;21:30:00;372,427;3;NE;Nordeste;UTE;PERFIL
2026-09-25;2026-09-29;2026-09-29 22:00:00;22:00:00;373,361;3;NE;Nordeste;UTE;PERFIL
2026-09-25;2026-09-29;2026-09-29 22:30:00;22:30:00;374,112;3;NE;Nordeste;UTE;PERFIL
2026-09-25;2026-09-29;2026-09-29 23:00:00;23:00:00;374,534;3;NE;Nordeste;UTE;PERFIL
2026-09-25;2026-09-29;2026-09-29 23:30:00;23:30:00;374,765;3;NE;Nordeste;UTE;PERFIL
2026-09-25;2026-09-30;2026-09-30 00:00:00;00:00:00;374,418;3;NE;Nordeste;UTE;PERFIL
2026-09-25;2026-09-30;2026-09-30 00:30:00;00:30:00;374,712;3;NE;Nordeste;UTE;PERFIL
2026-09-25;2026-09-30;2026-09-30 01:00:00;01:00:00;374,637;3;NE;Nordeste;UTE;PERFIL
2026-09-25;2026-09-30;2026-09-30 01:30:00;01:30:00;374,955;3;NE;Nordeste;UTE;PERFIL
2026-09-25;2026-09-30;2026-09-30 02:00:00;02:00:00;375,188;3;NE;Nordeste;UTE;PERFIL
2026-09-25;2026-09-30;2026-09-30 02:30:00;02:30:00;375,765;3;NE;Nordeste;UTE;PERFIL
2026-09-25;2026-09-30;2026-09-30 03:00:00;03:00:00;375,95;3;NE;Nordeste;UTE;PERFIL
2026-09-25;2026-09-30;2026-09-30 03:30:00;03:30:00;376,025;3;NE;Nordeste;UTE;PERFIL
2026-09-25;2026-09-30;2026-09-30 04:00:00;04:00:00;376,049;3;NE;Nordeste;UTE;PERFIL
2026-09-25;2026-09-30;2026-09-30 04:30:00;04:30:00;376,535;3;NE;Nordeste;UTE;PERFIL
2026-09-25;2026-09-30;2026-09-30 05:00:00;05:00:00;376,692;3;NE;Nordeste;UTE;PERFIL
2026-09-25;2026-09-30;2026-09-30 05:30:00;05:30:00;375,647;3;NE;Nordeste;UTE;PERFIL
2026-09-25;2026-09-30;2026-09-30 06:00:00;06:00:00;374,341;3;NE;Nordeste;UTE;PERFIL
2026-09-25;2026-09-30;2026-09-30 06:30:00;06:30:00;374,083;3;NE;Nordeste;UTE;PERFIL
2026-09-25;2026-09-30;2026-09-30 07:00:00;07:00:00;374,275;3;NE;Nordeste;UTE;PERFIL
2026-09-25;2026-09-30;2026-09-30 07:30:00;07:30:00;373,171;3;NE;Nordeste;UTE;PERFIL
2026-09-25;2026-09-30;2026-09-30 08:00:00;08:00:00;371,993;3;NE;Nordeste;UTE;PERFIL
2026-09-25;2026-09-30;2026-09-30 08:30:00;08:30:00;370,286;3;NE;Nordeste;UTE;PERFIL
2026-09-25;2026-09-30;2026-09-30 09:00:00;09:00:00;368,211;3;NE;Nordeste;UTE;PERFIL
2026-09-25;2026-09-30;2026-09-30 09:30:00;09:30:00;367,141;3;NE;Nordeste;UTE;PERFIL
2026-09-25;2026-09-30;2026-09-30 10:00:00;10:00:00;366,128;3;NE;Nordeste;UTE;PERFIL
2026-09-25;2026-09-30;2026-09-30 10:30:00;10:30:00;365,992;3;NE;Nordeste;UTE;PERFIL
2026-09-25;2026-09-30;2026-09-30 11:00:00;11:00:00;366,026;3;NE;Nordeste;UTE;PERFIL
2026-09-25;2026-09-30;2026-09-30 11:30:00;11:30:00;366,061;3;NE;Nordeste;UTE;PERFIL
2026-09-25;2026-09-30;2026-09-30 12:00:00;12:00:00;366,097;3;NE;Nordeste;UTE;PERFIL
2026-09-25;2026-09-30;2026-09-30 12:30:00;12:30:00;366,42;3;NE;Nordeste;UTE;PERFIL
2026-09-25;2026-09-30;2026-09-30 13:00:00;13:00:00;366,242;3;NE;Nordeste;UTE;PERFIL
2026-09-25;2026-09-30;2026-09-30 13:30:00;13:30:00;364,646;3;NE;Nordeste;UTE;PERFIL
2026-09-25;2026-09-30;2026-09-30 14:00:00;14:00:00;363,122;3;NE;Nordeste;UTE;PERFIL
2026-09-25;2026-09-30;2026-09-30 14:30:00;14:30:00;363,017;3;NE;Nordeste;UTE;PERFIL
2026-09-25;2026-09-30;2026-09-30 15:00:00;15:00:00;363,251;3;NE;Nordeste;UTE;PERFIL
2026-09-25;2026-09-30;2026-09-30 15:30:00;15:30:00;363,416;3;NE;Nordeste;UTE;PERFIL
2026-09-25;2026-09-30;2026-09-30 16:00:00;16:00:00;364,011;3;NE;Nordeste;UTE;PERFIL
2026-09-25;2026-09-30;2026-09-30 16:30:00;16:30:00;364,485;3;NE;Nordeste;UTE;PERFIL
2026-09-25;2026-09-30;2026-09-30 17:00:00;17:00:00;365,283;3;NE;Nordeste;UTE;PERFIL
2026-09-25;2026-09-30;2026-09-30 17:30:00;17:30:00;365,385;3;NE;Nordeste;UTE;PERFIL
2026-09-25;2026-09-30;2026-09-30 18:00:00;18:00:00;365,358;3;NE;Nordeste;UTE;PERFIL
2026-09-25;2026-09-30;2026-09-30 18:30:00;18:30:00;365,802;3;NE;Nordeste;UTE;PERFIL
2026-09-25;2026-09-30;2026-09-30 19:00:00;19:00:00;366,2;3;NE;Nordeste;UTE;PERFIL
2026-09-25;2026-09-30;2026-09-30 19:30:00;19:30:00;367,833;3;NE;Nordeste;UTE;PERFIL
2026-09-25;2026-09-30;2026-09-30 20:00:00;20:00:00;370,059;3;NE;Nordeste;UTE;PERFIL
2026-09-25;2026-09-30;2026-09-30 20:30:00;20:30:00;370,618;3;NE;Nordeste;UTE;PERFIL
2026-09-25;2026-09-30;2026-09-30 21:00:00;21:00:00;371,278;3;NE;Nordeste;UTE;PERFIL
2026-09-25;2026-09-30;2026-09-30 21:30:00;21:30:00;372,427;3;NE;Nordeste;UTE;PERFIL
2026-09-25;2026-09-30;2026-09-30 22:00:00;22:00:00;373,361;3;NE;Nordeste;UTE;PERFIL
2026-09-25;2026-09-30;2026-09-30 22:30:00;22:30:00;374,112;3;NE;Nordeste;UTE;PERFIL
2026-09-25;2026-09-30;2026-09-30 23:00:00;23:00:00;374,534;3;NE;Nordeste;UTE;PERFIL
2026-09-25;2026-09-30;2026-09-30 23:30:00;23:30:00;374,765;3;NE;Nordeste;UTE;PERFIL
2026-09-25;2026-10-01;2026-10-01 00:00:00;00:00:00;374,418;3;NE;Nordeste;UTE;PERFIL
2026-09-25;2026-10-01;2026-10-01 00:30:00;00:30:00;374,712;3;NE;Nordeste;UTE;PERFIL
2026-09-25;2026-10-01;2026-10-01 01:00:00;01:00:00;374,637;3;NE;Nordeste;UTE;PERFIL
2026-09-25;2026-10-01;2026-10-01 01:30:00;01:30:00;374,955;3;NE;Nordeste;UTE;PERFIL
2026-09-25;2026-10-01;2026-10-01 02:00:00;02:00:00;375,188;3;NE;Nordeste;UTE;PERFIL
2026-09-25;2026-10-01;2026-10-01 02:30:00;02:30:00;375,765;3;NE;Nordeste;UTE;PERFIL
2026-09-25;2026-10-01;2026-10-01 03:00:00;03:00:00;375,95;3;NE;Nordeste;UTE;PERFIL
2026-09-25;2026-10-01;2026-10-01 03:30:00;03:30:00;376,025;3;NE;Nordeste;UTE;PERFIL
2026-09-25;2026-10-01;2026-10-01 04:00:00;04:00:00;376,049;3;NE;Nordeste;UTE;PERFIL
2026-09-25;2026-10-01;2026-10-01 04:30:00;04:30:00;376,535;3;NE;Nordeste;UTE;PERFIL
2026-09-25;2026-10-01;2026-10-01 05:00:00;05:00:00;376,692;3;NE;Nordeste;UTE;PERFIL
2026-09-25;2026-10-01;2026-10-01 05:30:00;05:30:00;375,647;3;NE;Nordeste;UTE;PERFIL
2026-09-25;2026-10-01;2026-10-01 06:00:00;06:00:00;374,341;3;NE;Nordeste;UTE;PERFIL
2026-09-25;2026-10-01;2026-10-01 06:30:00;06:30:00;374,083;3;NE;Nordeste;UTE;PERFIL
2026-09-25;2026-10-01;2026-10-01 07:00:00;07:00:00;374,275;3;NE;Nordeste;UTE;PERFIL
2026-09-25;2026-10-01;2026-10-01 07:30:00;07:30:00;373,171;3;NE;Nordeste;UTE;PERFIL
2026-09-25;2026-10-01;2026-10-01 08:00:00;08:00:00;371,993;3;NE;Nordeste;UTE;PERFIL
2026-09-25;2026-10-01;2026-10-01 08:30:00;08:30:00;370,286;3;NE;Nordeste;UTE;PERFIL
2026-09-25;2026-10-01;2026-10-01 09:00:00;09:00:00;368,211;3;NE;Nordeste;UTE;PERFIL
2026-09-25;2026-10-01;2026-10-01 09:30:00;09:30:00;367,141;3;NE;Nordeste;UTE;PERFIL
2026-09-25;2026-10-01;2026-10-01 10:00:00;10:00:00;366,128;3;NE;Nordeste;UTE;PERFIL
2026-09-25;2026-10-01;2026-10-01 10:30:00;10:30:00;365,992;3;NE;Nordeste;UTE;PERFIL
2026-09-25;2026-10-01;2026-10-01 11:00:00;11:00:00;366,026;3;NE;Nordeste;UTE;PERFIL
2026-09-25;2026-10-01;2026-10-01 11:30:00;11:30:00;366,061;3;NE;Nordeste;UTE;PERFIL
2026-09-25;2026-10-01;2026-10-01 12:00:00;12:00:00;366,097;3;NE;Nordeste;UTE;PERFIL
2026-09-25;2026-10-01;2026-10-01 12:30:00;12:30:00;366,42;3;NE;Nordeste;UTE;PERFIL
2026-09-25;2026-10-01;2026-10-01 13:00:00;13:00:00;366,242;3;NE;Nordeste;UTE;PERFIL
2026-09-25;2026-10-01;2026-10-01 13:30:00;13:30:00;364,646;3;NE;Nordeste;UTE;PERFIL
2026-09-25;2026-10-01;2026-10-01 14:00:00;14:00:00;363,122;3;NE;Nordeste;UTE;PERFIL
2026-09-25;2026-10-01;2026-10-01 14:30:00;14:30:00;363,017;3;NE;Nordeste;UTE;PERFIL
2026-09-25;2026-10-01;2026-10-01 15:00:00;15:00:00;363,251;3;NE;Nordeste;UTE;PERFIL
2026-09-25;2026-10-01;2026-10-01 15:30:00;15:30:00;363,416;3;NE;Nordeste;UTE;PERFIL
2026-09-25;2026-10-01;2026-10-01 16:00:00;16:00:00;364,011;3;NE;Nordeste;UTE;PERFIL
2026-09-25;2026-10-01;2026-10-01 16:30:00;16:30:00;364,485;3;NE;Nordeste;UTE;PERFIL
2026-09-25;2026-10-01;2026-10-01 17:00:00;17:00:00;365,283;3;NE;Nordeste;UTE;PERFIL
2026-09-25;2026-10-01;2026-10-01 17:30:00;17:30:00;365,385;3;NE;Nordeste;UTE;PERFIL
2026-09-25;2026-10-01;2026-10-01 18:00:00;18:00:00;365,358;3;NE;Nordeste;UTE;PERFIL
2026-09-25;2026-10-01;2026-10-01 18:30:00;18:30:00;365,802;3;NE;Nordeste;UTE;PERFIL
2026-09-25;2026-10-01;2026-10-01 19:00:00;19:00:00;366,2;3;NE;Nordeste;UTE;PERFIL
2026-09-25;2026-10-01;2026-10-01 19:30:00;19:30:00;367,833;3;NE;Nordeste;UTE;PERFIL
2026-09-25;2026-10-01;2026-10-01 20:00:00;20:00:00;370,059;3;NE;Nordeste;UTE;PERFIL
2026-09-25;2026-10-01;2026-10-01 20:30:00;20:30:00;370,618;3;NE;Nordeste;UTE;PERFIL
2026-09-25;2026-10-01;2026-10-01 21:00:00;21:00:00;371,278;3;NE;Nordeste;UTE;PERFIL
2026-09-25;2026-10-01;2026-10-01 21:30:00;21:30:00;372,427;3;NE;Nordeste;UTE;PERFIL
2026-09-25;2026-10-01;2026-10-01 22:00:00;22:00:00;373,361;3;NE;Nordeste;UTE;PERFIL
2026-09-25;2026-10-01;2026-10-01 22:30:00;22:30:00;374,112;3;NE;Nordeste;UTE;PERFIL
2026-09-25;2026-10-01;2026-10-01 23:00:00;23:00:00;374,534;3;NE;Nordeste;UTE;PERFIL
2026-09-25;2026-10-01;2026-10-01 23:30:00;23:30:00;374,765;3;NE;Nordeste;UTE;PERFIL
2026-09-25;2026-10-02;2026-10-02 00:00:00;00:00:00;374,418;3;NE;Nordeste;UTE;PERFIL
2026-09-25;2026-10-02;2026-10-02 00:30:00;00:30:00;374,712;3;NE;Nordeste;UTE;PERFIL
2026-09-25;2026-10-02;2026-10-02 01:00:00;01:00:00;374,637;3;NE;Nordeste;UTE;PERFIL
2026-09-25;2026-10-02;2026-10-02 01:30:00;01:30:00;374,955;3;NE;Nordeste;UTE;PERFIL
2026-09-25;2026-10-02;2026-10-02 02:00:00;02:00:00;375,188;3;NE;Nordeste;UTE;PERFIL
2026-09-25;2026-10-02;2026-10-02 02:30:00;02:30:00;375,765;3;NE;Nordeste;UTE;PERFIL
2026-09-25;2026-10-02;2026-10-02 03:00:00;03:00:00;375,95;3;NE;Nordeste;UTE;PERFIL
2026-09-25;2026-10-02;2026-10-02 03:30:00;03:30:00;376,025;3;NE;Nordeste;UTE;PERFIL
2026-09-25;2026-10-02;2026-10-02 04:00:00;04:00:00;376,049;3;NE;Nordeste;UTE;PERFIL
2026-09-25;2026-10-02;2026-10-02 04:30:00;04:30:00;376,535;3;NE;Nordeste;UTE;PERFIL
2026-09-25;2026-10-02;2026-10-02 05:00:00;05:00:00;376,692;3;NE;Nordeste;UTE;PERFIL
2026-09-25;2026-10-02;2026-10-02 05:30:00;05:30:00;375,647;3;NE;Nordeste;UTE;PERFIL
2026-09-25;2026-10-02;2026-10-02 06:00:00;06:00:00;374,341;3;NE;Nordeste;UTE;PERFIL
2026-09-25;2026-10-02;2026-10-02 06:30:00;06:30:00;374,083;3;NE;Nordeste;UTE;PERFIL
2026-09-25;2026-10-02;2026-10-02 07:00:00;07:00:00;374,275;3;NE;Nordeste;UTE;PERFIL
2026-09-25;2026-10-02;2026-10-02 07:30:00;07:30:00;373,171;3;NE;Nordeste;UTE;PERFIL
2026-09-25;2026-10-02;2026-10-02 08:00:00;08:00:00;371,993;3;NE;Nordeste;UTE;PERFIL
2026-09-25;2026-10-02;2026-10-02 08:30:00;08:30:00;370,286;3;NE;Nordeste;UTE;PERFIL
2026-09-25;2026-10-02;2026-10-02 09:00:00;09:00:00;368,211;3;NE;Nordeste;UTE;PERFIL
2026-09-25;2026-10-02;2026-10-02 09:30:00;09:30:00;367,141;3;NE;Nordeste;UTE;PERFIL
2026-09-25;2026-10-02;2026-10-02 10:00:00;10:00:00;366,128;3;NE;Nordeste;UTE;PERFIL
2026-09-25;2026-10-02;2026-10-02 10:30:00;10:30:00;365,992;3;NE;Nordeste;UTE;PERFIL
2026-09-25;2026-10-02;2026-10-02 11:00:00;11:00:00;366,026;3;NE;Nordeste;UTE;PERFIL
2026-09-25;2026-10-02;2026-10-02 11:30:00;11:30:00;366,061;3;NE;Nordeste;UTE;PERFIL
2026-09-25;2026-10-02;2026-10-02 12:00:00;12:00:00;366,097;3;NE;Nordeste;UTE;PERFIL
2026-09-25;2026-10-02;2026-10-02 12:30:00;12:30:00;366,42;3;NE;Nordeste;UTE;PERFIL
2026-09-25;2026-10-02;2026-10-02 13:00:00;13:00:00;366,242;3;NE;Nordeste;UTE;PERFIL
2026-09-25;2026-10-02;2026-10-02 13:30:00;13:30:00;364,646;3;NE;Nordeste;UTE;PERFIL
2026-09-25;2026-10-02;2026-10-02 14:00:00;14:00:00;363,122;3;NE;Nordeste;UTE;PERFIL
2026-09-25;2026-10-02;2026-10-02 14:30:00;14:30:00;363,017;3;NE;Nordeste;UTE;PERFIL
2026-09-25;2026-10-02;2026-10-02 15:00:00;15:00:00;363,251;3;NE;Nordeste;UTE;PERFIL
2026-09-25;2026-10-02;2026-10-02 15:30:00;15:30:00;363,416;3;NE;Nordeste;UTE;PERFIL
2026-09-25;2026-10-02;2026-10-02 16:00:00;16:00:00;364,011;3;NE;Nordeste;UTE;PERFIL
2026-09-25;2026-10-02;2026-10-02 16:30:00;16:30:00;364,485;3;NE;Nordeste;UTE;PERFIL
2026-09-25;2026-10-02;2026-10-02 17:00:00;17:00:00;365,283;3;NE;Nordeste;UTE;PERFIL
2026-09-25;2026-10-02;2026-10-02 17:30:00;17:30:00;365,385;3;NE;Nordeste;UTE;PERFIL
2026-09-25;2026-10-02;2026-10-02 18:00:00;18:00:00;365,358;3;NE;Nordeste;UTE;PERFIL
2026-09-25;2026-10-02;2026-10-02 18:30:00;18:30:00;365,802;3;NE;Nordeste;UTE;PERFIL
2026-09-25;2026-10-02;2026-10-02 19:00:00;19:00:00;366,2;3;NE;Nordeste;UTE;PERFIL
2026-09-25;2026-10-02;2026-10-02 19:30:00;19:30:00;367,833;3;NE;Nordeste;UTE;PERFIL
2026-09-25;2026-10-02;2026-10-02 20:00:00;20:00:00;370,059;3;NE;Nordeste;UTE;PERFIL
2026-09-25;2026-10-02;2026-10-02 20:30:00;20:30:00;370,618;3;NE;Nordeste;UTE;PERFIL
2026-09-25;2026-10-02;2026-10-02 21:00:00;21:00:00;371,278;3;NE;Nordeste;UTE;PERFIL
2026-09-25;2026-10-02;2026-10-02 21:30:00;21:30:00;372,427;3;NE;Nordeste;UTE;PERFIL
2026-09-25;2026-10-02;2026-10-02 22:00:00;22:00:00;373,361;3;NE;Nordeste;UTE;PERFIL
2026-09-25;2026-10-02;2026-10-02 22:30:00;22:30:00;374,112;3;NE;Nordeste;UTE;PERFIL
2026-09-25;2026-10-02;2026-10-02 23:00:00;23:00:00;374,534;3;NE;Nordeste;UTE;PERFIL
2026-09-25;2026-10-02;2026-10-02 23:30:00;23:30:00;374,765;3;NE;Nordeste;UTE;PERFIL
2026-09-25;2026-09-25;2026-09-25 00:00:00;00:00:00;102,0;2;S;Sul;UTE;DESSEM
2026-09-25;2026-09-25;2026-09-25 00:30:00;00:30:00;105,0;2;S;Sul;UTE;DESSEM
2026-09-25;2026-09-25;2026-09-25 01:00:00;01:00:00;106,0;2;S;Sul;UTE;DESSEM
2026-09-25;2026-09-25;2026-09-25 01:30:00;01:30:00;108,0;2;S;Sul;UTE;DESSEM
2026-09-25;2026-09-25;2026-09-25 02:00:00;02:00:00;111,0;2;S;Sul;UTE;DESSEM
2026-09-25;2026-09-25;2026-09-25 02:30:00;02:30:00;107,0;2;S;Sul;UTE;DESSEM
2026-09-25;2026-09-25;2026-09-25 03:00:00;03:00:00;108,0;2;S;Sul;UTE;DESSEM
2026-09-25;2026-09-25;2026-09-25 03:30:00;03:30:00;110,0;2;S;Sul;UTE;DESSEM
2026-09-25;2026-09-25;2026-09-25 04:00:00;04:00:00;108,0;2;S;Sul;UTE;DESSEM
2026-09-25;2026-09-25;2026-09-25 04:30:00;04:30:00;105,0;2;S;Sul;UTE;DESSEM
2026-09-25;2026-09-25;2026-09-25 05:00:00;05:00:00;109,0;2;S;Sul;UTE;DESSEM
2026-09-25;2026-09-25;2026-09-25 05:30:00;05:30:00;109,0;2;S;Sul;UTE;DESSEM
2026-09-25;2026-09-25;2026-09-25 06:00:00;06:00:00;108,0;2;S;Sul;UTE;DESSEM
2026-09-25;2026-09-25;2026-09-25 06:30:00;06:30:00;109,0;2;S;Sul;UTE;DESSEM
2026-09-25;2026-09-25;2026-09-25 07:00:00;07:00:00;105,0;2;S;Sul;UTE;DESSEM
2026-09-25;2026-09-25;2026-09-25 07:30:00;07:30:00;104,0;2;S;Sul;UTE;DESSEM
2026-09-25;2026-09-25;2026-09-25 08:00:00;08:00:00;102,0;2;S;Sul;UTE;DESSEM
2026-09-25;2026-09-25;2026-09-25 08:30:00;08:30:00;103,0;2;S;Sul;UTE;DESSEM
2026-09-25;2026-09-25;2026-09-25 09:00:00;09:00:00;102,0;2;S;Sul;UTE;DESSEM
2026-09-25;2026-09-25;2026-09-25 09:30:00;09:30:00;103,0;2;S;Sul;UTE;DESSEM
2026-09-25;2026-09-25;2026-09-25 10:00:00;10:00:00;101,0;2;S;Sul;UTE;DESSEM
2026-09-25;2026-09-25;2026-09-25 10:30:00;10:30:00;100,0;2;S;Sul;UTE;DESSEM
2026-09-25;2026-09-25;2026-09-25 11:00:00;11:00:00;101,0;2;S;Sul;UTE;DESSEM
2026-09-25;2026-09-25;2026-09-25 11:30:00;11:30:00;100,0;2;S;Sul;UTE;DESSEM
2026-09-25;2026-09-25;2026-09-25 12:00:00;12:00:00;99,0;2;S;Sul;UTE;DESSEM
2026-09-25;2026-09-25;2026-09-25 12:30:00;12:30:00;102,0;2;S;Sul;UTE;DESSEM
2026-09-25;2026-09-25;2026-09-25 13:00:00;13:00:00;107,0;2;S;Sul;UTE;DESSEM
2026-09-25;2026-09-25;2026-09-25 13:30:00;13:30:00;105,0;2;S;Sul;UTE;DESSEM
2026-09-25;2026-09-25;2026-09-25 14:00:00;14:00:00;104,0;2;S;Sul;UTE;DESSEM
2026-09-25;2026-09-25;2026-09-25 14:30:00;14:30:00;102,0;2;S;Sul;UTE;DESSEM
2026-09-25;2026-09-25;2026-09-25 15:00:00;15:00:00;101,0;2;S;Sul;UTE;DESSEM
2026-09-25;2026-09-25;2026-09-25 15:30:00;15:30:00;102,0;2;S;Sul;UTE;DESSEM
2026-09-25;2026-09-25;2026-09-25 16:00:00;16:00:00;102,0;2;S;Sul;UTE;DESSEM
2026-09-25;2026-09-25;2026-09-25 16:30:00;16:30:00;103,0;2;S;Sul;UTE;DESSEM
2026-09-25;2026-09-25;2026-09-25 17:00:00;17:00:00;103,0;2;S;Sul;UTE;DESSEM
2026-09-25;2026-09-25;2026-09-25 17:30:00;17:30:00;103,0;2;S;Sul;UTE;DESSEM
2026-09-25;2026-09-25;2026-09-25 18:00:00;18:00:00;102,0;2;S;Sul;UTE;DESSEM
2026-09-25;2026-09-25;2026-09-25 18:30:00;18:30:00;105,0;2;S;Sul;UTE;DESSEM
2026-09-25;2026-09-25;2026-09-25 19:00:00;19:00:00;106,0;2;S;Sul;UTE;DESSEM
2026-09-25;2026-09-25;2026-09-25 19:30:00;19:30:00;108,0;2;S;Sul;UTE;DESSEM
2026-09-25;2026-09-25;2026-09-25 20:00:00;20:00:00;108,0;2;S;Sul;UTE;DESSEM
2026-09-25;2026-09-25;2026-09-25 20:30:00;20:30:00;109,0;2;S;Sul;UTE;DESSEM
2026-09-25;2026-09-25;2026-09-25 21:00:00;21:00:00;108,0;2;S;Sul;UTE;DESSEM
2026-09-25;2026-09-25;2026-09-25 21:30:00;21:30:00;109,0;2;S;Sul;UTE;DESSEM
2026-09-25;2026-09-25;2026-09-25 22:00:00;22:00:00;110,0;2;S;Sul;UTE;DESSEM
2026-09-25;2026-09-25;2026-09-25 22:30:00;22:30:00;108,0;2;S;Sul;UTE;DESSEM
2026-09-25;2026-09-25;2026-09-25 23:00:00;23:00:00;108,0;2;S;Sul;UTE;DESSEM
2026-09-25;2026-09-25;2026-09-25 23:30:00;23:30:00;107,0;2;S;Sul;UTE;DESSEM
2026-09-25;2026-09-26;2026-09-26 00:00:00;00:00:00;105,179;2;S;Sul;UTE;PERFIL
2026-09-25;2026-09-26;2026-09-26 00:30:00;00:30:00;105,824;2;S;Sul;UTE;PERFIL
2026-09-25;2026-09-26;2026-09-26 01:00:00;01:00:00;105,008;2;S;Sul;UTE;PERFIL
2026-09-25;2026-09-26;2026-09-26 01:30:00;01:30:00;105,445;2;S;Sul;UTE;PERFIL
2026-09-25;2026-09-26;2026-09-26 02:00:00;02:00:00;106,269;2;S;Sul;UTE;PERFIL
2026-09-25;2026-09-26;2026-09-26 02:30:00;02:30:00;105,465;2;S;Sul;UTE;PERFIL
2026-09-25;2026-09-26;2026-09-26 03:00:00;03:00:00;106,657;2;S;Sul;UTE;PERFIL
2026-09-25;2026-09-26;2026-09-26 03:30:00;03:30:00;106,071;2;S;Sul;UTE;PERFIL
2026-09-25;2026-09-26;2026-09-26 04:00:00;04:00:00;105,615;2;S;Sul;UTE;PERFIL
2026-09-25;2026-09-26;2026-09-26 04:30:00;04:30:00;106,197;2;S;Sul;UTE;PERFIL
2026-09-25;2026-09-26;2026-09-26 05:00:00;05:00:00;106,366;2;S;Sul;UTE;PERFIL
2026-09-25;2026-09-26;2026-09-26 05:30:00;05:30:00;105,523;2;S;Sul;UTE;PERFIL
2026-09-25;2026-09-26;2026-09-26 06:00:00;06:00:00;106,147;2;S;Sul;UTE;PERFIL
2026-09-25;2026-09-26;2026-09-26 06:30:00;06:30:00;107,056;2;S;Sul;UTE;PERFIL
2026-09-25;2026-09-26;2026-09-26 07:00:00;07:00:00;106,164;2;S;Sul;UTE;PERFIL
2026-09-25;2026-09-26;2026-09-26 07:30:00;07:30:00;105,243;2;S;Sul;UTE;PERFIL
2026-09-25;2026-09-26;2026-09-26 08:00:00;08:00:00;105,398;2;S;Sul;UTE;PERFIL
2026-09-25;2026-09-26;2026-09-26 08:30:00;08:30:00;105,557;2;S;Sul;UTE;PERFIL
2026-09-25;2026-09-26;2026-09-26 09:00:00;09:00:00;104,853;2;S;Sul;UTE;PERFIL
2026-09-25;2026-09-26;2026-09-26 09:30:00;09:30:00;104,189;2;S;Sul;UTE;PERFIL
2026-09-25;2026-09-26;2026-09-26 10:00:00;10:00:00;105,436;2;S;Sul;UTE;PERFIL
2026-09-25;2026-09-26;2026-09-26 10:30:00;10:30:00;105,223;2;S;Sul;UTE;PERFIL
2026-09-25;2026-09-26;2026-09-26 11:00:00;11:00:00;105,654;2;S;Sul;UTE;PERFIL
2026-09-25;2026-09-26;2026-09-26 11:30:00;11:30:00;105,198;2;S;Sul;UTE;PERFIL
2026-09-25;2026-09-26;2026-09-26 12:00:00;12:00:00;105,063;2;S;Sul;UTE;PERFIL
2026-09-25;2026-09-26;2026-09-26 12:30:00;12:30:00;105,482;2;S;Sul;UTE;PERFIL
2026-09-25;2026-09-26;2026-09-26 13:00:00;13:00:00;106,383;2;S;Sul;UTE;PERFIL
2026-09-25;2026-09-26;2026-09-26 13:30:00;13:30:00;105,544;2;S;Sul;UTE;PERFIL
2026-09-25;2026-09-26;2026-09-26 14:00:00;14:00:00;105,633;2;S;Sul;UTE;PERFIL
2026-09-25;2026-09-26;2026-09-26 14:30:00;14:30:00;106,623;2;S;Sul;UTE;PERFIL
2026-09-25;2026-09-26;2026-09-26 15:00:00;15:00:00;105,188;2;S;Sul;UTE;PERFIL
2026-09-25;2026-09-26;2026-09-26 15:30:00;15:30:00;103,938;2;S;Sul;UTE;PERFIL
2026-09-25;2026-09-26;2026-09-26 16:00:00;16:00:00;104,445;2;S;Sul;UTE;PERFIL
2026-09-25;2026-09-26;2026-09-26 16:30:00;16:30:00;104,502;2;S;Sul;UTE;PERFIL
2026-09-25;2026-09-26;2026-09-26 17:00:00;17:00:00;103,721;2;S;Sul;UTE;PERFIL
2026-09-25;2026-09-26;2026-09-26 17:30:00;17:30:00;102,713;2;S;Sul;UTE;PERFIL
2026-09-25;2026-09-26;2026-09-26 18:00:00;18:00:00;102,855;2;S;Sul;UTE;PERFIL
2026-09-25;2026-09-26;2026-09-26 18:30:00;18:30:00;102,916;2;S;Sul;UTE;PERFIL
2026-09-25;2026-09-26;2026-09-26 19:00:00;19:00:00;103,184;2;S;Sul;UTE;PERFIL
2026-09-25;2026-09-26;2026-09-26 19:30:00;19:30:00;103,959;2;S;Sul;UTE;PERFIL
2026-09-25;2026-09-26;2026-09-26 20:00:00;20:00:00;104,453;2;S;Sul;UTE;PERFIL
2026-09-25;2026-09-26;2026-09-26 20:30:00;20:30:00;104,689;2;S;Sul;UTE;PERFIL
2026-09-25;2026-09-26;2026-09-26 21:00:00;21:00:00;104,697;2;S;Sul;UTE;PERFIL
2026-09-25;2026-09-26;2026-09-26 21:30:00;21:30:00;104,545;2;S;Sul;UTE;PERFIL
2026-09-25;2026-09-26;2026-09-26 22:00:00;22:00:00;104,891;2;S;Sul;UTE;PERFIL
2026-09-25;2026-09-26;2026-09-26 22:30:00;22:30:00;105,144;2;S;Sul;UTE;PERFIL
2026-09-25;2026-09-26;2026-09-26 23:00:00;23:00:00;105,525;2;S;Sul;UTE;PERFIL
2026-09-25;2026-09-26;2026-09-26 23:30:00;23:30:00;105,17;2;S;Sul;UTE;PERFIL
2026-09-25;2026-09-27;2026-09-27 00:00:00;00:00:00;105,179;2;S;Sul;UTE;PERFIL
2026-09-25;2026-09-27;2026-09-27 00:30:00;00:30:00;105,824;2;S;Sul;UTE;PERFIL
2026-09-25;2026-09-27;2026-09-27 01:00:00;01:00:00;105,008;2;S;Sul;UTE;PERFIL
2026-09-25;2026-09-27;2026-09-27 01:30:00;01:30:00;105,445;2;S;Sul;UTE;PERFIL
2026-09-25;2026-09-27;2026-09-27 02:00:00;02:00:00;106,269;2;S;Sul;UTE;PERFIL
2026-09-25;2026-09-27;2026-09-27 02:30:00;02:30:00;105,465;2;S;Sul;UTE;PERFIL
2026-09-25;2026-09-27;2026-09-27 03:00:00;03:00:00;106,657;2;S;Sul;UTE;PERFIL
2026-09-25;2026-09-27;2026-09-27 03:30:00;03:30:00;106,071;2;S;Sul;UTE;PERFIL
2026-09-25;2026-09-27;2026-09-27 04:00:00;04:00:00;105,615;2;S;Sul;UTE;PERFIL
2026-09-25;2026-09-27;2026-09-27 04:30:00;04:30:00;106,197;2;S;Sul;UTE;PERFIL
2026-09-25;2026-09-27;2026-09-27 05:00:00;05:00:00;106,366;2;S;Sul;UTE;PERFIL
2026-09-25;2026-09-27;2026-09-27 05:30:00;05:30:00;105,523;2;S;Sul;UTE;PERFIL
2026-09-25;2026-09-27;2026-09-27 06:00:00;06:00:00;106,147;2;S;Sul;UTE;PERFIL
2026-09-25;2026-09-27;2026-09-27 06:30:00;06:30:00;107,056;2;S;Sul;UTE;PERFIL
2026-09-25;2026-09-27;2026-09-27 07:00:00;07:00:00;106,164;2;S;Sul;UTE;PERFIL
2026-09-25;2026-09-27;2026-09-27 07:30:00;07:30:00;105,243;2;S;Sul;UTE;PERFIL
2026-09-25;2026-09-27;2026-09-27 08:00:00;08:00:00;105,398;2;S;Sul;UTE;PERFIL
2026-09-25;2026-09-27;2026-09-27 08:30:00;08:30:00;105,557;2;S;Sul;UTE;PERFIL
2026-09-25;2026-09-27;2026-09-27 09:00:00;09:00:00;104,853;2;S;Sul;UTE;PERFIL
2026-09-25;2026-09-27;2026-09-27 09:30:00;09:30:00;104,189;2;S;Sul;UTE;PERFIL
2026-09-25;2026-09-27;2026-09-27 10:00:00;10:00:00;105,436;2;S;Sul;UTE;PERFIL
2026-09-25;2026-09-27;2026-09-27 10:30:00;10:30:00;105,223;2;S;Sul;UTE;PERFIL
2026-09-25;2026-09-27;2026-09-27 11:00:00;11:00:00;105,654;2;S;Sul;UTE;PERFIL
2026-09-25;2026-09-27;2026-09-27 11:30:00;11:30:00;105,198;2;S;Sul;UTE;PERFIL
2026-09-25;2026-09-27;2026-09-27 12:00:00;12:00:00;105,063;2;S;Sul;UTE;PERFIL
2026-09-25;2026-09-27;2026-09-27 12:30:00;12:30:00;105,482;2;S;Sul;UTE;PERFIL
2026-09-25;2026-09-27;2026-09-27 13:00:00;13:00:00;106,383;2;S;Sul;UTE;PERFIL
2026-09-25;2026-09-27;2026-09-27 13:30:00;13:30:00;105,544;2;S;Sul;UTE;PERFIL
2026-09-25;2026-09-27;2026-09-27 14:00:00;14:00:00;105,633;2;S;Sul;UTE;PERFIL
2026-09-25;2026-09-27;2026-09-27 14:30:00;14:30:00;106,623;2;S;Sul;UTE;PERFIL
2026-09-25;2026-09-27;2026-09-27 15:00:00;15:00:00;105,188;2;S;Sul;UTE;PERFIL
2026-09-25;2026-09-27;2026-09-27 15:30:00;15:30:00;103,938;2;S;Sul;UTE;PERFIL
2026-09-25;2026-09-27;2026-09-27 16:00:00;16:00:00;104,445;2;S;Sul;UTE;PERFIL
2026-09-25;2026-09-27;2026-09-27 16:30:00;16:30:00;104,502;2;S;Sul;UTE;PERFIL
2026-09-25;2026-09-27;2026-09-27 17:00:00;17:00:00;103,721;2;S;Sul;UTE;PERFIL
2026-09-25;2026-09-27;2026-09-27 17:30:00;17:30:00;102,713;2;S;Sul;UTE;PERFIL
2026-09-25;2026-09-27;2026-09-27 18:00:00;18:00:00;102,855;2;S;Sul;UTE;PERFIL
2026-09-25;2026-09-27;2026-09-27 18:30:00;18:30:00;102,916;2;S;Sul;UTE;PERFIL
2026-09-25;2026-09-27;2026-09-27 19:00:00;19:00:00;103,184;2;S;Sul;UTE;PERFIL
2026-09-25;2026-09-27;2026-09-27 19:30:00;19:30:00;103,959;2;S;Sul;UTE;PERFIL
2026-09-25;2026-09-27;2026-09-27 20:00:00;20:00:00;104,453;2;S;Sul;UTE;PERFIL
2026-09-25;2026-09-27;2026-09-27 20:30:00;20:30:00;104,689;2;S;Sul;UTE;PERFIL
2026-09-25;2026-09-27;2026-09-27 21:00:00;21:00:00;104,697;2;S;Sul;UTE;PERFIL
2026-09-25;2026-09-27;2026-09-27 21:30:00;21:30:00;104,545;2;S;Sul;UTE;PERFIL
2026-09-25;2026-09-27;2026-09-27 22:00:00;22:00:00;104,891;2;S;Sul;UTE;PERFIL
2026-09-25;2026-09-27;2026-09-27 22:30:00;22:30:00;105,144;2;S;Sul;UTE;PERFIL
2026-09-25;2026-09-27;2026-09-27 23:00:00;23:00:00;105,525;2;S;Sul;UTE;PERFIL
2026-09-25;2026-09-27;2026-09-27 23:30:00;23:30:00;105,17;2;S;Sul;UTE;PERFIL
2026-09-25;2026-09-28;2026-09-28 00:00:00;00:00:00;105,179;2;S;Sul;UTE;PERFIL
2026-09-25;2026-09-28;2026-09-28 00:30:00;00:30:00;105,824;2;S;Sul;UTE;PERFIL
2026-09-25;2026-09-28;2026-09-28 01:00:00;01:00:00;105,008;2;S;Sul;UTE;PERFIL
2026-09-25;2026-09-28;2026-09-28 01:30:00;01:30:00;105,445;2;S;Sul;UTE;PERFIL
2026-09-25;2026-09-28;2026-09-28 02:00:00;02:00:00;106,269;2;S;Sul;UTE;PERFIL
2026-09-25;2026-09-28;2026-09-28 02:30:00;02:30:00;105,465;2;S;Sul;UTE;PERFIL
2026-09-25;2026-09-28;2026-09-28 03:00:00;03:00:00;106,657;2;S;Sul;UTE;PERFIL
2026-09-25;2026-09-28;2026-09-28 03:30:00;03:30:00;106,071;2;S;Sul;UTE;PERFIL
2026-09-25;2026-09-28;2026-09-28 04:00:00;04:00:00;105,615;2;S;Sul;UTE;PERFIL
2026-09-25;2026-09-28;2026-09-28 04:30:00;04:30:00;106,197;2;S;Sul;UTE;PERFIL
2026-09-25;2026-09-28;2026-09-28 05:00:00;05:00:00;106,366;2;S;Sul;UTE;PERFIL
2026-09-25;2026-09-28;2026-09-28 05:30:00;05:30:00;105,523;2;S;Sul;UTE;PERFIL
2026-09-25;2026-09-28;2026-09-28 06:00:00;06:00:00;106,147;2;S;Sul;UTE;PERFIL
2026-09-25;2026-09-28;2026-09-28 06:30:00;06:30:00;107,056;2;S;Sul;UTE;PERFIL
2026-09-25;2026-09-28;2026-09-28 07:00:00;07:00:00;106,164;2;S;Sul;UTE;PERFIL
2026-09-25;2026-09-28;2026-09-28 07:30:00;07:30:00;105,243;2;S;Sul;UTE;PERFIL
2026-09-25;2026-09-28;2026-09-28 08:00:00;08:00:00;105,398;2;S;Sul;UTE;PERFIL
2026-09-25;2026-09-28;2026-09-28 08:30:00;08:30:00;105,557;2;S;Sul;UTE;PERFIL
2026-09-25;2026-09-28;2026-09-28 09:00:00;09:00:00;104,853;2;S;Sul;UTE;PERFIL
2026-09-25;2026-09-28;2026-09-28 09:30:00;09:30:00;104,189;2;S;Sul;UTE;PERFIL
2026-09-25;2026-09-28;2026-09-28 10:00:00;10:00:00;105,436;2;S;Sul;UTE;PERFIL
2026-09-25;2026-09-28;2026-09-28 10:30:00;10:30:00;105,223;2;S;Sul;UTE;PERFIL
2026-09-25;2026-09-28;2026-09-28 11:00:00;11:00:00;105,654;2;S;Sul;UTE;PERFIL
2026-09-25;2026-09-28;2026-09-28 11:30:00;11:30:00;105,198;2;S;Sul;UTE;PERFIL
2026-09-25;2026-09-28;2026-09-28 12:00:00;12:00:00;105,063;2;S;Sul;UTE;PERFIL
2026-09-25;2026-09-28;2026-09-28 12:30:00;12:30:00;105,482;2;S;Sul;UTE;PERFIL
2026-09-25;2026-09-28;2026-09-28 13:00:00;13:00:00;106,383;2;S;Sul;UTE;PERFIL
2026-09-25;2026-09-28;2026-09-28 13:30:00;13:30:00;105,544;2;S;Sul;UTE;PERFIL
2026-09-25;2026-09-28;2026-09-28 14:00:00;14:00:00;105,633;2;S;Sul;UTE;PERFIL
2026-09-25;2026-09-28;2026-09-28 14:30:00;14:30:00;106,623;2;S;Sul;UTE;PERFIL
2026-09-25;2026-09-28;2026-09-28 15:00:00;15:00:00;105,188;2;S;Sul;UTE;PERFIL
2026-09-25;2026-09-28;2026-09-28 15:30:00;15:30:00;103,938;2;S;Sul;UTE;PERFIL
2026-09-25;2026-09-28;2026-09-28 16:00:00;16:00:00;104,445;2;S;Sul;UTE;PERFIL
2026-09-25;2026-09-28;2026-09-28 16:30:00;16:30:00;104,502;2;S;Sul;UTE;PERFIL
2026-09-25;2026-09-28;2026-09-28 17:00:00;17:00:00;103,721;2;S;Sul;UTE;PERFIL
2026-09-25;2026-09-28;2026-09-28 17:30:00;17:30:00;102,713;2;S;Sul;UTE;PERFIL
2026-09-25;2026-09-28;2026-09-28 18:00:00;18:00:00;102,855;2;S;Sul;UTE;PERFIL
2026-09-25;2026-09-28;2026-09-28 18:30:00;18:30:00;102,916;2;S;Sul;UTE;PERFIL
2026-09-25;2026-09-28;2026-09-28 19:00:00;19:00:00;103,184;2;S;Sul;UTE;PERFIL
2026-09-25;2026-09-28;2026-09-28 19:30:00;19:30:00;103,959;2;S;Sul;UTE;PERFIL
2026-09-25;2026-09-28;2026-09-28 20:00:00;20:00:00;104,453;2;S;Sul;UTE;PERFIL
2026-09-25;2026-09-28;2026-09-28 20:30:00;20:30:00;104,689;2;S;Sul;UTE;PERFIL
2026-09-25;2026-09-28;2026-09-28 21:00:00;21:00:00;104,697;2;S;Sul;UTE;PERFIL
2026-09-25;2026-09-28;2026-09-28 21:30:00;21:30:00;104,545;2;S;Sul;UTE;PERFIL
2026-09-25;2026-09-28;2026-09-28 22:00:00;22:00:00;104,891;2;S;Sul;UTE;PERFIL
2026-09-25;2026-09-28;2026-09-28 22:30:00;22:30:00;105,144;2;S;Sul;UTE;PERFIL
2026-09-25;2026-09-28;2026-09-28 23:00:00;23:00:00;105,525;2;S;Sul;UTE;PERFIL
2026-09-25;2026-09-28;2026-09-28 23:30:00;23:30:00;105,17;2;S;Sul;UTE;PERFIL
2026-09-25;2026-09-29;2026-09-29 00:00:00;00:00:00;105,179;2;S;Sul;UTE;PERFIL
2026-09-25;2026-09-29;2026-09-29 00:30:00;00:30:00;105,824;2;S;Sul;UTE;PERFIL
2026-09-25;2026-09-29;2026-09-29 01:00:00;01:00:00;105,008;2;S;Sul;UTE;PERFIL
2026-09-25;2026-09-29;2026-09-29 01:30:00;01:30:00;105,445;2;S;Sul;UTE;PERFIL
2026-09-25;2026-09-29;2026-09-29 02:00:00;02:00:00;106,269;2;S;Sul;UTE;PERFIL
2026-09-25;2026-09-29;2026-09-29 02:30:00;02:30:00;105,465;2;S;Sul;UTE;PERFIL
2026-09-25;2026-09-29;2026-09-29 03:00:00;03:00:00;106,657;2;S;Sul;UTE;PERFIL
2026-09-25;2026-09-29;2026-09-29 03:30:00;03:30:00;106,071;2;S;Sul;UTE;PERFIL
2026-09-25;2026-09-29;2026-09-29 04:00:00;04:00:00;105,615;2;S;Sul;UTE;PERFIL
2026-09-25;2026-09-29;2026-09-29 04:30:00;04:30:00;106,197;2;S;Sul;UTE;PERFIL
2026-09-25;2026-09-29;2026-09-29 05:00:00;05:00:00;106,366;2;S;Sul;UTE;PERFIL
2026-09-25;2026-09-29;2026-09-29 05:30:00;05:30:00;105,523;2;S;Sul;UTE;PERFIL
2026-09-25;2026-09-29;2026-09-29 06:00:00;06:00:00;106,147;2;S;Sul;UTE;PERFIL
2026-09-25;2026-09-29;2026-09-29 06:30:00;06:30:00;107,056;2;S;Sul;UTE;PERFIL
2026-09-25;2026-09-29;2026-09-29 07:00:00;07:00:00;106,164;2;S;Sul;UTE;PERFIL
2026-09-25;2026-09-29;2026-09-29 07:30:00;07:30:00;105,243;2;S;Sul;UTE;PERFIL
2026-09-25;2026-09-29;2026-09-29 08:00:00;08:00:00;105,398;2;S;Sul;UTE;PERFIL
2026-09-25;2026-09-29;2026-09-29 08:30:00;08:30:00;105,557;2;S;Sul;UTE;PERFIL
2026-09-25;2026-09-29;2026-09-29 09:00:00;09:00:00;104,853;2;S;Sul;UTE;PERFIL
2026-09-25;2026-09-29;2026-09-29 09:30:00;09:30:00;104,189;2;S;Sul;UTE;PERFIL
2026-09-25;2026-09-29;2026-09-29 10:00:00;10:00:00;105,436;2;S;Sul;UTE;PERFIL
2026-09-25;2026-09-29;2026-09-29 10:30:00;10:30:00;105,223;2;S;Sul;UTE;PERFIL
2026-09-25;2026-09-29;2026-09-29 11:00:00;11:00:00;105,654;2;S;Sul;UTE;PERFIL
2026-09-25;2026-09-29;2026-09-29 11:30:00;11:30:00;105,198;2;S;Sul;UTE;PERFIL
2026-09-25;2026-09-29;2026-09-29 12:00:00;12:00:00;105,063;2;S;Sul;UTE;PERFIL
2026-09-25;2026-09-29;2026-09-29 12:30:00;12:30:00;105,482;2;S;Sul;UTE;PERFIL
2026-09-25;2026-09-29;2026-09-29 13:00:00;13:00:00;106,383;2;S;Sul;UTE;PERFIL
2026-09-25;2026-09-29;2026-09-29 13:30:00;13:30:00;105,544;2;S;Sul;UTE;PERFIL
2026-09-25;2026-09-29;2026-09-29 14:00:00;14:00:00;105,633;2;S;Sul;UTE;PERFIL
2026-09-25;2026-09-29;2026-09-29 14:30:00;14:30:00;106,623;2;S;Sul;UTE;PERFIL
2026-09-25;2026-09-29;2026-09-29 15:00:00;15:00:00;105,188;2;S;Sul;UTE;PERFIL
2026-09-25;2026-09-29;2026-09-29 15:30:00;15:30:00;103,938;2;S;Sul;UTE;PERFIL
2026-09-25;2026-09-29;2026-09-29 16:00:00;16:00:00;104,445;2;S;Sul;UTE;PERFIL
2026-09-25;2026-09-29;2026-09-29 16:30:00;16:30:00;104,502;2;S;Sul;UTE;PERFIL
2026-09-25;2026-09-29;2026-09-29 17:00:00;17:00:00;103,721;2;S;Sul;UTE;PERFIL
2026-09-25;2026-09-29;2026-09-29 17:30:00;17:30:00;102,713;2;S;Sul;UTE;PERFIL
2026-09-25;2026-09-29;2026-09-29 18:00:00;18:00:00;102,855;2;S;Sul;UTE;PERFIL
2026-09-25;2026-09-29;2026-09-29 18:30:00;18:30:00;102,916;2;S;Sul;UTE;PERFIL
2026-09-25;2026-09-29;2026-09-29 19:00:00;19:00:00;103,184;2;S;Sul;UTE;PERFIL
2026-09-25;2026-09-29;2026-09-29 19:30:00;19:30:00;103,959;2;S;Sul;UTE;PERFIL
2026-09-25;2026-09-29;2026-09-29 20:00:00;20:00:00;104,453;2;S;Sul;UTE;PERFIL
2026-09-25;2026-09-29;2026-09-29 20:30:00;20:30:00;104,689;2;S;Sul;UTE;PERFIL
2026-09-25;2026-09-29;2026-09-29 21:00:00;21:00:00;104,697;2;S;Sul;UTE;PERFIL
2026-09-25;2026-09-29;2026-09-29 21:30:00;21:30:00;104,545;2;S;Sul;UTE;PERFIL
2026-09-25;2026-09-29;2026-09-29 22:00:00;22:00:00;104,891;2;S;Sul;UTE;PERFIL
2026-09-25;2026-09-29;2026-09-29 22:30:00;22:30:00;105,144;2;S;Sul;UTE;PERFIL
2026-09-25;2026-09-29;2026-09-29 23:00:00;23:00:00;105,525;2;S;Sul;UTE;PERFIL
2026-09-25;2026-09-29;2026-09-29 23:30:00;23:30:00;105,17;2;S;Sul;UTE;PERFIL
2026-09-25;2026-09-30;2026-09-30 00:00:00;00:00:00;105,179;2;S;Sul;UTE;PERFIL
2026-09-25;2026-09-30;2026-09-30 00:30:00;00:30:00;105,824;2;S;Sul;UTE;PERFIL
2026-09-25;2026-09-30;2026-09-30 01:00:00;01:00:00;105,008;2;S;Sul;UTE;PERFIL
2026-09-25;2026-09-30;2026-09-30 01:30:00;01:30:00;105,445;2;S;Sul;UTE;PERFIL
2026-09-25;2026-09-30;2026-09-30 02:00:00;02:00:00;106,269;2;S;Sul;UTE;PERFIL
2026-09-25;2026-09-30;2026-09-30 02:30:00;02:30:00;105,465;2;S;Sul;UTE;PERFIL
2026-09-25;2026-09-30;2026-09-30 03:00:00;03:00:00;106,657;2;S;Sul;UTE;PERFIL
2026-09-25;2026-09-30;2026-09-30 03:30:00;03:30:00;106,071;2;S;Sul;UTE;PERFIL
2026-09-25;2026-09-30;2026-09-30 04:00:00;04:00:00;105,615;2;S;Sul;UTE;PERFIL
2026-09-25;2026-09-30;2026-09-30 04:30:00;04:30:00;106,197;2;S;Sul;UTE;PERFIL
2026-09-25;2026-09-30;2026-09-30 05:00:00;05:00:00;106,366;2;S;Sul;UTE;PERFIL
2026-09-25;2026-09-30;2026-09-30 05:30:00;05:30:00;105,523;2;S;Sul;UTE;PERFIL
2026-09-25;2026-09-30;2026-09-30 06:00:00;06:00:00;106,147;2;S;Sul;UTE;PERFIL
2026-09-25;2026-09-30;2026-09-30 06:30:00;06:30:00;107,056;2;S;Sul;UTE;PERFIL
2026-09-25;2026-09-30;2026-09-30 07:00:00;07:00:00;106,164;2;S;Sul;UTE;PERFIL
2026-09-25;2026-09-30;2026-09-30 07:30:00;07:30:00;105,243;2;S;Sul;UTE;PERFIL
2026-09-25;2026-09-30;2026-09-30 08:00:00;08:00:00;105,398;2;S;Sul;UTE;PERFIL
2026-09-25;2026-09-30;2026-09-30 08:30:00;08:30:00;105,557;2;S;Sul;UTE;PERFIL
2026-09-25;2026-09-30;2026-09-30 09:00:00;09:00:00;104,853;2;S;Sul;UTE;PERFIL
2026-09-25;2026-09-30;2026-09-30 09:30:00;09:30:00;104,189;2;S;Sul;UTE;PERFIL
2026-09-25;2026-09-30;2026-09-30 10:00:00;10:00:00;105,436;2;S;Sul;UTE;PERFIL
2026-09-25;2026-09-30;2026-09-30 10:30:00;10:30:00;105,223;2;S;Sul;UTE;PERFIL
2026-09-25;2026-09-30;2026-09-30 11:00:00;11:00:00;105,654;2;S;Sul;UTE;PERFIL
2026-09-25;2026-09-30;2026-09-30 11:30:00;11:30:00;105,198;2;S;Sul;UTE;PERFIL
2026-09-25;2026-09-30;2026-09-30 12:00:00;12:00:00;105,063;2;S;Sul;UTE;PERFIL
2026-09-25;2026-09-30;2026-09-30 12:30:00;12:30:00;105,482;2;S;Sul;UTE;PERFIL
2026-09-25;2026-09-30;2026-09-30 13:00:00;13:00:00;106,383;2;S;Sul;UTE;PERFIL
2026-09-25;2026-09-30;2026-09-30 13:30:00;13:30:00;105,544;2;S;Sul;UTE;PERFIL
2026-09-25;2026-09-30;2026-09-30 14:00:00;14:00:00;105,633;2;S;Sul;UTE;PERFIL
2026-09-25;2026-09-30;2026-09-30 14:30:00;14:30:00;106,623;2;S;Sul;UTE;PERFIL
2026-09-25;2026-09-30;2026-09-30 15:00:00;15:00:00;105,188;2;S;Sul;UTE;PERFIL
2026-09-25;2026-09-30;2026-09-30 15:30:00;15:30:00;103,938;2;S;Sul;UTE;PERFIL
2026-09-25;2026-09-30;2026-09-30 16:00:00;16:00:00;104,445;2;S;Sul;UTE;PERFIL
2026-09-25;2026-09-30;2026-09-30 16:30:00;16:30:00;104,502;2;S;Sul;UTE;PERFIL
2026-09-25;2026-09-30;2026-09-30 17:00:00;17:00:00;103,721;2;S;Sul;UTE;PERFIL
2026-09-25;2026-09-30;2026-09-30 17:30:00;17:30:00;102,713;2;S;Sul;UTE;PERFIL
2026-09-25;2026-09-30;2026-09-30 18:00:00;18:00:00;102,855;2;S;Sul;UTE;PERFIL
2026-09-25;2026-09-30;2026-09-30 18:30:00;18:30:00;102,916;2;S;Sul;UTE;PERFIL
2026-09-25;2026-09-30;2026-09-30 19:00:00;19:00:00;103,184;2;S;Sul;UTE;PERFIL
2026-09-25;2026-09-30;2026-09-30 19:30:00;19:30:00;103,959;2;S;Sul;UTE;PERFIL
2026-09-25;2026-09-30;2026-09-30 20:00:00;20:00:00;104,453;2;S;Sul;UTE;PERFIL
2026-09-25;2026-09-30;2026-09-30 20:30:00;20:30:00;104,689;2;S;Sul;UTE;PERFIL
2026-09-25;2026-09-30;2026-09-30 21:00:00;21:00:00;104,697;2;S;Sul;UTE;PERFIL
2026-09-25;2026-09-30;2026-09-30 21:30:00;21:30:00;104,545;2;S;Sul;UTE;PERFIL
2026-09-25;2026-09-30;2026-09-30 22:00:00;22:00:00;104,891;2;S;Sul;UTE;PERFIL
2026-09-25;2026-09-30;2026-09-30 22:30:00;22:30:00;105,144;2;S;Sul;UTE;PERFIL
2026-09-25;2026-09-30;2026-09-30 23:00:00;23:00:00;105,525;2;S;Sul;UTE;PERFIL
2026-09-25;2026-09-30;2026-09-30 23:30:00;23:30:00;105,17;2;S;Sul;UTE;PERFIL
2026-09-25;2026-10-01;2026-10-01 00:00:00;00:00:00;105,179;2;S;Sul;UTE;PERFIL
2026-09-25;2026-10-01;2026-10-01 00:30:00;00:30:00;105,824;2;S;Sul;UTE;PERFIL
2026-09-25;2026-10-01;2026-10-01 01:00:00;01:00:00;105,008;2;S;Sul;UTE;PERFIL
2026-09-25;2026-10-01;2026-10-01 01:30:00;01:30:00;105,445;2;S;Sul;UTE;PERFIL
2026-09-25;2026-10-01;2026-10-01 02:00:00;02:00:00;106,269;2;S;Sul;UTE;PERFIL
2026-09-25;2026-10-01;2026-10-01 02:30:00;02:30:00;105,465;2;S;Sul;UTE;PERFIL
2026-09-25;2026-10-01;2026-10-01 03:00:00;03:00:00;106,657;2;S;Sul;UTE;PERFIL
2026-09-25;2026-10-01;2026-10-01 03:30:00;03:30:00;106,071;2;S;Sul;UTE;PERFIL
2026-09-25;2026-10-01;2026-10-01 04:00:00;04:00:00;105,615;2;S;Sul;UTE;PERFIL
2026-09-25;2026-10-01;2026-10-01 04:30:00;04:30:00;106,197;2;S;Sul;UTE;PERFIL
2026-09-25;2026-10-01;2026-10-01 05:00:00;05:00:00;106,366;2;S;Sul;UTE;PERFIL
2026-09-25;2026-10-01;2026-10-01 05:30:00;05:30:00;105,523;2;S;Sul;UTE;PERFIL
2026-09-25;2026-10-01;2026-10-01 06:00:00;06:00:00;106,147;2;S;Sul;UTE;PERFIL
2026-09-25;2026-10-01;2026-10-01 06:30:00;06:30:00;107,056;2;S;Sul;UTE;PERFIL
2026-09-25;2026-10-01;2026-10-01 07:00:00;07:00:00;106,164;2;S;Sul;UTE;PERFIL
2026-09-25;2026-10-01;2026-10-01 07:30:00;07:30:00;105,243;2;S;Sul;UTE;PERFIL
2026-09-25;2026-10-01;2026-10-01 08:00:00;08:00:00;105,398;2;S;Sul;UTE;PERFIL
2026-09-25;2026-10-01;2026-10-01 08:30:00;08:30:00;105,557;2;S;Sul;UTE;PERFIL
2026-09-25;2026-10-01;2026-10-01 09:00:00;09:00:00;104,853;2;S;Sul;UTE;PERFIL
2026-09-25;2026-10-01;2026-10-01 09:30:00;09:30:00;104,189;2;S;Sul;UTE;PERFIL
2026-09-25;2026-10-01;2026-10-01 10:00:00;10:00:00;105,436;2;S;Sul;UTE;PERFIL
2026-09-25;2026-10-01;2026-10-01 10:30:00;10:30:00;105,223;2;S;Sul;UTE;PERFIL
2026-09-25;2026-10-01;2026-10-01 11:00:00;11:00:00;105,654;2;S;Sul;UTE;PERFIL
2026-09-25;2026-10-01;2026-10-01 11:30:00;11:30:00;105,198;2;S;Sul;UTE;PERFIL
2026-09-25;2026-10-01;2026-10-01 12:00:00;12:00:00;105,063;2;S;Sul;UTE;PERFIL
2026-09-25;2026-10-01;2026-10-01 12:30:00;12:30:00;105,482;2;S;Sul;UTE;PERFIL
2026-09-25;2026-10-01;2026-10-01 13:00:00;13:00:00;106,383;2;S;Sul;UTE;PERFIL
2026-09-25;2026-10-01;2026-10-01 13:30:00;13:30:00;105,544;2;S;Sul;UTE;PERFIL
2026-09-25;2026-10-01;2026-10-01 14:00:00;14:00:00;105,633;2;S;Sul;UTE;PERFIL
2026-09-25;2026-10-01;2026-10-01 14:30:00;14:30:00;106,623;2;S;Sul;UTE;PERFIL
2026-09-25;2026-10-01;2026-10-01 15:00:00;15:00:00;105,188;2;S;Sul;UTE;PERFIL
2026-09-25;2026-10-01;2026-10-01 15:30:00;15:30:00;103,938;2;S;Sul;UTE;PERFIL
2026-09-25;2026-10-01;2026-10-01 16:00:00;16:00:00;104,445;2;S;Sul;UTE;PERFIL
2026-09-25;2026-10-01;2026-10-01 16:30:00;16:30:00;104,502;2;S;Sul;UTE;PERFIL
2026-09-25;2026-10-01;2026-10-01 17:00:00;17:00:00;103,721;2;S;Sul;UTE;PERFIL
2026-09-25;2026-10-01;2026-10-01 17:30:00;17:30:00;102,713;2;S;Sul;UTE;PERFIL
2026-09-25;2026-10-01;2026-10-01 18:00:00;18:00:00;102,855;2;S;Sul;UTE;PERFIL
2026-09-25;2026-10-01;2026-10-01 18:30:00;18:30:00;102,916;2;S;Sul;UTE;PERFIL
2026-09-25;2026-10-01;2026-10-01 19:00:00;19:00:00;103,184;2;S;Sul;UTE;PERFIL
2026-09-25;2026-10-01;2026-10-01 19:30:00;19:30:00;103,959;2;S;Sul;UTE;PERFIL
2026-09-25;2026-10-01;2026-10-01 20:00:00;20:00:00;104,453;2;S;Sul;UTE;PERFIL
2026-09-25;2026-10-01;2026-10-01 20:30:00;20:30:00;104,689;2;S;Sul;UTE;PERFIL
2026-09-25;2026-10-01;2026-10-01 21:00:00;21:00:00;104,697;2;S;Sul;UTE;PERFIL
2026-09-25;2026-10-01;2026-10-01 21:30:00;21:30:00;104,545;2;S;Sul;UTE;PERFIL
2026-09-25;2026-10-01;2026-10-01 22:00:00;22:00:00;104,891;2;S;Sul;UTE;PERFIL
2026-09-25;2026-10-01;2026-10-01 22:30:00;22:30:00;105,144;2;S;Sul;UTE;PERFIL
2026-09-25;2026-10-01;2026-10-01 23:00:00;23:00:00;105,525;2;S;Sul;UTE;PERFIL
2026-09-25;2026-10-01;2026-10-01 23:30:00;23:30:00;105,17;2;S;Sul;UTE;PERFIL
2026-09-25;2026-10-02;2026-10-02 00:00:00;00:00:00;105,179;2;S;Sul;UTE;PERFIL
2026-09-25;2026-10-02;2026-10-02 00:30:00;00:30:00;105,824;2;S;Sul;UTE;PERFIL
2026-09-25;2026-10-02;2026-10-02 01:00:00;01:00:00;105,008;2;S;Sul;UTE;PERFIL
2026-09-25;2026-10-02;2026-10-02 01:30:00;01:30:00;105,445;2;S;Sul;UTE;PERFIL
2026-09-25;2026-10-02;2026-10-02 02:00:00;02:00:00;106,269;2;S;Sul;UTE;PERFIL
2026-09-25;2026-10-02;2026-10-02 02:30:00;02:30:00;105,465;2;S;Sul;UTE;PERFIL
2026-09-25;2026-10-02;2026-10-02 03:00:00;03:00:00;106,657;2;S;Sul;UTE;PERFIL
2026-09-25;2026-10-02;2026-10-02 03:30:00;03:30:00;106,071;2;S;Sul;UTE;PERFIL
2026-09-25;2026-10-02;2026-10-02 04:00:00;04:00:00;105,615;2;S;Sul;UTE;PERFIL
2026-09-25;2026-10-02;2026-10-02 04:30:00;04:30:00;106,197;2;S;Sul;UTE;PERFIL
2026-09-25;2026-10-02;2026-10-02 05:00:00;05:00:00;106,366;2;S;Sul;UTE;PERFIL
2026-09-25;2026-10-02;2026-10-02 05:30:00;05:30:00;105,523;2;S;Sul;UTE;PERFIL
2026-09-25;2026-10-02;2026-10-02 06:00:00;06:00:00;106,147;2;S;Sul;UTE;PERFIL
2026-09-25;2026-10-02;2026-10-02 06:30:00;06:30:00;107,056;2;S;Sul;UTE;PERFIL
2026-09-25;2026-10-02;2026-10-02 07:00:00;07:00:00;106,164;2;S;Sul;UTE;PERFIL
2026-09-25;2026-10-02;2026-10-02 07:30:00;07:30:00;105,243;2;S;Sul;UTE;PERFIL
2026-09-25;2026-10-02;2026-10-02 08:00:00;08:00:00;105,398;2;S;Sul;UTE;PERFIL
2026-09-25;2026-10-02;2026-10-02 08:30:00;08:30:00;105,557;2;S;Sul;UTE;PERFIL
2026-09-25;2026-10-02;2026-10-02 09:00:00;09:00:00;104,853;2;S;Sul;UTE;PERFIL
2026-09-25;2026-10-02;2026-10-02 09:30:00;09:30:00;104,189;2;S;Sul;UTE;PERFIL
2026-09-25;2026-10-02;2026-10-02 10:00:00;10:00:00;105,436;2;S;Sul;UTE;PERFIL
2026-09-25;2026-10-02;2026-10-02 10:30:00;10:30:00;105,223;2;S;Sul;UTE;PERFIL
2026-09-25;2026-10-02;2026-10-02 11:00:00;11:00:00;105,654;2;S;Sul;UTE;PERFIL
2026-09-25;2026-10-02;2026-10-02 11:30:00;11:30:00;105,198;2;S;Sul;UTE;PERFIL
2026-09-25;2026-10-02;2026-10-02 12:00:00;12:00:00;105,063;2;S;Sul;UTE;PERFIL
2026-09-25;2026-10-02;2026-10-02 12:30:00;12:30:00;105,482;2;S;Sul;UTE;PERFIL
2026-09-25;2026-10-02;2026-10-02 13:00:00;13:00:00;106,383;2;S;Sul;UTE;PERFIL
2026-09-25;2026-10-02;2026-10-02 13:30:00;13:30:00;105,544;2;S;Sul;UTE;PERFIL
2026-09-25;2026-10-02;2026-10-02 14:00:00;14:00:00;105,633;2;S;Sul;UTE;PERFIL
2026-09-25;2026-10-02;2026-10-02 14:30:00;14:30:00;106,623;2;S;Sul;UTE;PERFIL
2026-09-25;2026-10-02;2026-10-02 15:00:00;15:00:00;105,188;2;S;Sul;UTE;PERFIL
2026-09-25;2026-10-02;2026-10-02 15:30:00;15:30:00;103,938;2;S;Sul;UTE;PERFIL
2026-09-25;2026-10-02;2026-10-02 16:00:00;16:00:00;104,445;2;S;Sul;UTE;PERFIL
2026-09-25;2026-10-02;2026-10-02 16:30:00;16:30:00;104,502;2;S;Sul;UTE;PERFIL
2026-09-25;2026-10-02;2026-10-02 17:00:00;17:00:00;103,721;2;S;Sul;UTE;PERFIL
2026-09-25;2026-10-02;2026-10-02 17:30:00;17:30:00;102,713;2;S;Sul;UTE;PERFIL
2026-09-25;2026-10-02;2026-10-02 18:00:00;18:00:00;102,855;2;S;Sul;UTE;PERFIL
2026-09-25;2026-10-02;2026-10-02 18:30:00;18:30:00;102,916;2;S;Sul;UTE;PERFIL
2026-09-25;2026-10-02;2026-10-02 19:00:00;19:00:00;103,184;2;S;Sul;UTE;PERFIL
2026-09-25;2026-10-02;2026-10-02 19:30:00;19:30:00;103,959;2;S;Sul;UTE;PERFIL
2026-09-25;2026-10-02;2026-10-02 20:00:00;20:00:00;104,453;2;S;Sul;UTE;PERFIL
2026-09-25;2026-10-02;2026-10-02 20:30:00;20:30:00;104,689;2;S;Sul;UTE;PERFIL
2026-09-25;2026-10-02;2026-10-02 21:00:00;21:00:00;104,697;2;S;Sul;UTE;PERFIL
2026-09-25;2026-10-02;2026-10-02 21:30:00;21:30:00;104,545;2;S;Sul;UTE;PERFIL
2026-09-25;2026-10-02;2026-10-02 22:00:00;22:00:00;104,891;2;S;Sul;UTE;PERFIL
2026-09-25;2026-10-02;2026-10-02 22:30:00;22:30:00;105,144;2;S;Sul;UTE;PERFIL
2026-09-25;2026-10-02;2026-10-02 23:00:00;23:00:00;105,525;2;S;Sul;UTE;PERFIL
2026-09-25;2026-10-02;2026-10-02 23:30:00;23:30:00;105,17;2;S;Sul;UTE;PERFIL
2026-09-25;2026-09-25;2026-09-25 00:00:00;00:00:00;3296,0;1;SE;Sudeste;UTE;DESSEM
2026-09-25;2026-09-25;2026-09-25 00:30:00;00:30:00;3300,0;1;SE;Sudeste;UTE;DESSEM
2026-09-25;2026-09-25;2026-09-25 01:00:00;01:00:00;3302,0;1;SE;Sudeste;UTE;DESSEM
2026-09-25;2026-09-25;2026-09-25 01:30:00;01:30:00;3303,0;1;SE;Sudeste;UTE;DESSEM
2026-09-25;2026-09-25;2026-09-25 02:00:00;02:00:00;3307,0;1;SE;Sudeste;UTE;DESSEM
2026-09-25;2026-09-25;2026-09-25 02:30:00;02:30:00;3311,0;1;SE;Sudeste;UTE;DESSEM
2026-09-25;2026-09-25;2026-09-25 03:00:00;03:00:00;3313,0;1;SE;Sudeste;UTE;DESSEM
2026-09-25;2026-09-25;2026-09-25 03:30:00;03:30:00;3313,0;1;SE;Sudeste;UTE;DESSEM
2026-09-25;2026-09-25;2026-09-25 04:00:00;04:00:00;3313,0;1;SE;Sudeste;UTE;DESSEM
2026-09-25;2026-09-25;2026-09-25 04:30:00;04:30:00;3317,0;1;SE;Sudeste;UTE;DESSEM
2026-09-25;2026-09-25;2026-09-25 05:00:00;05:00:00;3319,0;1;SE;Sudeste;UTE;DESSEM
2026-09-25;2026-09-25;2026-09-25 05:30:00;05:30:00;3311,0;1;SE;Sudeste;UTE;DESSEM
2026-09-25;2026-09-25;2026-09-25 06:00:00;06:00:00;3302,0;1;SE;Sudeste;UTE;DESSEM
2026-09-25;2026-09-25;2026-09-25 06:30:00;06:30:00;3301,0;1;SE;Sudeste;UTE;DESSEM
2026-09-25;2026-09-25;2026-09-25 07:00:00;07:00:00;3297,0;1;SE;Sudeste;UTE;DESSEM
2026-09-25;2026-09-25;2026-09-25 07:30:00;07:30:00;3279,0;1;SE;Sudeste;UTE;DESSEM
2026-09-25;2026-09-25;2026-09-25 08:00:00;08:00:00;3260,0;1;SE;Sudeste;UTE;DESSEM
2026-09-25;2026-09-25;2026-09-25 08:30:00;08:30:00;3234,0;1;SE;Sudeste;UTE;DESSEM
2026-09-25;2026-09-25;2026-09-25 09:00:00;09:00:00;3212,0;1;SE;Sudeste;UTE;DESSEM
2026-09-25;2026-09-25;2026-09-25 09:30:00;09:30:00;3203,0;1;SE;Sudeste;UTE;DESSEM
2026-09-25;2026-09-25;2026-09-25 10:00:00;10:00:00;3201,0;1;SE;Sudeste;UTE;DESSEM
2026-09-25;2026-09-25;2026-09-25 10:30:00;10:30:00;3198,0;1;SE;Sudeste;UTE;DESSEM
2026-09-25;2026-09-25;2026-09-25 11:00:00;11:00:00;3194,0;1;SE;Sudeste;UTE;DESSEM
2026-09-25;2026-09-25;2026-09-25 11:30:00;11:30:00;3195,0;1;SE;Sudeste;UTE;DESSEM
2026-09-25;2026-09-25;2026-09-25 12:00:00;12:00:00;3195,0;1;SE;Sudeste;UTE;DESSEM
2026-09-25;2026-09-25;2026-09-25 12:30:00;12:30:00;3196,0;1;SE;Sudeste;UTE;DESSEM
2026-09-25;2026-09-25;2026-09-25 13:00:00;13:00:00;3197,0;1;SE;Sudeste;UTE;DESSEM
2026-09-25;2026-09-25;2026-09-25 13:30:00;13:30:00;3189,0;1;SE;Sudeste;UTE;DESSEM
2026-09-25;2026-09-25;2026-09-25 14:00:00;14:00:00;3180,0;1;SE;Sudeste;UTE;DESSEM
2026-09-25;2026-09-25;2026-09-25 14:30:00;14:30:00;3191,0;1;SE;Sudeste;UTE;DESSEM
2026-09-25;2026-09-25;2026-09-25 15:00:00;15:00:00;3198,0;1;SE;Sudeste;UTE;DESSEM
2026-09-25;2026-09-25;2026-09-25 15:30:00;15:30:00;3198,0;1;SE;Sudeste;UTE;DESSEM
2026-09-25;2026-09-25;2026-09-25 16:00:00;16:00:00;3202,0;1;SE;Sudeste;UTE;DESSEM
2026-09-25;2026-09-25;2026-09-25 16:30:00;16:30:00;3205,0;1;SE;Sudeste;UTE;DESSEM
2026-09-25;2026-09-25;2026-09-25 17:00:00;17:00:00;3210,0;1;SE;Sudeste;UTE;DESSEM
2026-09-25;2026-09-25;2026-09-25 17:30:00;17:30:00;3217,0;1;SE;Sudeste;UTE;DESSEM
2026-09-25;2026-09-25;2026-09-25 18:00:00;18:00:00;3222,0;1;SE;Sudeste;UTE;DESSEM
2026-09-25;2026-09-25;2026-09-25 18:30:00;18:30:00;3225,0;1;SE;Sudeste;UTE;DESSEM
2026-09-25;2026-09-25;2026-09-25 19:00:00;19:00:00;3233,0;1;SE;Sudeste;UTE;DESSEM
2026-09-25;2026-09-25;2026-09-25 19:30:00;19:30:00;3251,0;1;SE;Sudeste;UTE;DESSEM
2026-09-25;2026-09-25;2026-09-25 20:00:00;20:00:00;3261,0;1;SE;Sudeste;UTE;DESSEM
2026-09-25;2026-09-25;2026-09-25 20:30:00;20:30:00;3265,0;1;SE;Sudeste;UTE;DESSEM
2026-09-25;2026-09-25;2026-09-25 21:00:00;21:00:00;3267,0;1;SE;Sudeste;UTE;DESSEM
2026-09-25;2026-09-25;2026-09-25 21:30:00;21:30:00;3276,0;1;SE;Sudeste;UTE;DESSEM
2026-09-25;2026-09-25;2026-09-25 22:00:00;22:00:00;3281,0;1;SE;Sudeste;UTE;DESSEM
2026-09-25;2026-09-25;2026-09-25 22:30:00;22:30:00;3288,0;1;SE;Sudeste;UTE;DESSEM
2026-09-25;2026-09-25;2026-09-25 23:00:00;23:00:00;3296,0;1;SE;Sudeste;UTE;DESSEM
2026-09-25;2026-09-25;2026-09-25 23:30:00;23:30:00;3300,0;1;SE;Sudeste;UTE;DESSEM
2026-09-25;2026-09-26;2026-09-26 00:00:00;00:00:00;3293,172;1;SE;Sudeste;UTE;PERFIL
2026-09-25;2026-09-26;2026-09-26 00:30:00;00:30:00;3297,88;1;SE;Sudeste;UTE;PERFIL
2026-09-25;2026-09-26;2026-09-26 01:00:00;01:00:00;3302,337;1;SE;Sudeste;UTE;PERFIL
2026-09-25;2026-09-26;2026-09-26 01:30:00;01:30:00;3305,295;1;SE;Sudeste;UTE;PERFIL
2026-09-25;2026-09-26;2026-09-26 02:00:00;02:00:00;3307,33;1;SE;Sudeste;UTE;PERFIL
2026-09-25;2026-09-26;2026-09-26 02:30:00;02:30:00;3310,963;1;SE;Sudeste;UTE;PERFIL
2026-09-25;2026-09-26;2026-09-26 03:00:00;03:00:00;3312,618;1;SE;Sudeste;UTE;PERFIL
2026-09-25;2026-09-26;2026-09-26 03:30:00;03:30:00;3312,816;1;SE;Sudeste;UTE;PERFIL
2026-09-25;2026-09-26;2026-09-26 04:00:00;04:00:00;3313,164;1;SE;Sudeste;UTE;PERFIL
2026-09-25;2026-09-26;2026-09-26 04:30:00;04:30:00;3315,859;1;SE;Sudeste;UTE;PERFIL
2026-09-25;2026-09-26;2026-09-26 05:00:00;05:00:00;3317,31;1;SE;Sudeste;UTE;PERFIL
2026-09-25;2026-09-26;2026-09-26 05:30:00;05:30:00;3311,388;1;SE;Sudeste;UTE;PERFIL
2026-09-25;2026-09-26;2026-09-26 06:00:00;06:00:00;3303,657;1;SE;Sudeste;UTE;PERFIL
2026-09-25;2026-09-26;2026-09-26 06:30:00;06:30:00;3298,727;1;SE;Sudeste;UTE;PERFIL
2026-09-25;2026-09-26;2026-09-26 07:00:00;07:00:00;3291,778;1;SE;Sudeste;UTE;PERFIL
2026-09-25;2026-09-26;2026-09-26 07:30:00;07:30:00;3275,436;1;SE;Sudeste;UTE;PERFIL
2026-09-25;2026-09-26;2026-09-26 08:00:00;08:00:00;3253,375;1;SE;Sudeste;UTE;PERFIL
2026-09-25;2026-09-26;2026-09-26 08:30:00;08:30:00;3233,243;1;SE;Sudeste;UTE;PERFIL
2026-09-25;2026-09-26;2026-09-26 09:00:00;09:00:00;3215,468;1;SE;Sudeste;UTE;PERFIL
2026-09-25;2026-09-26;2026-09-26 09:30:00;09:30:00;3207,624;1;SE;Sudeste;UTE;PERFIL
2026-09-25;2026-09-26;2026-09-26 10:00:00;10:00:00;3205,403;1;SE;Sudeste;UTE;PERFIL
2026-09-25;2026-09-26;2026-09-26 10:30:00;10:30:00;3201,036;1;SE;Sudeste;UTE;PERFIL
2026-09-25;2026-09-26;2026-09-26 11:00:00;11:00:00;3196,675;1;SE;Sudeste;UTE;PERFIL
2026-09-25;2026-09-26;2026-09-26 11:30:00;11:30:00;3196,203;1;SE;Sudeste;UTE;PERFIL
2026-09-25;2026-09-26;2026-09-26 12:00:00;12:00:00;3195,956;1;SE;Sudeste;UTE;PERFIL
2026-09-25;2026-09-26;2026-09-26 12:30:00;12:30:00;3196,921;1;SE;Sudeste;UTE;PERFIL
2026-09-25;2026-09-26;2026-09-26 13:00:00;13:00:00;3197,273;1;SE;Sudeste;UTE;PERFIL
2026-09-25;2026-09-26;2026-09-26 13:30:00;13:30:00;3189,934;1;SE;Sudeste;UTE;PERFIL
2026-09-25;2026-09-26;2026-09-26 14:00:00;14:00:00;3185,201;1;SE;Sudeste;UTE;PERFIL
2026-09-25;2026-09-26;2026-09-26 14:30:00;14:30:00;3192,608;1;SE;Sudeste;UTE;PERFIL
2026-09-25;2026-09-26;2026-09-26 15:00:00;15:00:00;3199,314;1;SE;Sudeste;UTE;PERFIL
2026-09-25;2026-09-26;2026-09-26 15:30:00;15:30:00;3200,298;1;SE;Sudeste;UTE;PERFIL
2026-09-25;2026-09-26;2026-09-26 16:00:00;16:00:00;3202,617;1;SE;Sudeste;UTE;PERFIL
2026-09-25;2026-09-26;2026-09-26 16:30:00;16:30:00;3206,179;1;SE;Sudeste;UTE;PERFIL
2026-09-25;2026-09-26;2026-09-26 17:00:00;17:00:00;3212,129;1;SE;Sudeste;UTE;PERFIL
2026-09-25;2026-09-26;2026-09-26 17:30:00;17:30:00;3215,794;1;SE;Sudeste;UTE;PERFIL
2026-09-25;2026-09-26;2026-09-26 18:00:00;18:00:00;3219,319;1;SE;Sudeste;UTE;PERFIL
2026-09-25;2026-09-26;2026-09-26 18:30:00;18:30:00;3225,88;1;SE;Sudeste;UTE;PERFIL
2026-09-25;2026-09-26;2026-09-26 19:00:00;19:00:00;3233,325;1;SE;Sudeste;UTE;PERFIL
2026-09-25;2026-09-26;2026-09-26 19:30:00;19:30:00;3247,433;1;SE;Sudeste;UTE;PERFIL
2026-09-25;2026-09-26;2026-09-26 20:00:00;20:00:00;3260,686;1;SE;Sudeste;UTE;PERFIL
2026-09-25;2026-09-26;2026-09-26 20:30:00;20:30:00;3266,461;1;SE;Sudeste;UTE;PERFIL
2026-09-25;2026-09-26;2026-09-26 21:00:00;21:00:00;3269,485;1;SE;Sudeste;UTE;PERFIL
2026-09-25;2026-09-26;2026-09-26 21:30:00;21:30:00;3273,933;1;SE;Sudeste;UTE;PERFIL
2026-09-25;2026-09-26;2026-09-26 22:00:00;22:00:00;3279,09;1;SE;Sudeste;UTE;PERFIL
2026-09-25;2026-09-26;2026-09-26 22:30:00;22:30:00;3285,183;1;SE;Sudeste;UTE;PERFIL
2026-09-25;2026-09-26;2026-09-26 23:00:00;23:00:00;3291,944;1;SE;Sudeste;UTE;PERFIL
2026-09-25;2026-09-26;2026-09-26 23:30:00;23:30:00;3298,281;1;SE;Sudeste;UTE;PERFIL
2026-09-25;2026-09-27;2026-09-27 00:00:00;00:00:00;3293,172;1;SE;Sudeste;UTE;PERFIL
2026-09-25;2026-09-27;2026-09-27 00:30:00;00:30:00;3297,88;1;SE;Sudeste;UTE;PERFIL
2026-09-25;2026-09-27;2026-09-27 01:00:00;01:00:00;3302,337;1;SE;Sudeste;UTE;PERFIL
2026-09-25;2026-09-27;2026-09-27 01:30:00;01:30:00;3305,295;1;SE;Sudeste;UTE;PERFIL
2026-09-25;2026-09-27;2026-09-27 02:00:00;02:00:00;3307,33;1;SE;Sudeste;UTE;PERFIL
2026-09-25;2026-09-27;2026-09-27 02:30:00;02:30:00;3310,963;1;SE;Sudeste;UTE;PERFIL
2026-09-25;2026-09-27;2026-09-27 03:00:00;03:00:00;3312,618;1;SE;Sudeste;UTE;PERFIL
2026-09-25;2026-09-27;2026-09-27 03:30:00;03:30:00;3312,816;1;SE;Sudeste;UTE;PERFIL
2026-09-25;2026-09-27;2026-09-27 04:00:00;04:00:00;3313,164;1;SE;Sudeste;UTE;PERFIL
2026-09-25;2026-09-27;2026-09-27 04:30:00;04:30:00;3315,859;1;SE;Sudeste;UTE;PERFIL
2026-09-25;2026-09-27;2026-09-27 05:00:00;05:00:00;3317,31;1;SE;Sudeste;UTE;PERFIL
2026-09-25;2026-09-27;2026-09-27 05:30:00;05:30:00;3311,388;1;SE;Sudeste;UTE;PERFIL
2026-09-25;2026-09-27;2026-09-27 06:00:00;06:00:00;3303,657;1;SE;Sudeste;UTE;PERFIL
2026-09-25;2026-09-27;2026-09-27 06:30:00;06:30:00;3298,727;1;SE;Sudeste;UTE;PERFIL
2026-09-25;2026-09-27;2026-09-27 07:00:00;07:00:00;3291,778;1;SE;Sudeste;UTE;PERFIL
2026-09-25;2026-09-27;2026-09-27 07:30:00;07:30:00;3275,436;1;SE;Sudeste;UTE;PERFIL
2026-09-25;2026-09-27;2026-09-27 08:00:00;08:00:00;3253,375;1;SE;Sudeste;UTE;PERFIL
2026-09-25;2026-09-27;2026-09-27 08:30:00;08:30:00;3233,243;1;SE;Sudeste;UTE;PERFIL
2026-09-25;2026-09-27;2026-09-27 09:00:00;09:00:00;3215,468;1;SE;Sudeste;UTE;PERFIL
2026-09-25;2026-09-27;2026-09-27 09:30:00;09:30:00;3207,624;1;SE;Sudeste;UTE;PERFIL
2026-09-25;2026-09-27;2026-09-27 10:00:00;10:00:00;3205,403;1;SE;Sudeste;UTE;PERFIL
2026-09-25;2026-09-27;2026-09-27 10:30:00;10:30:00;3201,036;1;SE;Sudeste;UTE;PERFIL
2026-09-25;2026-09-27;2026-09-27 11:00:00;11:00:00;3196,675;1;SE;Sudeste;UTE;PERFIL
2026-09-25;2026-09-27;2026-09-27 11:30:00;11:30:00;3196,203;1;SE;Sudeste;UTE;PERFIL
2026-09-25;2026-09-27;2026-09-27 12:00:00;12:00:00;3195,956;1;SE;Sudeste;UTE;PERFIL
2026-09-25;2026-09-27;2026-09-27 12:30:00;12:30:00;3196,921;1;SE;Sudeste;UTE;PERFIL
2026-09-25;2026-09-27;2026-09-27 13:00:00;13:00:00;3197,273;1;SE;Sudeste;UTE;PERFIL
2026-09-25;2026-09-27;2026-09-27 13:30:00;13:30:00;3189,934;1;SE;Sudeste;UTE;PERFIL
2026-09-25;2026-09-27;2026-09-27 14:00:00;14:00:00;3185,201;1;SE;Sudeste;UTE;PERFIL
2026-09-25;2026-09-27;2026-09-27 14:30:00;14:30:00;3192,608;1;SE;Sudeste;UTE;PERFIL
2026-09-25;2026-09-27;2026-09-27 15:00:00;15:00:00;3199,314;1;SE;Sudeste;UTE;PERFIL
2026-09-25;2026-09-27;2026-09-27 15:30:00;15:30:00;3200,298;1;SE;Sudeste;UTE;PERFIL
2026-09-25;2026-09-27;2026-09-27 16:00:00;16:00:00;3202,617;1;SE;Sudeste;UTE;PERFIL
2026-09-25;2026-09-27;2026-09-27 16:30:00;16:30:00;3206,179;1;SE;Sudeste;UTE;PERFIL
2026-09-25;2026-09-27;2026-09-27 17:00:00;17:00:00;3212,129;1;SE;Sudeste;UTE;PERFIL
2026-09-25;2026-09-27;2026-09-27 17:30:00;17:30:00;3215,794;1;SE;Sudeste;UTE;PERFIL
2026-09-25;2026-09-27;2026-09-27 18:00:00;18:00:00;3219,319;1;SE;Sudeste;UTE;PERFIL
2026-09-25;2026-09-27;2026-09-27 18:30:00;18:30:00;3225,88;1;SE;Sudeste;UTE;PERFIL
2026-09-25;2026-09-27;2026-09-27 19:00:00;19:00:00;3233,325;1;SE;Sudeste;UTE;PERFIL
2026-09-25;2026-09-27;2026-09-27 19:30:00;19:30:00;3247,433;1;SE;Sudeste;UTE;PERFIL
2026-09-25;2026-09-27;2026-09-27 20:00:00;20:00:00;3260,686;1;SE;Sudeste;UTE;PERFIL
2026-09-25;2026-09-27;2026-09-27 20:30:00;20:30:00;3266,461;1;SE;Sudeste;UTE;PERFIL
2026-09-25;2026-09-27;2026-09-27 21:00:00;21:00:00;3269,485;1;SE;Sudeste;UTE;PERFIL
2026-09-25;2026-09-27;2026-09-27 21:30:00;21:30:00;3273,933;1;SE;Sudeste;UTE;PERFIL
2026-09-25;2026-09-27;2026-09-27 22:00:00;22:00:00;3279,09;1;SE;Sudeste;UTE;PERFIL
2026-09-25;2026-09-27;2026-09-27 22:30:00;22:30:00;3285,183;1;SE;Sudeste;UTE;PERFIL
2026-09-25;2026-09-27;2026-09-27 23:00:00;23:00:00;3291,944;1;SE;Sudeste;UTE;PERFIL
2026-09-25;2026-09-27;2026-09-27 23:30:00;23:30:00;3298,281;1;SE;Sudeste;UTE;PERFIL
2026-09-25;2026-09-28;2026-09-28 00:00:00;00:00:00;3293,172;1;SE;Sudeste;UTE;PERFIL
2026-09-25;2026-09-28;2026-09-28 00:30:00;00:30:00;3297,88;1;SE;Sudeste;UTE;PERFIL
2026-09-25;2026-09-28;2026-09-28 01:00:00;01:00:00;3302,337;1;SE;Sudeste;UTE;PERFIL
2026-09-25;2026-09-28;2026-09-28 01:30:00;01:30:00;3305,295;1;SE;Sudeste;UTE;PERFIL
2026-09-25;2026-09-28;2026-09-28 02:00:00;02:00:00;3307,33;1;SE;Sudeste;UTE;PERFIL
2026-09-25;2026-09-28;2026-09-28 02:30:00;02:30:00;3310,963;1;SE;Sudeste;UTE;PERFIL
2026-09-25;2026-09-28;2026-09-28 03:00:00;03:00:00;3312,618;1;SE;Sudeste;UTE;PERFIL
2026-09-25;2026-09-28;2026-09-28 03:30:00;03:30:00;3312,816;1;SE;Sudeste;UTE;PERFIL
2026-09-25;2026-09-28;2026-09-28 04:00:00;04:00:00;3313,164;1;SE;Sudeste;UTE;PERFIL
2026-09-25;2026-09-28;2026-09-28 04:30:00;04:30:00;3315,859;1;SE;Sudeste;UTE;PERFIL
2026-09-25;2026-09-28;2026-09-28 05:00:00;05:00:00;3317,31;1;SE;Sudeste;UTE;PERFIL
2026-09-25;2026-09-28;2026-09-28 05:30:00;05:30:00;3311,388;1;SE;Sudeste;UTE;PERFIL
2026-09-25;2026-09-28;2026-09-28 06:00:00;06:00:00;3303,657;1;SE;Sudeste;UTE;PERFIL
2026-09-25;2026-09-28;2026-09-28 06:30:00;06:30:00;3298,727;1;SE;Sudeste;UTE;PERFIL
2026-09-25;2026-09-28;2026-09-28 07:00:00;07:00:00;3291,778;1;SE;Sudeste;UTE;PERFIL
2026-09-25;2026-09-28;2026-09-28 07:30:00;07:30:00;3275,436;1;SE;Sudeste;UTE;PERFIL
2026-09-25;2026-09-28;2026-09-28 08:00:00;08:00:00;3253,375;1;SE;Sudeste;UTE;PERFIL
2026-09-25;2026-09-28;2026-09-28 08:30:00;08:30:00;3233,243;1;SE;Sudeste;UTE;PERFIL
2026-09-25;2026-09-28;2026-09-28 09:00:00;09:00:00;3215,468;1;SE;Sudeste;UTE;PERFIL
2026-09-25;2026-09-28;2026-09-28 09:30:00;09:30:00;3207,624;1;SE;Sudeste;UTE;PERFIL
2026-09-25;2026-09-28;2026-09-28 10:00:00;10:00:00;3205,403;1;SE;Sudeste;UTE;PERFIL
2026-09-25;2026-09-28;2026-09-28 10:30:00;10:30:00;3201,036;1;SE;Sudeste;UTE;PERFIL
2026-09-25;2026-09-28;2026-09-28 11:00:00;11:00:00;3196,675;1;SE;Sudeste;UTE;PERFIL
2026-09-25;2026-09-28;2026-09-28 11:30:00;11:30:00;3196,203;1;SE;Sudeste;UTE;PERFIL
2026-09-25;2026-09-28;2026-09-28 12:00:00;12:00:00;3195,956;1;SE;Sudeste;UTE;PERFIL
2026-09-25;2026-09-28;2026-09-28 12:30:00;12:30:00;3196,921;1;SE;Sudeste;UTE;PERFIL
2026-09-25;2026-09-28;2026-09-28 13:00:00;13:00:00;3197,273;1;SE;Sudeste;UTE;PERFIL
2026-09-25;2026-09-28;2026-09-28 13:30:00;13:30:00;3189,934;1;SE;Sudeste;UTE;PERFIL
2026-09-25;2026-09-28;2026-09-28 14:00:00;14:00:00;3185,201;1;SE;Sudeste;UTE;PERFIL
2026-09-25;2026-09-28;2026-09-28 14:30:00;14:30:00;3192,608;1;SE;Sudeste;UTE;PERFIL
2026-09-25;2026-09-28;2026-09-28 15:00:00;15:00:00;3199,314;1;SE;Sudeste;UTE;PERFIL
2026-09-25;2026-09-28;2026-09-28 15:30:00;15:30:00;3200,298;1;SE;Sudeste;UTE;PERFIL
2026-09-25;2026-09-28;2026-09-28 16:00:00;16:00:00;3202,617;1;SE;Sudeste;UTE;PERFIL
2026-09-25;2026-09-28;2026-09-28 16:30:00;16:30:00;3206,179;1;SE;Sudeste;UTE;PERFIL
2026-09-25;2026-09-28;2026-09-28 17:00:00;17:00:00;3212,129;1;SE;Sudeste;UTE;PERFIL
2026-09-25;2026-09-28;2026-09-28 17:30:00;17:30:00;3215,794;1;SE;Sudeste;UTE;PERFIL
2026-09-25;2026-09-28;2026-09-28 18:00:00;18:00:00;3219,319;1;SE;Sudeste;UTE;PERFIL
2026-09-25;2026-09-28;2026-09-28 18:30:00;18:30:00;3225,88;1;SE;Sudeste;UTE;PERFIL
2026-09-25;2026-09-28;2026-09-28 19:00:00;19:00:00;3233,325;1;SE;Sudeste;UTE;PERFIL
2026-09-25;2026-09-28;2026-09-28 19:30:00;19:30:00;3247,433;1;SE;Sudeste;UTE;PERFIL
2026-09-25;2026-09-28;2026-09-28 20:00:00;20:00:00;3260,686;1;SE;Sudeste;UTE;PERFIL
2026-09-25;2026-09-28;2026-09-28 20:30:00;20:30:00;3266,461;1;SE;Sudeste;UTE;PERFIL
2026-09-25;2026-09-28;2026-09-28 21:00:00;21:00:00;3269,485;1;SE;Sudeste;UTE;PERFIL
2026-09-25;2026-09-28;2026-09-28 21:30:00;21:30:00;3273,933;1;SE;Sudeste;UTE;PERFIL
2026-09-25;2026-09-28;2026-09-28 22:00:00;22:00:00;3279,09;1;SE;Sudeste;UTE;PERFIL
2026-09-25;2026-09-28;2026-09-28 22:30:00;22:30:00;3285,183;1;SE;Sudeste;UTE;PERFIL
2026-09-25;2026-09-28;2026-09-28 23:00:00;23:00:00;3291,944;1;SE;Sudeste;UTE;PERFIL
2026-09-25;2026-09-28;2026-09-28 23:30:00;23:30:00;3298,281;1;SE;Sudeste;UTE;PERFIL
2026-09-25;2026-09-29;2026-09-29 00:00:00;00:00:00;3293,172;1;SE;Sudeste;UTE;PERFIL
2026-09-25;2026-09-29;2026-09-29 00:30:00;00:30:00;3297,88;1;SE;Sudeste;UTE;PERFIL
2026-09-25;2026-09-29;2026-09-29 01:00:00;01:00:00;3302,337;1;SE;Sudeste;UTE;PERFIL
2026-09-25;2026-09-29;2026-09-29 01:30:00;01:30:00;3305,295;1;SE;Sudeste;UTE;PERFIL
2026-09-25;2026-09-29;2026-09-29 02:00:00;02:00:00;3307,33;1;SE;Sudeste;UTE;PERFIL
2026-09-25;2026-09-29;2026-09-29 02:30:00;02:30:00;3310,963;1;SE;Sudeste;UTE;PERFIL
2026-09-25;2026-09-29;2026-09-29 03:00:00;03:00:00;3312,618;1;SE;Sudeste;UTE;PERFIL
2026-09-25;2026-09-29;2026-09-29 03:30:00;03:30:00;3312,816;1;SE;Sudeste;UTE;PERFIL
2026-09-25;2026-09-29;2026-09-29 04:00:00;04:00:00;3313,164;1;SE;Sudeste;UTE;PERFIL
2026-09-25;2026-09-29;2026-09-29 04:30:00;04:30:00;3315,859;1;SE;Sudeste;UTE;PERFIL
2026-09-25;2026-09-29;2026-09-29 05:00:00;05:00:00;3317,31;1;SE;Sudeste;UTE;PERFIL
2026-09-25;2026-09-29;2026-09-29 05:30:00;05:30:00;3311,388;1;SE;Sudeste;UTE;PERFIL
2026-09-25;2026-09-29;2026-09-29 06:00:00;06:00:00;3303,657;1;SE;Sudeste;UTE;PERFIL
2026-09-25;2026-09-29;2026-09-29 06:30:00;06:30:00;3298,727;1;SE;Sudeste;UTE;PERFIL
2026-09-25;2026-09-29;2026-09-29 07:00:00;07:00:00;3291,778;1;SE;Sudeste;UTE;PERFIL
2026-09-25;2026-09-29;2026-09-29 07:30:00;07:30:00;3275,436;1;SE;Sudeste;UTE;PERFIL
2026-09-25;2026-09-29;2026-09-29 08:00:00;08:00:00;3253,375;1;SE;Sudeste;UTE;PERFIL
2026-09-25;2026-09-29;2026-09-29 08:30:00;08:30:00;3233,243;1;SE;Sudeste;UTE;PERFIL
2026-09-25;2026-09-29;2026-09-29 09:00:00;09:00:00;3215,468;1;SE;Sudeste;UTE;PERFIL
2026-09-25;2026-09-29;2026-09-29 09:30:00;09:30:00;3207,624;1;SE;Sudeste;UTE;PERFIL
2026-09-25;2026-09-29;2026-09-29 10:00:00;10:00:00;3205,403;1;SE;Sudeste;UTE;PERFIL
2026-09-25;2026-09-29;2026-09-29 10:30:00;10:30:00;3201,036;1;SE;Sudeste;UTE;PERFIL
2026-09-25;2026-09-29;2026-09-29 11:00:00;11:00:00;3196,675;1;SE;Sudeste;UTE;PERFIL
2026-09-25;2026-09-29;2026-09-29 11:30:00;11:30:00;3196,203;1;SE;Sudeste;UTE;PERFIL
2026-09-25;2026-09-29;2026-09-29 12:00:00;12:00:00;3195,956;1;SE;Sudeste;UTE;PERFIL
2026-09-25;2026-09-29;2026-09-29 12:30:00;12:30:00;3196,921;1;SE;Sudeste;UTE;PERFIL
2026-09-25;2026-09-29;2026-09-29 13:00:00;13:00:00;3197,273;1;SE;Sudeste;UTE;PERFIL
2026-09-25;2026-09-29;2026-09-29 13:30:00;13:30:00;3189,934;1;SE;Sudeste;UTE;PERFIL
2026-09-25;2026-09-29;2026-09-29 14:00:00;14:00:00;3185,201;1;SE;Sudeste;UTE;PERFIL
2026-09-25;2026-09-29;2026-09-29 14:30:00;14:30:00;3192,608;1;SE;Sudeste;UTE;PERFIL
2026-09-25;2026-09-29;2026-09-29 15:00:00;15:00:00;3199,314;1;SE;Sudeste;UTE;PERFIL
2026-09-25;2026-09-29;2026-09-29 15:30:00;15:30:00;3200,298;1;SE;Sudeste;UTE;PERFIL
2026-09-25;2026-09-29;2026-09-29 16:00:00;16:00:00;3202,617;1;SE;Sudeste;UTE;PERFIL
2026-09-25;2026-09-29;2026-09-29 16:30:00;16:30:00;3206,179;1;SE;Sudeste;UTE;PERFIL
2026-09-25;2026-09-29;2026-09-29 17:00:00;17:00:00;3212,129;1;SE;Sudeste;UTE;PERFIL
2026-09-25;2026-09-29;2026-09-29 17:30:00;17:30:00;3215,794;1;SE;Sudeste;UTE;PERFIL
2026-09-25;2026-09-29;2026-09-29 18:00:00;18:00:00;3219,319;1;SE;Sudeste;UTE;PERFIL
2026-09-25;2026-09-29;2026-09-29 18:30:00;18:30:00;3225,88;1;SE;Sudeste;UTE;PERFIL
2026-09-25;2026-09-29;2026-09-29 19:00:00;19:00:00;3233,325;1;SE;Sudeste;UTE;PERFIL
2026-09-25;2026-09-29;2026-09-29 19:30:00;19:30:00;3247,433;1;SE;Sudeste;UTE;PERFIL
2026-09-25;2026-09-29;2026-09-29 20:00:00;20:00:00;3260,686;1;SE;Sudeste;UTE;PERFIL
2026-09-25;2026-09-29;2026-09-29 20:30:00;20:30:00;3266,461;1;SE;Sudeste;UTE;PERFIL
2026-09-25;2026-09-29;2026-09-29 21:00:00;21:00:00;3269,485;1;SE;Sudeste;UTE;PERFIL
2026-09-25;2026-09-29;2026-09-29 21:30:00;21:30:00;3273,933;1;SE;Sudeste;UTE;PERFIL
2026-09-25;2026-09-29;2026-09-29 22:00:00;22:00:00;3279,09;1;SE;Sudeste;UTE;PERFIL
2026-09-25;2026-09-29;2026-09-29 22:30:00;22:30:00;3285,183;1;SE;Sudeste;UTE;PERFIL
2026-09-25;2026-09-29;2026-09-29 23:00:00;23:00:00;3291,944;1;SE;Sudeste;UTE;PERFIL
2026-09-25;2026-09-29;2026-09-29 23:30:00;23:30:00;3298,281;1;SE;Sudeste;UTE;PERFIL
2026-09-25;2026-09-30;2026-09-30 00:00:00;00:00:00;3293,172;1;SE;Sudeste;UTE;PERFIL
2026-09-25;2026-09-30;2026-09-30 00:30:00;00:30:00;3297,88;1;SE;Sudeste;UTE;PERFIL
2026-09-25;2026-09-30;2026-09-30 01:00:00;01:00:00;3302,337;1;SE;Sudeste;UTE;PERFIL
2026-09-25;2026-09-30;2026-09-30 01:30:00;01:30:00;3305,295;1;SE;Sudeste;UTE;PERFIL
2026-09-25;2026-09-30;2026-09-30 02:00:00;02:00:00;3307,33;1;SE;Sudeste;UTE;PERFIL
2026-09-25;2026-09-30;2026-09-30 02:30:00;02:30:00;3310,963;1;SE;Sudeste;UTE;PERFIL
2026-09-25;2026-09-30;2026-09-30 03:00:00;03:00:00;3312,618;1;SE;Sudeste;UTE;PERFIL
2026-09-25;2026-09-30;2026-09-30 03:30:00;03:30:00;3312,816;1;SE;Sudeste;UTE;PERFIL
2026-09-25;2026-09-30;2026-09-30 04:00:00;04:00:00;3313,164;1;SE;Sudeste;UTE;PERFIL
2026-09-25;2026-09-30;2026-09-30 04:30:00;04:30:00;3315,859;1;SE;Sudeste;UTE;PERFIL
2026-09-25;2026-09-30;2026-09-30 05:00:00;05:00:00;3317,31;1;SE;Sudeste;UTE;PERFIL
2026-09-25;2026-09-30;2026-09-30 05:30:00;05:30:00;3311,388;1;SE;Sudeste;UTE;PERFIL
2026-09-25;2026-09-30;2026-09-30 06:00:00;06:00:00;3303,657;1;SE;Sudeste;UTE;PERFIL
2026-09-25;2026-09-30;2026-09-30 06:30:00;06:30:00;3298,727;1;SE;Sudeste;UTE;PERFIL
2026-09-25;2026-09-30;2026-09-30 07:00:00;07:00:00;3291,778;1;SE;Sudeste;UTE;PERFIL
2026-09-25;2026-09-30;2026-09-30 07:30:00;07:30:00;3275,436;1;SE;Sudeste;UTE;PERFIL
2026-09-25;2026-09-30;2026-09-30 08:00:00;08:00:00;3253,375;1;SE;Sudeste;UTE;PERFIL
2026-09-25;2026-09-30;2026-09-30 08:30:00;08:30:00;3233,243;1;SE;Sudeste;UTE;PERFIL
2026-09-25;2026-09-30;2026-09-30 09:00:00;09:00:00;3215,468;1;SE;Sudeste;UTE;PERFIL
2026-09-25;2026-09-30;2026-09-30 09:30:00;09:30:00;3207,624;1;SE;Sudeste;UTE;PERFIL
2026-09-25;2026-09-30;2026-09-30 10:00:00;10:00:00;3205,403;1;SE;Sudeste;UTE;PERFIL
2026-09-25;2026-09-30;2026-09-30 10:30:00;10:30:00;3201,036;1;SE;Sudeste;UTE;PERFIL
2026-09-25;2026-09-30;2026-09-30 11:00:00;11:00:00;3196,675;1;SE;Sudeste;UTE;PERFIL
2026-09-25;2026-09-30;2026-09-30 11:30:00;11:30:00;3196,203;1;SE;Sudeste;UTE;PERFIL
2026-09-25;2026-09-30;2026-09-30 12:00:00;12:00:00;3195,956;1;SE;Sudeste;UTE;PERFIL
2026-09-25;2026-09-30;2026-09-30 12:30:00;12:30:00;3196,921;1;SE;Sudeste;UTE;PERFIL
2026-09-25;2026-09-30;2026-09-30 13:00:00;13:00:00;3197,273;1;SE;Sudeste;UTE;PERFIL
2026-09-25;2026-09-30;2026-09-30 13:30:00;13:30:00;3189,934;1;SE;Sudeste;UTE;PERFIL
2026-09-25;2026-09-30;2026-09-30 14:00:00;14:00:00;3185,201;1;SE;Sudeste;UTE;PERFIL
2026-09-25;2026-09-30;2026-09-30 14:30:00;14:30:00;3192,608;1;SE;Sudeste;UTE;PERFIL
2026-09-25;2026-09-30;2026-09-30 15:00:00;15:00:00;3199,314;1;SE;Sudeste;UTE;PERFIL
2026-09-25;2026-09-30;2026-09-30 15:30:00;15:30:00;3200,298;1;SE;Sudeste;UTE;PERFIL
2026-09-25;2026-09-30;2026-09-30 16:00:00;16:00:00;3202,617;1;SE;Sudeste;UTE;PERFIL
2026-09-25;2026-09-30;2026-09-30 16:30:00;16:30:00;3206,179;1;SE;Sudeste;UTE;PERFIL
2026-09-25;2026-09-30;2026-09-30 17:00:00;17:00:00;3212,129;1;SE;Sudeste;UTE;PERFIL
2026-09-25;2026-09-30;2026-09-30 17:30:00;17:30:00;3215,794;1;SE;Sudeste;UTE;PERFIL
2026-09-25;2026-09-30;2026-09-30 18:00:00;18:00:00;3219,319;1;SE;Sudeste;UTE;PERFIL
2026-09-25;2026-09-30;2026-09-30 18:30:00;18:30:00;3225,88;1;SE;Sudeste;UTE;PERFIL
2026-09-25;2026-09-30;2026-09-30 19:00:00;19:00:00;3233,325;1;SE;Sudeste;UTE;PERFIL
2026-09-25;2026-09-30;2026-09-30 19:30:00;19:30:00;3247,433;1;SE;Sudeste;UTE;PERFIL
2026-09-25;2026-09-30;2026-09-30 20:00:00;20:00:00;3260,686;1;SE;Sudeste;UTE;PERFIL
2026-09-25;2026-09-30;2026-09-30 20:30:00;20:30:00;3266,461;1;SE;Sudeste;UTE;PERFIL
2026-09-25;2026-09-30;2026-09-30 21:00:00;21:00:00;3269,485;1;SE;Sudeste;UTE;PERFIL
2026-09-25;2026-09-30;2026-09-30 21:30:00;21:30:00;3273,933;1;SE;Sudeste;UTE;PERFIL
2026-09-25;2026-09-30;2026-09-30 22:00:00;22:00:00;3279,09;1;SE;Sudeste;UTE;PERFIL
2026-09-25;2026-09-30;2026-09-30 22:30:00;22:30:00;3285,183;1;SE;Sudeste;UTE;PERFIL
2026-09-25;2026-09-30;2026-09-30 23:00:00;23:00:00;3291,944;1;SE;Sudeste;UTE;PERFIL
2026-09-25;2026-09-30;2026-09-30 23:30:00;23:30:00;3298,281;1;SE;Sudeste;UTE;PERFIL
2026-09-25;2026-10-01;2026-10-01 00:00:00;00:00:00;3293,172;1;SE;Sudeste;UTE;PERFIL
2026-09-25;2026-10-01;2026-10-01 00:30:00;00:30:00;3297,88;1;SE;Sudeste;UTE;PERFIL
2026-09-25;2026-10-01;2026-10-01 01:00:00;01:00:00;3302,337;1;SE;Sudeste;UTE;PERFIL
2026-09-25;2026-10-01;2026-10-01 01:30:00;01:30:00;3305,295;1;SE;Sudeste;UTE;PERFIL
2026-09-25;2026-10-01;2026-10-01 02:00:00;02:00:00;3307,33;1;SE;Sudeste;UTE;PERFIL
2026-09-25;2026-10-01;2026-10-01 02:30:00;02:30:00;3310,963;1;SE;Sudeste;UTE;PERFIL
2026-09-25;2026-10-01;2026-10-01 03:00:00;03:00:00;3312,618;1;SE;Sudeste;UTE;PERFIL
2026-09-25;2026-10-01;2026-10-01 03:30:00;03:30:00;3312,816;1;SE;Sudeste;UTE;PERFIL
2026-09-25;2026-10-01;2026-10-01 04:00:00;04:00:00;3313,164;1;SE;Sudeste;UTE;PERFIL
2026-09-25;2026-10-01;2026-10-01 04:30:00;04:30:00;3315,859;1;SE;Sudeste;UTE;PERFIL
2026-09-25;2026-10-01;2026-10-01 05:00:00;05:00:00;3317,31;1;SE;Sudeste;UTE;PERFIL
2026-09-25;2026-10-01;2026-10-01 05:30:00;05:30:00;3311,388;1;SE;Sudeste;UTE;PERFIL
2026-09-25;2026-10-01;2026-10-01 06:00:00;06:00:00;3303,657;1;SE;Sudeste;UTE;PERFIL
2026-09-25;2026-10-01;2026-10-01 06:30:00;06:30:00;3298,727;1;SE;Sudeste;UTE;PERFIL
2026-09-25;2026-10-01;2026-10-01 07:00:00;07:00:00;3291,778;1;SE;Sudeste;UTE;PERFIL
2026-09-25;2026-10-01;2026-10-01 07:30:00;07:30:00;3275,436;1;SE;Sudeste;UTE;PERFIL
2026-09-25;2026-10-01;2026-10-01 08:00:00;08:00:00;3253,375;1;SE;Sudeste;UTE;PERFIL
2026-09-25;2026-10-01;2026-10-01 08:30:00;08:30:00;3233,243;1;SE;Sudeste;UTE;PERFIL
2026-09-25;2026-10-01;2026-10-01 09:00:00;09:00:00;3215,468;1;SE;Sudeste;UTE;PERFIL
2026-09-25;2026-10-01;2026-10-01 09:30:00;09:30:00;3207,624;1;SE;Sudeste;UTE;PERFIL
2026-09-25;2026-10-01;2026-10-01 10:00:00;10:00:00;3205,403;1;SE;Sudeste;UTE;PERFIL
2026-09-25;2026-10-01;2026-10-01 10:30:00;10:30:00;3201,036;1;SE;Sudeste;UTE;PERFIL
2026-09-25;2026-10-01;2026-10-01 11:00:00;11:00:00;3196,675;1;SE;Sudeste;UTE;PERFIL
2026-09-25;2026-10-01;2026-10-01 11:30:00;11:30:00;3196,203;1;SE;Sudeste;UTE;PERFIL
2026-09-25;2026-10-01;2026-10-01 12:00:00;12:00:00;3195,956;1;SE;Sudeste;UTE;PERFIL
2026-09-25;2026-10-01;2026-10-01 12:30:00;12:30:00;3196,921;1;SE;Sudeste;UTE;PERFIL
2026-09-25;2026-10-01;2026-10-01 13:00:00;13:00:00;3197,273;1;SE;Sudeste;UTE;PERFIL
2026-09-25;2026-10-01;2026-10-01 13:30:00;13:30:00;3189,934;1;SE;Sudeste;UTE;PERFIL
2026-09-25;2026-10-01;2026-10-01 14:00:00;14:00:00;3185,201;1;SE;Sudeste;UTE;PERFIL
2026-09-25;2026-10-01;2026-10-01 14:30:00;14:30:00;3192,608;1;SE;Sudeste;UTE;PERFIL
2026-09-25;2026-10-01;2026-10-01 15:00:00;15:00:00;3199,314;1;SE;Sudeste;UTE;PERFIL
2026-09-25;2026-10-01;2026-10-01 15:30:00;15:30:00;3200,298;1;SE;Sudeste;UTE;PERFIL
2026-09-25;2026-10-01;2026-10-01 16:00:00;16:00:00;3202,617;1;SE;Sudeste;UTE;PERFIL
2026-09-25;2026-10-01;2026-10-01 16:30:00;16:30:00;3206,179;1;SE;Sudeste;UTE;PERFIL
2026-09-25;2026-10-01;2026-10-01 17:00:00;17:00:00;3212,129;1;SE;Sudeste;UTE;PERFIL
2026-09-25;2026-10-01;2026-10-01 17:30:00;17:30:00;3215,794;1;SE;Sudeste;UTE;PERFIL
2026-09-25;2026-10-01;2026-10-01 18:00:00;18:00:00;3219,319;1;SE;Sudeste;UTE;PERFIL
2026-09-25;2026-10-01;2026-10-01 18:30:00;18:30:00;3225,88;1;SE;Sudeste;UTE;PERFIL
2026-09-25;2026-10-01;2026-10-01 19:00:00;19:00:00;3233,325;1;SE;Sudeste;UTE;PERFIL
2026-09-25;2026-10-01;2026-10-01 19:30:00;19:30:00;3247,433;1;SE;Sudeste;UTE;PERFIL
2026-09-25;2026-10-01;2026-10-01 20:00:00;20:00:00;3260,686;1;SE;Sudeste;UTE;PERFIL
2026-09-25;2026-10-01;2026-10-01 20:30:00;20:30:00;3266,461;1;SE;Sudeste;UTE;PERFIL
2026-09-25;2026-10-01;2026-10-01 21:00:00;21:00:00;3269,485;1;SE;Sudeste;UTE;PERFIL
2026-09-25;2026-10-01;2026-10-01 21:30:00;21:30:00;3273,933;1;SE;Sudeste;UTE;PERFIL
2026-09-25;2026-10-01;2026-10-01 22:00:00;22:00:00;3279,09;1;SE;Sudeste;UTE;PERFIL
2026-09-25;2026-10-01;2026-10-01 22:30:00;22:30:00;3285,183;1;SE;Sudeste;UTE;PERFIL
2026-09-25;2026-10-01;2026-10-01 23:00:00;23:00:00;3291,944;1;SE;Sudeste;UTE;PERFIL
2026-09-25;2026-10-01;2026-10-01 23:30:00;23:30:00;3298,281;1;SE;Sudeste;UTE;PERFIL
2026-09-25;2026-10-02;2026-10-02 00:00:00;00:00:00;3293,172;1;SE;Sudeste;UTE;PERFIL
2026-09-25;2026-10-02;2026-10-02 00:30:00;00:30:00;3297,88;1;SE;Sudeste;UTE;PERFIL
2026-09-25;2026-10-02;2026-10-02 01:00:00;01:00:00;3302,337;1;SE;Sudeste;UTE;PERFIL
2026-09-25;2026-10-02;2026-10-02 01:30:00;01:30:00;3305,295;1;SE;Sudeste;UTE;PERFIL
2026-09-25;2026-10-02;2026-10-02 02:00:00;02:00:00;3307,33;1;SE;Sudeste;UTE;PERFIL
2026-09-25;2026-10-02;2026-10-02 02:30:00;02:30:00;3310,963;1;SE;Sudeste;UTE;PERFIL
2026-09-25;2026-10-02;2026-10-02 03:00:00;03:00:00;3312,618;1;SE;Sudeste;UTE;PERFIL
2026-09-25;2026-10-02;2026-10-02 03:30:00;03:30:00;3312,816;1;SE;Sudeste;UTE;PERFIL
2026-09-25;2026-10-02;2026-10-02 04:00:00;04:00:00;3313,164;1;SE;Sudeste;UTE;PERFIL
2026-09-25;2026-10-02;2026-10-02 04:30:00;04:30:00;3315,859;1;SE;Sudeste;UTE;PERFIL
2026-09-25;2026-10-02;2026-10-02 05:00:00;05:00:00;3317,31;1;SE;Sudeste;UTE;PERFIL
2026-09-25;2026-10-02;2026-10-02 05:30:00;05:30:00;3311,388;1;SE;Sudeste;UTE;PERFIL
2026-09-25;2026-10-02;2026-10-02 06:00:00;06:00:00;3303,657;1;SE;Sudeste;UTE;PERFIL
2026-09-25;2026-10-02;2026-10-02 06:30:00;06:30:00;3298,727;1;SE;Sudeste;UTE;PERFIL
2026-09-25;2026-10-02;2026-10-02 07:00:00;07:00:00;3291,778;1;SE;Sudeste;UTE;PERFIL
2026-09-25;2026-10-02;2026-10-02 07:30:00;07:30:00;3275,436;1;SE;Sudeste;UTE;PERFIL
2026-09-25;2026-10-02;2026-10-02 08:00:00;08:00:00;3253,375;1;SE;Sudeste;UTE;PERFIL
2026-09-25;2026-10-02;2026-10-02 08:30:00;08:30:00;3233,243;1;SE;Sudeste;UTE;PERFIL
2026-09-25;2026-10-02;2026-10-02 09:00:00;09:00:00;3215,468;1;SE;Sudeste;UTE;PERFIL
2026-09-25;2026-10-02;2026-10-02 09:30:00;09:30:00;3207,624;1;SE;Sudeste;UTE;PERFIL
2026-09-25;2026-10-02;2026-10-02 10:00:00;10:00:00;3205,403;1;SE;Sudeste;UTE;PERFIL
2026-09-25;2026-10-02;2026-10-02 10:30:00;10:30:00;3201,036;1;SE;Sudeste;UTE;PERFIL
2026-09-25;2026-10-02;2026-10-02 11:00:00;11:00:00;3196,675;1;SE;Sudeste;UTE;PERFIL
2026-09-25;2026-10-02;2026-10-02 11:30:00;11:30:00;3196,203;1;SE;Sudeste;UTE;PERFIL
2026-09-25;2026-10-02;2026-10-02 12:00:00;12:00:00;3195,956;1;SE;Sudeste;UTE;PERFIL
2026-09-25;2026-10-02;2026-10-02 12:30:00;12:30:00;3196,921;1;SE;Sudeste;UTE;PERFIL
2026-09-25;2026-10-02;2026-10-02 13:00:00;13:00:00;3197,273;1;SE;Sudeste;UTE;PERFIL
2026-09-25;2026-10-02;2026-10-02 13:30:00;13:30:00;3189,934;1;SE;Sudeste;UTE;PERFIL
2026-09-25;2026-10-02;2026-10-02 14:00:00;14:00:00;3185,201;1;SE;Sudeste;UTE;PERFIL
2026-09-25;2026-10-02;2026-10-02 14:30:00;14:30:00;3192,608;1;SE;Sudeste;UTE;PERFIL
2026-09-25;2026-10-02;2026-10-02 15:00:00;15:00:00;3199,314;1;SE;Sudeste;UTE;PERFIL
2026-09-25;2026-10-02;2026-10-02 15:30:00;15:30:00;3200,298;1;SE;Sudeste;UTE;PERFIL
2026-09-25;2026-10-02;2026-10-02 16:00:00;16:00:00;3202,617;1;SE;Sudeste;UTE;PERFIL
2026-09-25;2026-10-02;2026-10-02 16:30:00;16:30:00;3206,179;1;SE;Sudeste;UTE;PERFIL
2026-09-25;2026-10-02;2026-10-02 17:00:00;17:00:00;3212,129;1;SE;Sudeste;UTE;PERFIL
2026-09-25;2026-10-02;2026-10-02 17:30:00;17:30:00;3215,794;1;SE;Sudeste;UTE;PERFIL
2026-09-25;2026-10-02;2026-10-02 18:00:00;18:00:00;3219,319;1;SE;Sudeste;UTE;PERFIL
2026-09-25;2026-10-02;2026-10-02 18:30:00;18:30:00;3225,88;1;SE;Sudeste;UTE;PERFIL
2026-09-25;2026-10-02;2026-10-02 19:00:00;19:00:00;3233,325;1;SE;Sudeste;UTE;PERFIL
2026-09-25;2026-10-02;2026-10-02 19:30:00;19:30:00;3247,433;1;SE;Sudeste;UTE;PERFIL
2026-09-25;2026-10-02;2026-10-02 20:00:00;20:00:00;3260,686;1;SE;Sudeste;UTE;PERFIL
2026-09-25;2026-10-02;2026-10-02 20:30:00;20:30:00;3266,461;1;SE;Sudeste;UTE;PERFIL
2026-09-25;2026-10-02;2026-10-02 21:00:00;21:00:00;3269,485;1;SE;Sudeste;UTE;PERFIL
2026-09-25;2026-10-02;2026-10-02 21:30:00;21:30:00;3273,933;1;SE;Sudeste;UTE;PERFIL
2026-09-25;2026-10-02;2026-10-02 22:00:00;22:00:00;3279,09;1;SE;Sudeste;UTE;PERFIL
2026-09-25;2026-10-02;2026-10-02 22:30:00;22:30:00;3285,183;1;SE;Sudeste;UTE;PERFIL
2026-09-25;2026-10-02;2026-10-02 23:00:00;23:00:00;3291,944;1;SE;Sudeste;UTE;PERFIL
2026-09-25;2026-10-02;2026-10-02 23:30:00;23:30:00;3298,281;1;SE;Sudeste;UTE;PERFIL
